:020000041000EA
:1000000000B5324B212058609868022188439860DF
:10001000D860186158612E4B002199600221596106
:100020000121F02299502B49196001219960352056
:1000300000F044F80222904214D00621196600F024
:1000400034F8196E01211966002018661A6600F04E
:100050002CF8196E196E196E052000F02FF8012189
:100060000842F9D1002199601B49196000215960AB
:100070001A491B48016001219960EB211966A021F2
:10008000196600F012F800219960164914480160C1
:100090000121996001BC002800D000471248134993
:1000A000086003C880F30888084703B5996A0420EC
:1000B0000142FBD001200142F8D103BD02B5186610
:1000C0001866FFF7F2FF186E186E02BD00000240BE
:1000D000000000180000070000035F00212200005C
:1000E000F4000018222000A00001001008ED00E03C
:1000F00000000000000000000000000074B24E7A12
:1001000000200420F7010010C3010010C5010010F9
:10011000C1010010C1010010C1010010C101001097
:10012000C1010010C1010010C1010010C701001081
:10013000C1010010C1010010C9010010CB01001065
:10014000CD010010CD010010CD010010CD01001037
:10015000CD010010CD010010CD010010CD01001027
:10016000CD010010CD010010CD010010CD01001017
:10017000CD010010CD010010CD010010CD01001007
:10018000CD010010CD010010CD010010CD010010F7
:10019000CD010010CD010010CD010010CD010010E7
:1001A000CD010010CD010010CD010010CD010010D7
:1001B000CD010010CD010010CD010010CD010010C7
:1001C00000BE00BE00BE00BE00BE00BEEFF3058054
:1001D000103800BEF2EB887164A2001090A20010EB
:1001E0003402001090A31AE700201F49086006C8D7
:1001F00081F3088810471D48006800282FD10DA4FE
:100200000ECC002902D000F012F8F9E71849194A7B
:10021000002000E001C19142FCD1174988471749ED
:1002200088471749884700BEFDE701C901C29A42C5
:10023000FBD3704790A20010C0000020501800208F
:1002400020BA0010000004200000042020BA001092
:10025000001004200010042000000000704709482E
:1002600004F022FA0047000008ED00E0000000D092
:100270005018002078260020692F00100503001078
:10028000913000105756000006005250ABB3605337
:1002900000A0001006005250861C030210A000109F
:1002A000060052505422A29D2CA00010050052506E
:1002B000DE65F46820BA0010F8B5C04610B5064CEB
:1002C0002378002B07D1054B002B02D0044800E017
:1002D00000BF0123237010BD581B00200000000048
:1002E00090960010044B10B5002B03D0034904482E
:1002F00000E000BF10BDC046000000005C1B0020F5
:1003000090960010F0B5DE4657464E464546E0B59D
:10031000A5B006F081F902E0642001F0CDFF06F0FF
:10032000C5FB0028F8D0B84806F0C8F8B74806F072
:10033000C5F8B74806F0C2F8B649B74808F0ECFB74
:100340000121122001F08AF80121132001F086F822
:100350000121102001F082F8112001F0EFF8D026E1
:10036000802336069B02736205207361984601F074
:10037000E5F82023A9487362736101F09DFF4022D4
:10038000002114A805F030FF0123059314AB04935A
:1003900010AB03931223A24C0193023306220021D7
:1003A000A04802940093073300F09EFDA920C000EE
:1003B00000F05CF909909C4806F080F89B4806F034
:1003C0007DF800F049FA2021342304AA5218137052
:1003D000434601220CA9B3618F4809F019F943463D
:1003E0000A20736101F068FF914806F067F89148B0
:1003F00006F064F8002308938F4B07949A460BACE1
:100400000AAF36232370434601222100B36182489C
:1004100009F0FEF8434673613A23237043460122F4
:100420002100B3617C4809F0F3F84346736134233B
:100430002370434601222100B361774809F0E8F8B0
:1004400043460520736101F037FF002314259946C8
:100450009B4608E05B08483B0120013D994401F0C0
:100460002BFF002D1CD0F4233B805B4623804346AA
:100470002200B36139000223674809F0D9F84346E6
:1004800001227361A2566378002AE3DAFF3B5B1016
:10049000483B0120013D994401F00EFF002DE2D1BF
:1004A0001421484604F032F905B22900634806F0E9
:1004B000A7F85B4B9946079B4B4500D186E0363544
:1004C00000DA91E05E4805F0F9FF4B46079319000A
:1004D0005C489B4606F094F801229146514D2B68EA
:1004E000280093432B6008F05DFA4B46059314AB4C
:1004F000049310AB03935B460293122301930233E0
:100500000622002128000093073300F0EDFC0A20AA
:1005100001F0D2FE002308933623237043462100C6
:10052000B36101223C4809F073F843460CA873619B
:1005300001220E2100F028F9434B50461978099A00
:1005400000F04CF950460CA90E220A3005F052FE7C
:1005500053461B683D4A1BBA136053465B68012033
:100560001BBA536053469B681BBA93605346DB68C3
:100570001BBAD36053461B691BBA136153465B69B0
:100580001BBA536101F098FE0623304A002125482A
:1005900000F026FE079804F0C5FB02000B000020C7
:1005A0002B4904F034FB04F0E7FC0022294B04F053
:1005B00025FB04F0F7FB01F07FFE234B224A1B785A
:1005C000FA200133137001F077FE1AE7463514DA8A
:1005D000089B0133DBB20893022B09D91E4805F0B2
:1005E0006DFF1E4B079372E71D4805F067FF93E709
:1005F00019001C4806F004F88EE71B4805F05EFF62
:100600000023089388E7C04690960010BC9600101F
:10061000E4960010404B4C0000C0034088130000DB
:10062000A086010000002050109700106097001075
:1006300090970010F4970010F025002014980010F7
:1006400098980010D89800107426002008210020E7
:100650000070E740000008402898001050C30000D8
:10066000BC9800104C9800107C980010034B9842E6
:1006700001D0034870470348FCE7C046C4090000A6
:10068000D80E0020E40E0020304AF8B51388002B65
:100690000CD1022313802E4B2E4A2F4C2F4D1A6063
:1006A0002000290004F07EFB80B2F8BD2C4C2849C4
:1006B000A44608682B4E02337043604446436644A8
:1006C00013800E6004F02EFB274A284B04F09FFA9B
:1006D00004F0ACFBC02300221B0604F0B6FA04F0C1
:1006E00079FB040030000D0004F01CFB1E4A1F4B78
:1006F00004F08DFA1E4A1F4B04F0A7FA04F080FBA9
:1007000006000F000022200029001B4B04F09DFA78
:1007100032003B0004F099FA0022184B04F06EFA04
:100720008022174B120604000D0004F0E7FA00289F
:1007300001D01448B9E7002300222000290004F06A
:10074000C7FA03000020002BAFD1A9E76A260020DA
:10075000F00E0020873F578522D100EF6B5DB3403C
:100760005FF36E3C0D6619000000E0FFFFFFEF41F4
:10077000182D4454FB21194000FC9F4000FFBF404E
:10078000FFFF4F41FFFF0000F8B501231C000500EB
:100790000E0017000C400B4215D1002A10D0022485
:1007A0000C4A13881B0A2B7013886B70A64209D958
:1007B000FFF76AFF030A2B552B1902345870E4B275
:1007C000A642F5D8F8BD044805F01AFF002FE6D17F
:1007D0000024EDE76A26002044990010030013432B
:1007E0009B070BD1531CC31A022B07D91368036054
:1007F000536843600F23037241727047137803708C
:100800005378437093788370D378C37013790371EE
:100810005379437193798371D379C371EAE7C04601
:1008200000B583B0152801D003B000BD042909D05C
:100830000829F9D16B46D91D012306480B7002F037
:10084000FDF8F1E76B46D91D022302480B7002F058
:10085000F5F8E9E7D0210020302370B582B001AD72
:100860002B70C046C046C046D02480262406B6025F
:10087000A661C046C046C046012229002F4808F0A4
:10088000C7FEC046C046C0466661C046C046C046B8
:10089000012001F011FD6420002101F0FBFC362352
:1008A0002B70C046C046C046A661C046C046C04682
:1008B00001222900214808F0ABFEC046C046C046D0
:1008C0006661C046C046C046012001F0F5FCC04646
:1008D000C046C046A661C046C046C046184C260069
:1008E0002836238802222900144802342B8008F07D
:1008F0008FFEB442F5D1C046C046C046D023802208
:100900001B0692025A61C046C046C04600F0D0FEA7
:100910000C4C030014220121200002F07DF800217C
:10092000200002F0C3F80028F9D101220C21064B67
:10093000153000F0ABFD02B070BDC04600C00340F2
:10094000F40E0020D021002021080010F0B55746F9
:100950004546DE464E46E0B58DB01D0016AB0F0095
:10096000110004CB82461B780B92002B00D1A8E229
:10097000F0231B029946E24B08249846E14803F015
:10098000EDFE061F7B0839003000009303F0E6FE01
:10099000009B0AB205920193934200DD01926B46DF
:1009A00004229A5E534651465B0830001F000392B2
:1009B000049303F0D3FE0AB208920297974200DD37
:1009C00002926B46009F2100380008269E5F03F0CC
:1009D000C5FE89B2002900D06CE22100380003F086
:1009E000BDFEC0B20630C3B29A46009B2100013B57
:1009F0009BB218001F00069303F0B0FE89B20029D5
:100A000000D050E22100380003F0A8FEC0B25044EC
:100A1000C3B29A466B469B88210018009B4603F0A0
:100A20009DFE89B2002900D036E22100584603F02D
:100A300095FEC0B25044C3B29A46019A059B21006C
:100A40009A1AD343DB171A4093B218009B460992B7
:100A500003F084FE89B2002900D016E22100584636
:100A600003F07CFEC0B25044C0B2831C049FDBB2D2
:100A700003300A932100C3B23800059303F06EFEE1
:100A800089B2002900D0F9E12100380003F066FEA8
:100A9000C0B2059B21009B46049B8344013B9BB253
:100AA00018001F00079303F059FE89B2002900D0F7
:100AB000DDE12100380003F051FEC0B25844431C70
:100AC0009A466B461B89210018009B4603F046FEA0
:100AD00089B2002900D0C3E12100584603F03EFE50
:100AE000C0B203005344029A1F00089B21009B1AC6
:100AF0009B46DB435A46DB171A4093B218009346D5
:100B00009A4603F02BFE89B2002900D098E121001B
:100B1000504603F023FEBC46C0B260441E2800DDF0
:100B200099E143462B80784B0A9A6B80774BAB80D8
:100B3000774BEB801F231340202213432B81009A15
:100B4000744B6B8113B2002A00D1C1E1621E12B254
:100B50009446039A604692464246AC46B046062109
:100B60002500160000901A00AB4200DD2A00013A71
:100B7000D2B21000009F013B384067469B1A00022A
:100B80004C000A00304301311BB2E053C9B2002BC4
:100B9000E9DC534603933300464698464B002C004D
:100BA00065469C46931CDBB2580082460332D2B2A3
:100BB000520068461827C05F002831DD631E1BB253
:100BC0009A464B46B146039E5246AC46B246250075
:100BD0001E0000920300A84200DD2B00013BDBB2A7
:100BE0001A00009F01383A40674612024C00324317
:100BF000C01AE25300B20A000131C9B20028E9DC90
:100C00005346039333004E4699464B002C006546ED
:100C10009C46931CDBB259008A460332D2B2520082
:100C20004621604629520199002926DD621E12B232
:100C300094462A00E24645469446B046039F3A0051
:100C4000A74200DD2200013AD2B2110056463140DF
:100C50006646013FBF1A090258001A0029430133B2
:100C60003FB28153DBB2002FE9DC590046468A4689
:100C7000A84665460232D2B2520069462420095E77
:100C8000002925DD621E12B294462A00E2464D4636
:100C90009446B1460A00A14200DD2200013AD2B2D8
:100CA00010005646304066460139891A00025F003E
:100CB0001A002843013309B2B853DBB20029E9DC3A
:100CC00059004E468A46A94665460232D2B25200C3
:100CD00003215046295210490233A9520499DBB22C
:100CE0000AB200292ED0611E09B28C462900E246C4
:100CF00045468C46B0461100A2420FDD21000DE0B2
:100D000001F8000040597307C06000004060000017
:100D10002160000022A0FFFF26A0FFFF0139C9B219
:100D20005646080030406646013A0002521A5F00FB
:100D30002843013312B2B853DBB2002ADBDC46464B
:100D4000A84665466A461C21525E002A1FDD611EC8
:100D500009B28C462900E2464D468C46B146110048
:100D6000A24200DD21000139C9B2564608003040D8
:100D70006646013A0002521A5F002843013312B25C
:100D8000B853DBB2002AEADC4E46A94665461F226C
:100D9000059859000240402002434A53029A013309
:100DA000DBB2002A17DD671E3FB23200A64200DD2B
:100DB0002200013A5900D2B28C4611004046394017
:100DC000090201436046013EB61A013336B241536F
:100DD000DBB2002EE9DC5A4611B2002919DD661E8D
:100DE00036B24F46B0460A00A14200DD2200013A69
:100DF0005800D2B28446464610003040664601395B
:100E00000002891A3843013309B27053DBB200295A
:100E1000E9DC03215A0051530B9901330B71FF2375
:100E200001202A0A0D704A702A0C2D0E8A70CD708E
:100E30004B710DB0F0BCBB46B246A946A046F0BD12
:100E40002100504603F08AFCBC460130C0B2604429
:100E50001E2800DC65E6224805F0D2FB0020E8E70A
:100E60002100584603F07AFC0130C0B239E6380060
:100E7000210003F073FC0130C0B21FE638002100EE
:100E800003F06CFC0130C0B203E62100584603F0C9
:100E900065FC0130C0B2E6E52100584603F05EFC77
:100EA0000130C0B2C6E53800210003F057FC013024
:100EB000C0B2ACE53800210003F050FC0130C0B2F4
:100EC00090E5E0231B029946064B2024984655E501
:100ED0000E230C219A468C461022073B063968E601
:100EE0008099001001E00000F0B54E464546DE4610
:100EF000574693460122E0B50D00110091B00493CE
:100F00001AAB1B88A94099461BAB1F881C9B040089
:100F100098461FAB1B781D9E0393036805918B4376
:100F200003604B461A4200D029E1FB0700D522E1BD
:100F300041469C4803F012FC002900D0FDE0039BD1
:100F400006AA3900019300921E9B42464846FFF7CD
:100F5000FDFC0022200006A907F0CAFC924A584670
:100F6000A3185A1E93419A1D1100924600F076FA7A
:100F700001220123009229005A46200007F02EFD8D
:100F8000039B002B00D099E00B938022F8235202A0
:100F90005B0208920993C0231B030A930CAB9A4689
:100FA0001022180008A905F025F9524604AB1B7B56
:100FB000013B1B0353605B465A018023DB041A4349
:100FC0005346DA605246794B29009360200053461D
:100FD000002207F05BFD2368059A41461A43226010
:100FE000704803F0BBFB031F494618009B4603F003
:100FF000B5FB3900431E58469A4603F0AFFB2A0062
:10100000012310329340013862681342FCD15246EA
:10101000AD0065192A6162681342FCD12861494616
:10102000604803F073FB390004005E4803F06EFB78
:101030002418631038009A4603F074FE02000B0077
:1010400000205B4903F0E3FD040050460D0003F06F
:1010500069FE02000B002000290003F0C6FD03F02A
:101060003BFF05000C00002200232800210003F0B4
:1010700045FE002859D02100280003F093FE04000B
:10108000434633605346736063004344F360494B07
:10109000B4609C4200D97AE0B94500D273E0F068B0
:1010A000B368726831680090434805F0A9FA11B03E
:1010B000F0BCBB46B246A946A046F0BD049B5146D3
:1010C0009A46180000F0CAF9012352462900200070
:1010D0000093049207F082FC002380220B93F823F4
:1010E00052025B0208920993C0231B030A930CABC4
:1010F0009A461022180008A905F07CF804AB1B7B67
:101100002E4A013B1B03134080225146D205134354
:101110004B605B462A4A5B011A40049B9B021343C7
:101120008822D2051343CB604CE780231B06E118CD
:10113000280003F037FE0400A2E7404603F0F2FD6A
:1011400002000B0000201A4903F061FD03F0C4FE09
:1011500002000B000020164903F059FD03F0BCFE0D
:1011600003F020FE8246030041467D22154805F02B
:1011700047FAD046E3E6144805F042FAD8E61348A9
:1011800005F03EFAD1E6124805F098F987E71148D4
:1011900005F094F9104B9C4200D87DE70F4805F00C
:1011A0008DF979E7405973070000E0AF0000064071
:1011B00065CD9D4160CC0500AC9C0010FFFFFF9FFA
:1011C000FF83FF1F709B0010089B0010A09A001067
:1011D000649C0010FC9B001040420F00309C0010EB
:1011E00070B50E001100002B0FD034000122103416
:1011F000A2409D0004364D19B6000C6843681A429F
:10120000FCD104313450A942F7D1012001F054F847
:1012100070BDC046D0231B061B68F0B59A0045463A
:1012200090464146894ADE465258574693465A1ED2
:10123000934130224E465B421A401300844AE0B587
:10124000944683B063440193824B08269A46350046
:10125000083DEA081300019908339B005C58002CF4
:1012600023D05B46002B2AD001230F279946390053
:101270002140274213D04B4652464046AB401258BD
:101280001A420CD1072208002A4092009040020026
:10129000EB0871483C339B001A502800D8472409BA
:1012A0000135002C01D0B542E1D30836282ECED12D
:1012B00003B0F0BCBB46B246A946A046F0BD0F2322
:1012C00019002140234207D047460E3BAB406148FE
:1012D000C059184200D18DE02309F11F002BE4D042
:1012E0000F22100018401A420FD0012345468B40B0
:1012F000584A52591A4208D10722CB081140890096
:101300008840554A3C339B009850230AB11F002B5C
:10131000CBD00F22100018401A420FD001234546AF
:101320008B404C4A52591A4208D10722CB0811402F
:1013300089008840484A3C339B009850230B711F1A
:10134000002BB2D00F22100018401A4241D1230CBA
:10135000311F002BA9D00F22100018401A4252D181
:10136000230DF11E002BA0D00F22100018401A42AE
:101370005AD1230EB11E002B97D00F221000184017
:101380001A420FD0012345468B40324A52591A4225
:1013900008D10722CB081140890088402E4A3C33EF
:1013A0009B009850240F721E002C00D17DE7012372
:1013B0005146404693400958194200D075E707212D
:1013C000D3080A40920094403C33234A9B009C502F
:1013D0006BE7012345468B401E4A52591A42B6D14B
:1013E0000722CB081140890088401B4A3C339B00F0
:1013F0009850ACE707231D40AD00A940164B3C3286
:101400009200D15068E7012345468B40114A52595A
:101410001A42A5D10722CB081140890088400E4A04
:101420003C339B0098509BE7012345468B40094A7B
:1014300052591A429DD10722CB0811408900884099
:10144000054A3C339B00985093E7C046202100207A
:10145000004101402826002000400140094A830045
:1014600094464022634410B51C68C0006240C0240A
:1014700014408022520113431C60034B9C4660447D
:10148000416010BD04C0014000400140F8B51E009D
:10149000D0231B061C680700631E9C413023644256
:1014A0001C40224B15009C46C30807201A003840F8
:1014B000800081403C321E48644492009B001150E1
:1014C000E418002D11D080239B011C43D023216000
:1014D0001B061C68174FA4003B59002B11D0002E8F
:1014E0001ED03E51002D16D1F8BDC0239B011C43D8
:1014F000D02321601B061C680E4FA4003B59002B13
:10150000EDD1002EEED000220D200B493E5100F00F
:101510004DF9002DE8D001210D2000F0E5F8E3E7BA
:101520000D20054900F036FADBE7C04600410140D6
:101530000040014020210020151200100123D0227C
:101540008340120693629361094A830094464022C5
:1015500063441968C0004A40C021114080225201F2
:1015600013431960034B9C46052360444360704756
:1015700004C0014000400140024B18688007C00FC2
:101580007047C04600C00640EFF3108072B6034AB1
:101590001368002BFCD0BFF35F8F70472C0100D085
:1015A000BFF35F8F0022024B1A6080F310887047F0
:1015B0002C0100D070B5EFF3108C72B60D4D2B6876
:1015C000002BFCD0BFF35F8F0724CB08C618C05C8C
:1015D00001230C40A3401C000440034207D10343F5
:1015E0003370BFF35F8F2C608CF3108870BD1000D8
:1015F00001F052FD2C0100D0F8B54746CE46884692
:1016000080B5EFF3108C72B6214D2C68002CFCD005
:10161000BFF35F8F9A422CD8D4080727055D0619BF
:1016200001241740BC402C421FD0072101278946C6
:1016300009E0D408055D06194C4639001440A14064
:101640000C00294211D001329342F2D201204042D3
:10165000BFF35F8F00220E4B1A608CF310880028B6
:101660000FDBC0BCB946B046F8BD2C431000347047
:10167000EEE7BFF35F8F00232B608CF3108801200F
:1016800040424346002BECD0089801F005FDC046CF
:101690002C0100D00021044B044ABFF35F8F02C32A
:1016A0009342FAD17047C046000100D0800100D0BB
:1016B000044A1078431CDBB2172B00D91023137097
:1016C0007047C0461C0F002000B5054B83B00100D9
:1016D000009318221F230348FFF78EFF03B000BDBD
:1016E000109D00103021002001238340002904D0E8
:1016F000034A1360034A13607047034A1360FBE711
:1017000080E200E000E100E080E100E001238340AE
:10171000014A13607047C04600E200E0084B1030F9
:101720009B688000C358002B07D0064A00209B1AF4
:101730002F229A424041C0B270470020FCE7C046C9
:1017400000ED00E0200F0020024B10309B6880006D
:10175000C058704700ED00E070B50D00EFF3108643
:1017600072B60F4A1368002BFCD0BFF35F8F0D4B8E
:1017700010309B6884001B590B4A934203D09D4252
:1017800001D001F0A1FC074B9B681D51BFF35F8F97
:10179000BFF35F8F0022024B1A6086F3108870BD82
:1017A000240100D000ED00E0CD010010F0B5574657
:1017B0004E46DE464546E0B585B00600029117006C
:1017C000EFF3108B72B6674A1368002BFCD0BFF39F
:1017D0005F8F0025644B5D579A46002D00DAA4E028
:1017E0006B00624C03935B199B009846A146C14471
:1017F0004B4652469B79103613705D4BB2009B6886
:10180000019299580B1B2F2B34D95A4B994200D077
:10181000A4E0039B584A9C46584B6544AD00635373
:10182000434602336519E418554B0121043B1B1B49
:101830001B055B0D13436B80524BEF71AB80FF2395
:10184000AB71029BAB604B460B431900484B019AAE
:101850009B689950BFF35F8FBFF35F8F0022414BAE
:101860001A608BF3108805B0F0BCBB46B246A9469F
:10187000A046F0BD01200A008243D379BB422FD895
:1018800045464E46130040491B1B5B415943090D19
:101890003A4B63533A4B02356519043B5B1B1B05FE
:1018A000354D5B0D2B4373800426B446E04444441D
:1018B000131F1B1B4C46A17102991B05A1604946D1
:1018C0005B0D2B43A380314BE77101431360BDE7F0
:1018D0005800C01880002018C679BE422BD90200DB
:1018E0000623D356002BF3DA101D82462848804683
:1018F00004267642B446E14450464E46361A300538
:10190000400D824656461C48957106439680039AC0
:10191000944665441D4AAD00641922604246A37195
:10192000029BA280E771A36090E701F0CDFB002548
:1019300053465D5754E7101D8246908840050015B8
:1019400084464046D444664604302018301AE026C7
:101950000005400D360230438046C9E701F0B4FB74
:1019600057E7C046240100D070260020200F002039
:1019700000ED00E0CD01001000E0FFFF00A1FFFF3F
:10198000500F002001BDFFFFAAAA000001488047B8
:1019900001BD0000F0B5DE4657464E464546E0B56F
:1019A0000C0083B0EFF3108972B6584A1368002B0D
:1019B000FCD0BFF35F8F564B9A68030010339F0033
:1019C000D559544A9046954232D0A54243D0524E02
:1019D000AA1B2F2A2CD801228240924651464F4AF8
:1019E00012681140019151464D4A1160BFF35F8F5B
:1019F000EFF305829346002A33D101232A009A434C
:101A000093689C4208D177E04B005B189B00F31869
:101A10009968A1422AD01A00062151560029F3DA0A
:101A2000019B002B19D052463E4B1A603B4B1A606B
:101A3000374B9B68DD51BFF35F8FBFF35F8F002291
:101A4000324B1A6089F3108803B0F0BCBB46B24633
:101A5000A946A046F0BD1500EAE75246304B1A6091
:101A6000E6E79342C9D001F02FFBC6E7062159569D
:101A7000002921DB4A005018800034188046A068F5
:101A80009860E079D871062020569871002824DBF0
:101A9000A488F01A6405241544440019E0240005C4
:101AA000400D24022043988052181F4B9200B61814
:101AB0001A781970B271B3E7594600290FD1FF3176
:101AC00091711A49918018490A789A71184A9B1B9A
:101AD0005B415A43120D0A70A2E71648E3E7164A23
:101AE0001649D21A083A5002400D01439980144910
:101AF00052080A43DA8093E7062151561300002961
:101B0000B8DA5A46002AEAD14546DCE7240100D07B
:101B100000ED00E0CD010010200F002000E100E00A
:101B200080E100E080E200E07026002001BDFFFFC0
:101B3000AAAA000001BD00005A0F002000F0FFFF1C
:101B400000F8FFFF70B5EFF3058101240443EFF3C4
:101B5000108C72B6214A1368002BFCD0BFF35F8F44
:101B60001F4B05001F4AED1A6D416A43120D1E4DB1
:101B70008900AE6852B27658A6421CD0062159564A
:101B800091421CD012215956914222D01E21595601
:101B9000914220D02A2159560324914210D0134B50
:101BA00019781A708171BFF35F8F00220B4B1A6096
:101BB0008CF3108870BDAB680D4C5C50EFE70024CF
:101BC0006100091989005B18FF2199710949998001
:101BD000E5E70124F4E70224F2E7C046240100D03F
:101BE000200F0020AAAA000000ED00E070260020CF
:101BF000CD01001001BDFFFF054B064A1360064AE8
:101C0000136053609360D3601361536193617047B5
:101C10008080808000E400E004E400E000B5074B31
:101C200083B001000093002205230548FFF7E4FC80
:101C3000002801DB1F23181A03B000BD2C9D0010E3
:101C400076260020024B9C46614489000160704763
:101C50004000003410B50400FFF72AFD0100200009
:101C6000FFF7F0FFFF232371BFF35F8F10BDC04666
:101C700010B50400FFF71CFD01002000FFF7E2FF94
:101C8000FF23A380BFF35F8F10BDC04610B50400D3
:101C90000120FFF719FD044B9C4660448000206042
:101CA000BFF35F8F10BDC04640000034034B9C461D
:101CB000614489000160BFF35F8F704740000034CA
:101CC00083680B4810B584466144624409011201DF
:101CD0009A18591854684B6801209C4201D802D0C8
:101CE0000020C0B210BD12680B689A42F9D8F7E71D
:101CF000FFFFFF0F0A4B1968EFF3108072B60A68F6
:101D0000002AFCD0BFF35F8F1B68BFF35F8F0022F8
:101D10001A6080F3108840BF002000217047C04641
:101D20003C260020F8B557464E464546DE46E0B50F
:101D300099460CAB1C780DAB1B78060090469A4672
:101D40000768002C11D1BC7B002C42D065003B6899
:101D50002D19033D59194B78BB73002B00D1FB7330
:101D600000238B704B700B7004E065003B682D19ED
:101D7000033D5919B2682A4B94464246E3181B01A9
:101D800063441A604A465A600A9A9A600B9ADA606B
:101D900000238B704B700B707B7B9B46002B2BD0F2
:101DA00022005946B8687B6898473A68002816D0E0
:101DB0005B4658465B005B445519033BA870D1183D
:101DC000D35C002B00D06B705B460C707B73A3451B
:101DD00013D0F0BCBB46B246A946A046F8BD5B4650
:101DE0005B005B44033BD3189C705119525D002A81
:101DF00000D05A705B460B707C7342464B46307D78
:101E000000F0A8FB051E06D05346002B03D121008D
:101E1000306800F0C3FD0E9B002BDAD01D70D8E7B0
:101E2000FFFFFF0FF0B5DE4657464E4645460023FE
:101E3000E0B58BB00893674B8200D45800239B46D3
:101E4000099000F027FB626806000F00EFF3108591
:101E500072B61368002BFCD0BFF35F8F23689C46DB
:101E60005B7B9946002B00D169E0A2685A4B9046F3
:101E70004B441B01984443461A685B6810001900E4
:101E8000801BB941002900DC63E0099800F062FB87
:101E900000230022984600230692079300239A46C7
:101EA0006368BFF35F8F5A461A6085F31088534604
:101EB000002B08D10028C4D10BB0F0BCBB46B24601
:101EC000A946A046F0BD089B414618024B46184360
:101ED000D047626806000F00EFF3108572B61368F2
:101EE000002BFCD0BFF35F8F002F50DB33003B4350
:101EF00002D02369002B61D12368D97B002907D048
:101F00004A00521819688C4649466244033A517097
:101F10009A7B002A01D14A469A734A46DA734B46A5
:101F2000E168013BCA5C0132CA545B4623616368C5
:101F3000BFF35F8F5A461A6085F3108881E700234C
:101F400000229846002306920793002300209A4619
:101F5000A6E7002902D1002800D096E700216046BC
:101F600000F09AFC43461A685B6806920793434662
:101F70009B689A464346DB689846E3684B44013BBE
:101F80001B7808931B0203432361002088E7236921
:101F9000002BB1D0069A079B921BBB41002B15DB8F
:101FA000594604910121039149460291414601910C
:101FB000514620000091FFF7B5FEB6E700F06AFA3F
:101FC00032003B0012184B41002BE9DA0122034B8F
:101FD0005242E5E718260020FFFFFF0FFFFFFF7FBB
:101FE00010B5144C6368002B04D00A211248FFF787
:101FF00029FE10BD2300114A1021206800F066FB65
:10200000032000F03BFA032000F00EFB03200C49F4
:1020100000F05AFAFFF74CFB0A4B9C46032323754A
:10202000D0231B061B6860446375074B800060600B
:10203000DC60DAE7680F00203C260020C11C00109D
:10204000251E00104000003418260020004870476C
:10205000680F0020F0B54E464546DE465746E0B5CF
:1020600085B0019310AB1B780600039300239946BB
:10207000984600927268EFF3108B72B61368002BCB
:10208000FCD0BFF35F8F3568AC7B002C3DD0670080
:102090002B683F19033FDB195A78AA73002A00D135
:1020A000EA73B168474A8C4600980199A218120158
:1020B0006244106051600E9991600F99D160424660
:1020C0009A705A701A706B7B9A46002B67D0220068
:1020D0001900A8686B6898472A68002852D05346B0
:1020E00050465B005344D719033BB870D118D35CFA
:1020F000002B00D07B7053460C706B7354454FD04F
:10210000F3681B19013B187800E000207368BFF3E7
:102110005F8F42461A608BF31088002C4FD04B46DD
:10212000002B08D10002204305B0F0BCBB46B246EC
:10213000A946A046F0BD039B002B3ED00E9B00207D
:102140000F999847030004000D000B4335D0002978
:102150000ADA009A019B121BAB4100920193002BFB
:102160000ADB039B994685E700F094F924184D415A
:1021700000940195002DF4DA0123134C5B42009387
:102180000194EEE753465B005344033BD3189C7025
:10219000D119D25D002A00D05A7053460B706C736F
:1021A000307D009A019B00F0D5F981460028A7D028
:1021B0002100306800F0F2FBA2E70020B4E7012024
:1021C0004042B1E7FFFFFF0FFFFFFF7F407D7047F9
:1021D000F0B504000D0006267642F717C6463619FC
:1021E0006F4100B584B08F4214D811D000F052F97D
:1021F00032003B00121A8B41002B15DC002B3ED025
:102200002000290000F050F904B080BCB846F0BDB1
:102210008642EBD90026002700F03CF932003B0053
:10222000121A8B41002BE9DD002302930193154B19
:102230003200009314483B00FFF70CFF0028DFDB5F
:1022400000239846BC46114A114F7B6A9C4504D82E
:10225000B96A8E42D4D99C45D2D11168EFF310806F
:1022600072B60B68002BFCD0BFF35F8F1368BFF30F
:102270005F8F4146196080F3108820BFE5E7002A90
:10228000BED0D1E7F51C0010680F00203C260020CE
:102290000040054070B504000D0000F0FBF8001987
:1022A0006941002902DBFFF793FF70BD012001495E
:1022B0004042F8E7FFFFFF7F70B5060000F0EAF844
:1022C000FA2204000D00002330000021920003F0E8
:1022D0000FFF00196941002902DBFFF779FF70BD8C
:1022E000012001494042F8E7FFFFFF7FF0B5EFF31F
:1022F0000583CE46474680B505000C0085B0002B0F
:1023000012D02C4A0020536A9C4203D8926A0130B2
:10231000AA4204D305B0C0BCB946B046F0BDE01A2D
:10232000421E9041C0B2F5E7234E02930193234B26
:102330000200009330000B00FFF78CFE031EE0DD6F
:1023400020BF7168EFF3108772B60A68002AFCD0CC
:10235000BFF35F8FDAB294463068427B62451DD08E
:10236000FF221A4051008946016891448846494637
:10237000414403398978002913D0F1681B0A884643
:102380004244013A1278DBB29A420FD07368BFF32D
:102390005F8F00221A6087F31088B2E7FF221A408D
:1023A000EBE732699342F1D13161EFE7614600F02A
:1023B000F5FAEBE700400540680F0020F51C00101F
:1023C000F0B5EFF30582D6464F4646461000C0B53D
:1023D0001038EFF3108872B6214C2368002BFCD024
:1023E000BFF35F8F0123190081401E4D1F006963F9
:1023F000AA461D4D29601D4D2E78AC463500C540BE
:102400002F402B4209D1BFF35F8F276088F31088DC
:10241000E0BCBA46B146A846F0BD5346144D5F6ACB
:1024200083005D59AF420ED3124A8E439B586246D9
:102430001670BFF35F8F0022226088F31088002B94
:10244000E6D09847E4E70C4B92009C466244136840
:102450001360BFF35F8F0023236088F31088D7E7F2
:10246000280100D0004005403C7005407526002042
:1024700048260020F81F0020D03F054010B501007D
:10248000024A0348FFF796F810BDC046489D001069
:102490006F260020034B596A0A00986A596A8A42DB
:1024A000FAD1704700400540064A536A9942FCD869
:1024B00007D1044B02E05A6A914202D19A6A8242E1
:1024C000F9D370470040054070B504000D00EFF3EC
:1024D000108672B61A4A1368002BFCD0BFF35F8FC8
:1024E000002D1BD02000FFF72FF9164981420AD09A
:1024F0002000FFF731F901212000FFF7F5F8012353
:10250000A340114A1360114BA400E550BFF35F8F45
:1025100000220B4B1A6086F3108870BD0B4BA20093
:10252000D5500122A2400A4920000B7893430B703A
:102530000449FFF72FFA00212000FFF7D5F8E5E75F
:10254000280100D0C123001038600540F81F00208A
:1025500075260020F0B54F46D6464646C0B5070062
:102560002C4C616A0D00A66A616AA942FAD18B42BD
:1025700008D805D00120E0BCBA46B146A846F0BD57
:10258000B242F7D9EFF3108A72B6234801680029E6
:10259000FCD0BFF35F8F0125BD4020491D4C88460C
:1025A000097889462943C9B28C464146604608707D
:1025B000391D1B48890065630A51B9000B50216A17
:1025C0000020294219D0616A0800A66A616A814226
:1025D000FAD18B4219D801D1B24216D8CC4516D0C7
:1025E0000C4B1F201D625D6301230740BB400D4A59
:1025F0001E38136043464A461A70BFF35F8F0022AD
:10260000054B1A608AF31088B5E70020F5E7012032
:10261000F3E7C04600400540280100D075260020A1
:102620004826002080E200E0EFF3108C72B60A49E1
:102630000B68002BFCD0BFF35F8F01238340074A58
:102640000748136202789A430270BFF35F8F00233A
:102650000B608CF310887047280100D000400540C3
:102660007526002070B5050014001600002915D04D
:102670000C00002A12D080686B68984729680028EF
:102680000ED073009B196200033B1219CB18033A5A
:102690009C7088188A5C002A15D10670200070BDD5
:1026A00063001B197200033B9219CB18033A9E700A
:1026B00088188A5C002A02D104703400EEE75A7050
:1026C00004703400EAE75A700670E7E730B58360BB
:1026D0000023CCB243730133047342608373C47329
:1026E0000D000068012C06D9421C0133DBB21370C7
:1026F00003329C42F9D1FF2129404B005918002395
:1027000040180338437030BDF8B5CE464746060042
:102710000C0080B5002907D04D0003686D18033DFB
:102720005A195778002F04D12000C0BCB946B046D2
:10273000F8BD7900C9190339884643445978894658
:1027400000215970517073683A00210080689847E1
:102750003368002814D042469A18947059195B5D6A
:10276000002B00D053700F70270049463000FFF750
:10277000CBFF390002003000FFF774FF0400D3E7FD
:10278000424641465D19AF709A185B5C002B00D041
:102790006B701470E9E7C046F0B557464546DE4613
:1027A0004E46E0B50D006B0001685B19DF1E0400AA
:1027B000C85D83B00192CA19002850D043001B188D
:1027C000033BCB185E78B446002E1AD1019E002E32
:1027D00042D0E67B002E04D073009B19CB18033B3C
:1027E0005D70A37B002B00D1A573E57300282FD16A
:1027F0000023537003B0F0BCBB46B246A946A046C6
:10280000F0BD72006244033A89184A78904600226B
:102810004A7091465A70010032002000FFF722FFF3
:1028200043468246002B07D05B0021684344033BAC
:10283000CB185A78002A16D1424651462000FFF79D
:1028400011FF2168019BCA19002BC2D10028CFD0EB
:1028500043001B18033BCB1800219970C8E7019B6C
:10286000002BB6D1C4E75000801803380918487807
:10287000834648464870587041462000FFF7F2FEF4
:10288000594680462000FFF73FFF414602002000E6
:10289000FFF7E8FE8046CFE7F0B557464546DE46EF
:1028A0004E46E0B583B00191457B04006B000068A3
:1028B0005B19DF1EC15DC219002952D04B005B18A5
:1028C000033BC3185E78B446002E1CD1019E002E37
:1028D00044D0E67B002E04D073009B19C318033B41
:1028E0005D70A37B002B00D1A573E573002931D166
:1028F000002328005370617303B0F0BCBB46B2469E
:10290000A946A046F0BD72006244033A801842789E
:1029100090460022427091465A7020003200FFF724
:10292000A1FE43468246002B07D05B00216843444A
:10293000033BCB185A78002A17D142465146200053
:10294000FFF790FE019B01002068C219002BC0D147
:102950000029CDD04B005B18033BC31800209870B2
:10296000C6E7019B002BB4D1C2E7500080180338A2
:1029700009184878834648464870587041462000F8
:10298000FFF770FE594680462000FFF7BDFE414626
:1029900002002000FFF766FE8046CEE770B5040017
:1029A00000292CD0437B8B422ED00568480040186C
:1029B000033828188278002A21D053009B18033B43
:1029C000EA5CEE188A4202D11BE0002A08D05300CC
:1029D0009B18033BEB185A788A42F6D142785A701A
:1029E00000230122837043702000FFF7D5FE617B36
:1029F00002002000FFF736FE6073012000E0002097
:102A000070BD43783370EBE701221900FFF7C4FE75
:102A100060730120F4E7C04670B516000D00190080
:102A20000400FFF70FF92900701C03F0C3FB00231B
:102A3000E681A5816060A36070BDC04670B5026884
:102A40000400EFF3108572B61368002BFCD0BFF3BF
:102A50005F8F20896389E289C31A01D5561C9B19AF
:102A6000934208D12368BFF35F8F00221A6085F379
:102A70001088002070BD6368A2899C465043604462
:102A800003F0B8FB002210002389E18901339BB2D7
:102A90009942504141420B4023812368BFF35F8F2D
:102AA0001A6085F3108840BF0120E3E770B5040089
:102AB00008002268EFF3108672B61368002BFCD072
:102AC000BFF35F8F658923895B1B02D5E2890132E1
:102AD0009B18002B07D12268BFF35F8F136086F32A
:102AE0001088002070BDA28963685543591903F00E
:102AF00081FB002210006389E18901339BB2994276
:102B0000504141420B4063812368BFF35F8F1A60DD
:102B100086F3108840BF0120E4E7C04630B50C20A2
:102B200083B000F0B9F9FEF727FD00280ED0994BCD
:102B3000994A1A605A609A60DA601A615A619A6119
:102B4000DA611A62954A5A6203B030BD944CA067AC
:102B500000F0F6F90122934B1A60636C012BFCD153
:102B60000322914B1A608E4A936B012BFCD10133E7
:102B700001218E4A8E480093043300F03DF905236D
:102B80008C4A009301218C4800F036F98B4B5A682F
:102B9000FF2A02D8802252005A6080227D4C824B4C
:102BA00021691201854D1A60002907D0606901F082
:102BB000D5FD431C5800C0180338FDD2E0217F4BDF
:102BC00002201A681140802252012A4311601968BC
:102BD000484003210140116004219A681142FCD051
:102BE0008022802192012A43090111608022520033
:102BF0005A60734B2361734B5968FF2900D85A60A0
:102C00000321684A6F4B116002399A681142FCD067
:102C1000E0201A681040802252011A4310601868A0
:102C20004840032101400220116066498A68104231
:102C3000FCD0802292011343802212011A6080226C
:102C4000614B52004A606361604B5968FF2900D8AC
:102C50005A6080225E4BE16912015C4D1A600029C6
:102C600007D0606901F07AFD431C5800C018033892
:102C7000FDD2E02255490B681A4080235B012B43AB
:102C80001A60802380229B012B4312011A6080224C
:102C9000414B52004A60E3614E4B5968FF2900D80E
:102CA0005A6080224C4B216A12014A4D1A60002959
:102CB00007D0606901F052FD431C5800C01803386A
:102CC000FDD2E02243490B681A4080235B012B436D
:102CD0001A60802380229B012B4312011A608023FB
:102CE00080225B004B602C4BD20223623B4B596825
:102CF000914200D25A608022394B616A1201374DED
:102D00001A60002907D0606901F028FD431C5800B3
:102D1000C0180338FDD2E02230490B681A408023E6
:102D20005B012B431A60802380229B012B431201FD
:102D30001A608023DB024B60184B6362294B5A6890
:102D4000FF2A02D8802252005A608022264BA169B5
:102D50001201244D1A60002907D0606901F0FEFCC1
:102D6000431C5800C0180338FDD2E0221D490B68EF
:102D70001A4080235B012B431A60802380229B0131
:102D80002B4312011A6080235B004B600E4BA36142
:102D9000DAE6C04634210020006CDC021BB70000DC
:102DA000008000403CB0004030B00040002F685927
:102DB00000800240008C864700C002403080004006
:102DC000001BB7003C80004040597307548000400E
:102DD00054B000406080004060B000406C80004013
:102DE0006CB000404880004048B00040014B80007B
:102DF000C058704734210020F8B5040021481D0058
:102E000017000E0001F0AAFC0100380001F0A6FC3A
:102E1000069B29041B0319432368002B20DB1A4B54
:102E20001A4DE21853425A4180235B019C4612031B
:102E3000174B62441A60174B1A601700AB689F4328
:102E4000FBD1C022231D92011A4321232660A060DA
:102E500013602368002BFCDA0823E1601360F8BDDF
:102E60003F2322681340B342D9D1A3681B051B0D31
:102E70008342D4D1EE22E368D20213408B42CED1FA
:102E8000EDE7C046001BB7000040FDBF00C000409A
:102E900000E0004000F000408023024A9B00034312
:102EA000D36270470080054010B5140080221B4B90
:102EB000D2051A6000281AD00123194A1843194B69
:102EC000DA61194A42401A62596298628022134BB1
:102ED000D2051A601549164A1160E022D2041A6020
:102EE000002C07D18022134B12061A6010BD0D4B27
:102EF000D861EBE763011B1B9A00802312191201B2
:102F00005B049A4200D30C4A0C4B1A60054B5A6082
:102F10008022084BD2051A60E8E7C04600B00540A1
:102F2000D3C007B0008005402D3FF84FFCFF0100E3
:102F30000820014000A00540FFFFFF00EC25002015
:102F4000AA23064A1B0113602F230549D360054BB2
:102F500019605368002BFCDA7047C04600400240FD
:102F600000B0FA00006002402C4B2D4A70B51A6088
:102F70002C4A2D4B2D491A6014008B689C43FBD1C1
:102F80002B4D2C4EB54208D2013E761BB60808CD1B
:102F9000984723000134B342F9D1FFF7BFFD264A19
:102FA000214B1A60214A9368DB43DB01DD09002BCA
:102FB000F9D14022214B224C224E9A675A671A6758
:102FC000DA66B44208D223682000002B20D00834EF
:102FD000FEF74EFEB442F6D31B4E1C4CC022A16835
:102FE000300003F007F9A660FEF754FBFEF704FE7D
:102FF000FEF7F6FF164C174EB44208D2013E361BC0
:10300000B60808CC98472B0001359E42F9D170BD17
:103010000834FEF71FFEB442D5D3DDE700E00040E0
:10302000BFCDFBFEFE7F3C0000F0004000C0004032
:103030003818002048180020FFFFFF0100F0014071
:1030400030180020381800200000002000ED00E0BB
:10305000481800205018002000BEFDE7094A030070
:103060001068002805D00849C3188B4207D81360A0
:10307000704706480449C31810608B42F7D90120F5
:103080004042F5E7E42100200000042078260020DB
:1030900010B5FFF7E1FFC0460FB400B5084883B094
:1030A00003F00CFA049B002B07D005A9180001912E
:1030B00001F0DAFA034803F001FA0120FFF7CCFF30
:1030C0006C9D00107C9D001010B50148FFF7E4FFD7
:1030D000809D00107047C046F8B557464E4645469D
:1030E000DE46E0B599460A9B07009A460D9B884646
:1030F000934615000B9E9B0710D10C9B9E420DD250
:103100009D1B14000E005D4422004B46013431002B
:103110002020B847A542F7D1B0460B9E002E27D0FD
:10312000444675195346AA1B013E985D21004B4643
:10313000B847002EF6D123002C0098460D9B9B0724
:103140000FD55B46E51A0C9BAB420AD9464698461A
:1031500022004B46310020200135B8470134A845F4
:10316000F6D82000F0BCBB46B246A946A046F8BD42
:103170002C00E3E7F0B54F464646D646C0B584B0CE
:1031800098460EAB1B78129F994694460D9C109B57
:10319000119EBA0725D4002E4BD19C4200D3BFE02C
:1031A00001223A4092461F2C00D9B8E00C9A551ED5
:1031B000302201E0202C03D001342A55A342F9D853
:1031C0005246002A0DD0A6420BD9202C44D00C9A8E
:1031D000551E302201E0202C3ED001342A55B44245
:1031E000F9D1FA064DD57A053FD4002C39D10F9B81
:1031F000102B00D179E00F9B022B00D18AE0302305
:103200000C9A012413704B46002B3FD02D230C9AAF
:10321000135501340C9B6246009303974346029674
:103220000194FFF759FF04B0E0BCBA46B146A84686
:10323000F0BD012215003D40AA463A422FD04A4631
:10324000002A02D10C323A4200D0013E9C42BAD24E
:103250001F2CABD9202E27D92024FA06DAD57A05DF
:1032600003D4A3422DD0A6422BD00F9B102B32D0DB
:10327000022B20D0202CCDD030220C9B1B191A7091
:103280000134202CC6D04B46002BBFD17B070DD478
:103290003B07BFD520230C9A13550134BAE79C4253
:1032A0009FD21F2C00D881E720249AE72B230C9A69
:1032B00013550134AEE7202CACD00C9B1B19013404
:1032C0003AE0631E012C92D00F9A102A2AD0022ACB
:1032D0002FD01C00D0E7BB060ED4202C9AD00C9B1C
:1032E0001A19013478231370C4E7BB060DD4782370
:1032F0000C9A01241370BFE7202C00D18AE75822D2
:103300000C9B1B191A700134B4E758230C9A012442
:103310001370B1E70C9A603301241370ACE72024DA
:1033200000265EE7023CBA06E9D40C9A12191C008A
:10333000D8E70C9A9246534462221A709AE7C04624
:1033400010B5002800D110BD03F06CF8FBE7C046B3
:103350000B0010B5002802D049681B68984710BDC3
:10336000F0B5DE4657464E464546E0B59BB09B4617
:10337000249B89469846259B0B900C9240464246DA
:1033800019009A4601F0BFFC002800D0D8E00122C5
:1033900040465146774B524201F0B0FC002800D025
:1033A000CEE0012240465146734B524201F090FC60
:1033B000002800D0C4E0002200234046514601F01E
:1033C00087FC002800D0B9E1424653460A9209938F
:1033D0008023289ADB001A400E92289A1A4201D1C3
:1033E000062326930A9A099B1600134300D0C7E0D0
:1033F000289B002500261B0500D49BE100230D938C
:10340000269A0D9B9A4200DC9FE1D01A431E269318
:103410008023289ADB001A430023002728920D936B
:10342000279B0024BB4200D9DC1B0223289A1A40A8
:103430000E92289A134203D07B427B415B421C4090
:103440000D9B002B07D00A9809992A00330001F040
:10345000DEFB0A900991002200234046514601F00C
:1034600037FC002805D08020000684460999614475
:103470000991289A414B0B9D13400493269B0A9A6D
:103480000293099B03940092019349465B462800EE
:103490000C9A00F08BF90400002F62D0289B2200C8
:1034A00098061F23C0179843631C984649465B46FD
:1034B0006530A8470D9B0025DA179C18DB0F9A464C
:1034C0005440013F01E0202D13D00AAA94461F2347
:1034D000200063440A2101355E1901F03FF93031C3
:1034E000317020000A2101F039F926000400092E6C
:1034F000E9D805230693002304930A330393534624
:1035000005970B9F029312AB009342465B464946D8
:1035100038000195FFF72EFE0E9B0400002B20D0F3
:103520000C9BC51A279BAB421BD91E0022005B4691
:10353000494620200135B8470134AE42F6D810E0A4
:10354000289B42460493279B49460393269B0B984E
:1035500002935346009201935B460C9A00F026F9C1
:10356000040020001BB0F0BCBB46B246A946A046F2
:10357000F0BDC046FFFFEF7FFFFFEFFFFFF7FFFF4C
:10358000734B099F9C467800400D604401F0CEFBD0
:10359000704A714B01F059FB704A714B01F02EFBE0
:1035A0003B03704A1B0B1A4304000D00300011004E
:1035B0006D4B002201F019FB6C4A6D4B01F045FB8D
:1035C00002000B002000290001F018FB01F0C6FBEF
:1035D0000D9001F0ABFB674A674B04000D0001F052
:1035E00034FB0022654B01F009FB01F0B7FB644A94
:1035F0000600644B2000290001F027FB0400300086
:103600000D000F9601F092FB5F4A604B01F01DFB2D
:1036100002000B002000290001F0E7FA02000B0075
:1036200006000F0001F011FB320004000D003B000A
:103630003000390001F0E2FA002210901191544B51
:103640002000290001F0E3FA0022524B01F0D6FAE3
:1036500002000B002000290001F0D9FA00224E4B95
:1036600001F0CCFA02000B002000290001F0CFFA93
:103670000D008021040032003B000020C90501F04C
:10368000B4FA02000B002000290001F0B7FA020092
:103690000B001098119901F0BAFA0022314B01F099
:1036A000ADFA3E4B0F9C9C4664440022230501F07A
:1036B000CCFA05000E0002000B000A98099901F0EF
:1036C00007FB00280AD00D9B2800013B31000D9319
:1036D0000022304B01F09BFA05000E00C6270D9921
:1036E0002B0063318F42BF4128997F42043709057F
:1036F00000D495E6334300D182E6099C284A210094
:10370000284B0A9801F0F2FA002808D00022210084
:10371000254B0A9801F0DCFA002800D070E6269BC1
:10372000002B00D17CE60E9B5A1E9341269AD31A99
:10373000269375E6002304270D9371E643460A930A
:1037400080231B065344099342E6002326935FE639
:1037500001FCFFFFFB799F501344D33FB3C8608B3C
:10376000288AC63F0000F03F0000F83F61436F63C6
:10377000A787D23F71A379094F930A400000E03F29
:103780001655B5BBB16B0240EF39FAFE422EE63F4B
:1037900000002C400000244000001840FF030000FF
:1037A0002D431CEBE2361A3F80842E41F0B54E4685
:1037B000DE4657464546E0B597B09946209E219F84
:1037C000229B8346984607910C923B0032003000C2
:1037D000390001F098FA002800D0A9E10122300058
:1037E0003900CA4B524201F073FA002800D0E1E0E0
:1037F000012230003900C64B524201F07FFA002806
:1038000000D0B7E0002230003900C24B01F076FA58
:10381000002800D099E0002230003900BE4B01F0B2
:1038200057FA002800D090E0002200233000390031
:1038300001F04EFA002800D0B1E000230D93249B44
:103840005B0501D40623984608AB9C46172200244A
:1038500030234146624404E0013413550139202CE1
:1038600001D00929F8D888463000390001F076FAED
:103870004346DA00A94B05009B181A685B6808925A
:10388000099301F053FA02000B003000390001F0F7
:10389000ACF9089A099B01F0D8F90A900B9101F054
:1038A00081FA824601F03EFA02000B000A980B9959
:1038B00001F09BF900229A4B0A900B9101F01EFA3D
:1038C000002800D1C0E001239C46E244504601F0AC
:1038D00029FA02000B000898099901F0FFF9002865
:1038E00002D000239A4601354346002B6AD008AB2C
:1038F00017269C4608956644554614E001235B4212
:1039000043440A2128009A4600F028FF0134303150
:103910003719397028000A2100F020FF092D00D83E
:10392000D0E0D0460500202CE8D10EAB984603230A
:10393000249A1340012B00D196E02023249A01936E
:103940000392239A434602921EE0249B5846049316
:10395000239B00960197039343460C9A0293079981
:103960004B46FFF7FDFC17B0F0BCBB46B246A9467C
:10397000A046F0BD249B5B070ED40322694B24991B
:103980000192039123990291009358464B460C9A59
:103990000799FFF7A1FBE6E70422634BEFE73B0043
:1039A00032000020002101F020F9012306000F0061
:1039B0000D9344E7249B0393239B029304230193D9
:1039C0005A4BE1E7280001F0B1F902000B0030008A
:1039D000390001F00AF9524B002206000F0001F0F5
:1039E00077F90EAB984600280AD100223000390042
:1039F0004B4B01F083F9002802D1EB0700D50135CC
:103A0000202C94D008AA94461723280063440A2146
:103A100001341E1900F07AFE3031280031700A217D
:103A200000F074FE051EEBD10323249A1340012BF2
:103A30001BD0202C00D180E70D9B002B35D02D22F0
:103A40004146631C0A5579E700220A980B99344BCA
:103A500001F03EF9002800D046E75346002B51D133
:103A600001239C46E2443FE72024239B002BE0D027
:103A70000D9B002B03D1249A0C33134202D0239BBD
:103A8000013B2393239BA342D3D908AB9C46172227
:103A900030236244202C00D14FE723990134135581
:103AA0008C42C6D0202CF8D147E7249B5B0724D456
:103AB000249A2300120700D440E720224146013314
:103AC0000A553BE75746089D202C00D12DE72200E0
:103AD00030214046002F09D00132B154202A00D1B4
:103AE00023E7D3431B191B18002BF5D10EAB9846C7
:103AF0002E234146541C8B5482E72B224146631CE3
:103B00000A551BE7DB0700D4EEE6A9E7FFFFEFFF4E
:103B1000FFFFEF7F65CDCD4165CDCDC1889F001002
:103B20000000E03F8C9D0010909D00109C9D0010B7
:103B3000249B0393239B029303230193004B23E7CE
:103B4000989D0010F0B5DE464E4657464546E0B516
:103B50009FB01C00289B91460993C94AC94B8B46CC
:103B600008901A60002900D118E2002320789A46B4
:103B7000002800D11AE226001D005C460AE02A0057
:103B80006F1C4B46089D2100A8473D000136307848
:103B9000002870D02528F2D110239B46083B9A4676
:103BA000043B9846023B00219C46721C107816008C
:103BB0000300203BDBB2102B03D8B34F9B00FB5814
:103BC0009F460300303B092B32D900230A932A2851
:103BD00068D0002398462E283ED00300683BDBB215
:103BE000122B1CD8A94A9B00D3589F4601230132AF
:103BF0001943DBE7634601321943D7E743460132F5
:103C00001943D3E75B4601321943CFE753460132EC
:103C10001943CBE780235B0070781943013603001A
:103C2000253BDBB2532BAAD8994A9B00D3589F4619
:103C300000270300B800C01901364000C0183378CF
:103C400030381A00303A0700092AF3D90A901800D0
:103C5000002398462E28C0D180237078DB001943BA
:103C60000300303B721C092B00D8A1E12A2800D1A7
:103C7000B2E11600B1E7A346AA462C00D14503D80D
:103C800001235B424B449A464B465246594600201C
:103C9000089DA84720001FB0F0BCBB46B246A9460D
:103CA000A046F0BD099B40CB0A96002E03DB50785E
:103CB0000993561C8DE72838014370420A900993F6
:103CC0005078561C85E7782800D1DFE1582800D1CC
:103CD0004CE26F2800D14FE3622801D100F030FCA4
:103CE00010230A009A430B92692801D000F0A9FC26
:103CF0000A230C934B0500D5D0E10B9A80231100C9
:103D00009B0019408B461A4200D0A1E2802311008B
:103D10005B0019408A461A4200D0B6E313005B06E6
:103D200000D5EDE2130009991B0601D400F076FCE2
:103D300008C91BB2D8171A18424092B2099193468B
:103D4000DA0F1292002B09D1802310220B99DB008D
:103D50000B4091430B91002B00D0E4E20B9A6123BE
:103D6000920600D541230EA91F228C46DBB2624485
:103D70000A3B5F461395A34655460C9CB2460D93ED
:103D800016000AE03033DBB201357355A74200D28A
:103D9000EDE2202D00D1EAE207002100380000F01A
:103DA000DDFCCBB20929EDD90D9A94466344DBB210
:103DB000EAE780239B007078194301362FE770787B
:103DC000682800D1CDE180230136194327E77078B8
:103DD0006C2800D1BFE180235B00194301361EE748
:103DE000462800D19BE10722099B049107339343A6
:103DF0000A9A19000392424602920CC9089800924E
:103E0000019309912A004B462100FFF7CFFC0136B0
:103E10000500BCE62A006F1C4B46089D21002520AA
:103E2000A84701363D00B2E68B0700D4ADE1099BFF
:103E30002A009A466B1C9846534601CB21009A46AD
:103E4000089F4B46C0B2B8470A9B9C466544012B6D
:103E500000D886E2089B4746B04626004C46994665
:103E60003A002300013731002020C847AF42F7D184
:103E7000A1465346340046460993013687E6C046BC
:103E8000453B0010E8250020A49D0010E89D00108F
:103E9000349E0010099B04CB9B4643460992002B9D
:103EA00000D1C6E013789C46002B00D1BDE3434609
:103EB000013B099A0133D0180A9F130001E08342A5
:103EC00003D05A780133002AF9D1099A0A979B1A2C
:103ED0000B9380230A00DB001A400C92194204D095
:103EE0000B9B434501D943460B9302231A000A401A
:103EF0000D920B4200D187E16046002800D168E1B5
:103F00000C9B002B00D10DE1A844C246099B5746EB
:103F10005B1B9846089BB2462A0026004C469946F1
:103F200009E023003100551CC8474346585D00286E
:103F300000D126E12A009742F3D1A1463D0034008A
:103F400056460D9B002B00D043E15B46013609939A
:103F50001DE6099B1A0008CA9246002B48D0212270
:103F600011438B460EA884461F2161440995002207
:103F70000F27A4460D0002E0202A0CD00B003C00C5
:103F80001C4020003730092C00D807380132A854D3
:103F900019090F2BF0D86446099D32E0DC4B2078DC
:103FA000089300239A46002800D0E4E5002465E643
:103FB000434606000A9F9800C0180132400080194D
:103FC0001678030030003038303B0928F3D9300030
:103FD000984616000A9700E6099B023604CB9046E5
:103FE000D2434046D2171040804609933078F4E51A
:103FF00010220800904311321043834600224905E5
:10400000B0D55B46069308230593434604931023DB
:1040100003930023029316AB019200932A004B46B0
:1040200021000898FFF7A6F85346050001360993CA
:10403000ADE513789C46002B00D1F7E202235B42EA
:1040400037E7202302009A43472A04D180231B012B
:10405000194302239843452801D1202319430722FD
:10406000099B0491073393430A9A1900039242462D
:1040700002920CC908980092019309912A004B46BC
:104080002100FFF76DF90136050080E510230C9340
:104090000C230A009A430B924B0503D501230B9A7C
:1040A0009A430B92692800D127E6642800D124E6C0
:1040B0000B9A802311009B0019408B461A4200D0B6
:1040C00066E1802311005B0019408A461A4200D045
:1040D00039E213005B0600D53CE113001B0600D457
:1040E000A6E2099B04CB1204120C934609935B468B
:1040F000002B00D09AE10B9A1033110099430B91D9
:10410000520500D492E100239A460B9B06930A9B2A
:104110000593434604930C9B039300230CE1202357
:10412000194360E6099B0A9A5B1B98464B469146E9
:104130001F00B2462600089C2A003B003100A04721
:1041400043460135585D0028F6D14A463400B94649
:1041500056460A92F5E6C0239B00B0781943023612
:104160005DE5C023B0781943023658E50C230A00F8
:104170009A4314331A43103B0B920C934B058DD486
:1041800096E7A14634005646DBE60A9A012A00D893
:1041900053E26B1E9F18089BB04626004C4699467A
:1041A0002A002300013531002020C847BD42F7D145
:1041B000A14634004646099B3A0001CB21009846AF
:1041C0007D1C4B46089FC0B2B84743460136099351
:1041D000DDE40B9B0A9AA8469A4200D8B5E69446BD
:1041E0006544ED1A089B4746B04626004C46994662
:1041F0003A002300013731002020C847AF42F7D1F1
:10420000A14634004646A0E60B9A0A99531C9142F7
:1042100000D814E24B199B1A1F00089BB2462600D7
:104220004C4699462A002300013531002020C8471A
:10423000BD42F7D10A9BA14601330B93099B340081
:104240001B7856469C466046002800D058E67CE61F
:104250000722099B07339343013294469C446246EC
:104260005F6809921A68FB171093119310981199BF
:10427000030053400E930B007B400F9394460E9A1D
:104280000F9B121A8B410E920F93FB0F62461293F3
:1042900000233A439B463DD00B9A6123920600D5FA
:1042A00041230022DBB20EA90A3B8C4692460D93B5
:1042B00043461F3262441395159655460E9E0F9F36
:1042C000A24690460C9C14930CE03032D2B2434686
:1042D00001355A55BB4500D18AE1202D00D18AE134
:1042E00006000F00220000233000390000F074FAAD
:1042F000D2B2092AE9D90D9B9C466244D2B2E6E7C4
:10430000FF23099904C913401A00099117E5C04613
:10431000D53000100B9A1033110099430B915205C0
:10432000BAD500239A460B9B06930A9B05934346F6
:1043300004930C9B0393129B02935346019316AB79
:104340002A00009321004B460898FEF713FF013620
:1043500005001CE4FF22099B02CB11408B46099308
:10436000C5E65346454609930136FFF710FC56460D
:104370005C46AA46139DD6E708230C930B910B9934
:10438000642800D084E60B9B5B0500D586E6B4E488
:104390000722099B07339343013294469C446246AB
:1043A00009921A685B6810009B4613005A46134333
:1043B00007D10B9A1033110099430B91520500D588
:1043C000A1E60B9A6123920600D541230022DBB2BD
:1043D0000EA90A3B8C4692460D9343461F32624417
:1043E0005F461295A34655460400B24690460C9E81
:1043F00013930DE03032D2B2434601355A550023B3
:10440000BB4200D100E1202D00D100E104000F00EB
:10441000320000232000390000F0DEF9D2B2092A70
:10442000E8D90D9B9C466244D2B2E5E70B9A612322
:10443000920600D54123DBB20EA90A3B1F228C460F
:104440000D93230062445C461295170055469B4627
:10445000B2460C9E08E03033DBB201357B55B442E6
:104460000ED3202D0CD004003100200000F076F98E
:10447000CBB20929EFD90D9A94466344DBB2ECE73D
:1044800056465C46AA46129D3FE6099B1A0008CA9A
:10449000D91713925A184A409246DA0F1292002BFB
:1044A00008D1802310220B99DB000B4091430B9124
:1044B000002B2BD10B9A6123920600D541230EAA23
:1044C0001F279446DBB20A3B0D9567445D4609936E
:1044D000A3465446B2460C9E08E03033DBB20135A9
:1044E0007B55B4420ED3202D0CD0040031002000A7
:1044F00000F034F9CBB20929EFD9099A9446634404
:10450000DBB2ECE756465C46AB460D9D0B9B2A00A2
:1045100006930A9B21000593434604930C9B08983D
:104520000393129B013602935B46019316AB0093F3
:104530004B46FEF71FFE139B05000993FFF727FB71
:1045400002230C931AE7099B04CB92461293002A8C
:1045500008D1802310220B99DB000B4091430B9173
:10456000002B2BD10B9A6123920600D541230EAA72
:104570001F279446DBB20A3B0D9567445D460993BD
:10458000A3465446B2460C9E08E03033DBB20135F8
:104590007B55B4420ED3202D0CD0040031002000F6
:1045A00000F0DCF8CBB20929EFD9099A94466344AC
:1045B000DBB2ECE756465C46AB460D9D0B9B2A00F2
:1045C00006930A9B21000593434604930C9B08988D
:1045D0000393002302935B46019316AB00934B4673
:1045E000FEF7C8FD129B050009930136FFF7CFFACD
:1045F000B44200D871E6149B54460E960F97AA4613
:104600009846159E139D8EE6A64200D8FBE6139BA6
:1046100056469846AA465C46129D76E508C9D817C4
:104620001A1842400991FFF78AFB00230B9350E4CC
:10463000099B04CB9346099359E52F00BBE50B93E7
:1046400001E6063B0C939AE600B585B00391012183
:1046500002900093034813004A4202A9FFF772FA3E
:1046600005B000BD5133001010B5094A03001468AD
:1046700084B0002C08D0012200910648524203A9C0
:10468000A047012004B010BD01F018FF0020F9E799
:10469000E82500204133001001480421014B184750
:1046A000900F0020C9460010142310B5010018888F
:1046B00004331B88984710BD162310B501001888D5
:1046C00002331B88984710BDF8B54746CE4680B5E3
:1046D0000F1E19D014239946043304000025012627
:1046E00098464B461888434621681B88984701C462
:1046F000431E9841013540420640AF42F1D130009F
:10470000C0BCB946B046F8BD0126F8E7124A936F1F
:104710009B0815D29066D166002905D0FFE7FFE718
:10472000FFE7516F106F704704B580210906C2176B
:104730005140002800D0C84304F052FF002104BDBE
:10474000F0B5146E556E576F166FFFF7E3FF1466E2
:10475000556657671667F0BD000000D0114A936F89
:104760009B0813D210665166002905D0FFE7FFE7CA
:10477000FFE7516F106F704704B5002801D000208B
:10478000C04304F02DFF002104BDC046F0B5146EF7
:10479000556E576F166FFFF7E5FF1466556657673E
:1047A0001667F0BD000000D094464A4A926F920806
:1047B000624601D228E0C046F0B5464E346E756EB2
:1047C000776F366F00F020F89446424A14665566BB
:1047D000576716676246F0BD94463E4A926F92084C
:1047E000624601D254E0C046F0B53A4E346E756E62
:1047F000776F366F00F04CF89446364A146655666B
:10480000576716676246F0BD002B24DB11D00029E4
:104810003EDA00B5C943404200D1013100F038F81A
:10482000C943404200D10131DB43524200D1013340
:1048300000BD002AEBD1002801D1002905D00020BD
:10484000C90FC90701D1C043410800B504F0C0FE3B
:104850000022002300BD00B500290ADBDB435242E1
:1048600000D1013300F014F8C943404200D10131B6
:1048700000BDC943404200D10131DB43524200D167
:10488000013300F005F8DB43524200D1013300BD93
:10489000002923D1002B18D1002A0CD0BC460D4F83
:1048A00038667A6600210023FFE7FFE7FFE77A6FAB
:1048B000386F67467047002801D00748010000B5EF
:1048C00004F086FE0022002300BD02000B00002041
:1048D00000217047000000D0FFFFFFFF002B00D039
:1048E000BFE0130C28D1002AE7D080B4114F3966FD
:1048F0007A66FFE7FFE730B4040C7B6F396F1B0467
:1049000023433B667A66FFE7FFE7FFE7C04684B2D2
:104910007B6F3D6F1B0423433B667A66FFE7FFE72F
:10492000C04600232C042D0C7A6F386F00196941A2
:10493000B0BC7047000000D0F0B594460025140EBE
:1049400001D112020835140F01D112010435940F60
:1049500001D192000235D40F01D152000135D40BA0
:104960000134254F7C66254C3C660E0C93B2FFE764
:10497000FFE7FFE73C6F6643360C7703BE467343A1
:10498000DF0B5B04C01AB941130C7343DB18C91A5F
:10499000CE086643360CB64493B273431F0F1B0117
:1049A000C01AB941130C73431F0B1B05C01AB94140
:1049B000860D8F023E436643360C092D24DB520AD6
:1049C0007243801A7703460A6643360C16235B1B34
:1049D000DE40DF40BF1964466643821B70460435E3
:1049E00006330100D940A840C01900D30131A242CA
:1049F00006D20023F0BD0000000000D0FFFFFFFF43
:104A0000121B0130F3D3F1E709277F1BFE406446F8
:104A1000A2B27243801A00D20139220C7243130CE5
:104A20001204821A99410B007046043513370100B5
:104A3000F940A840801900D30131002B02D1A242D5
:104A40000AD2F0BD013000D30131121BFAD2013B72
:104A5000F8D1A24200D2F0BD013000D30131121BC7
:104A6000F7E7F0B51C0C00D080E00CB400251C0A60
:104A700004D11B02160E3343120208351C0B04D15D
:104A80001B01160F3343120104359C0B04D19B000C
:104A9000960F334392000235DC0B02D192185B4132
:104AA00001351C00971864410134464F7C66464C22
:104AB0003C660E0CFFE7FFE7FFE7C0463C6F66432E
:104AC000360C7703BE4697B27743C01B00D201393C
:104AD000C01B00D201399FB27743C91BC91B170CF9
:104AE00077437E04FF0B801BB941CE086643360C2A
:104AF0000C2D33DBB644120B1F053A431B0B97B248
:104B00007743C01B00D201399FB27743C91B170CF2
:104B100077433E043F0C801BB941860D8F023E4314
:104B2000664329277F1BFE400C3D7746AF40BF19E7
:104B300030BCA2B2ABB272437343801A9941220CCB
:104B40007243130C1204801A994102000B000137C2
:104B5000001BA941F9D2781E0021F0BD0C277F1B54
:104B6000FE4077467F0BAF40FF19E0E700245D1C55
:104B700007D0144F7D663966FFE7FFE7FFE7FFE7E1
:104B80003C6F95B29EB265436643401BB141150C24
:104B90001E0C6543664336042F0C3E432D04401B18
:104BA000B141994204D202000B0020000021F0BD67
:104BB00001D19042F7D3801A994101349942F2D33E
:104BC000F6E70000000000D0FFFFFFFF44464D461F
:104BD00056465F46F0B47047F0BCA046A946B246C0
:104BE000BB46704748404140484018B41B4B5B6887
:104BF000FC46019308BD04DFF352001018B4174BB4
:104C00001B68FC46019308BD00DFFD52001094466E
:104C1000134A926F920809D2624618B40F4BDB68B0
:104C2000FC46019308BD0CDFB55500100C4AF0B5E9
:104C3000146E556E576F166F6246FFF7EEFF084A07
:104C40001466556657671667F0BD18B4034B9B682A
:104C5000FC46019308BD08DF595400105819002084
:104C6000000000D0FFB550404240504059404B40FA
:104C7000594000E0FFB5154F4C00640D03D0BC4215
:104C800004D10C0314D80020090D09055C00640D43
:104C900003D0BC4204D11C030AD800221B0D1B0503
:104CA00001264B4009D44B4003D58B4200D18242B0
:104CB000FFBD9942FCD19042FFBD0B43DB1803437B
:104CC0001343F5D0C9434918FFBD0000FF0700009A
:104CD00000B5FFF7CFFF804100BDC04600B5FFF72C
:104CE000C9FF01D9002000BD012000BD00B5FFF7BC
:104CF000B9FF01D9002000BD012000BD00B5FFF7BC
:104D0000B1FF804100BD012040054A00121804D8BF
:104D10005A00121801D80020704701207047002067
:104D2000704700000021002805D17047C117484096
:104D3000401AFAD0C90713B5064B1B6898470CBC3C
:104D4000441CA2401005120B0349091B0905194315
:104D5000114310BD382600201F04000010B54C0080
:104D6000620D8023D218DB00D21A5B057E2A10DD8B
:104D70009E3A13DACC170903490819435242D1402D
:104D8000640001341532202A05DAD040084360431C
:104D900010BD002010BD0846604310BDC80FC018EC
:104DA000013810BD18B4044B5B6AFC46019308BD82
:104DB00024DF9159001000005819002018B4044B4A
:104DC0001B6EFC46019308BD60DF435A00100000D3
:104DD0005819002018B4044B9B69FC46019308BD88
:104DE00018DF81570010000058190020024A034BB9
:104DF00000B500F05DFA00BD182D4454FB211940A8
:104E00008A0002D3920D092A08DA18B4064BDB6B2C
:104E1000FC46019308BD3CDF775B001000B5FFF74F
:104E2000E5FF04BC9646F0E75819002018B4044B7F
:104E30001B6DFC46019308BD50DF255F001000008C
:104E400058190020132370B51D78012D15D010DDE1
:104E50001C48FFF731FC1C4C01008022200001F0AF
:104E6000C9F9022D06D01948FFF71EFC184B18602F
:104E700070BD154C174BA364F5E7164B124C23601D
:104E80006360A360E36023616361A361E361236204
:104E90006362A362E36223636363A363E3632364E4
:104EA0006364A364E36423656365A365E3652366C4
:104EB0006366A366E36623676367A367E367A36428
:104EC000D1E7C04653440000581900204C3300007D
:104ED00038260020C1520010254A4B0094465B0D35
:104EE0006344F0B504000D005A1C24DB5A1C38D072
:104EF0003422D21A002A1DDD3322D31A533A9A18CB
:104F00001DD401269640310001269E403000241811
:104F10004D41002A1FDB02269640310002229A40B2
:104F200010002600002342428B412C0016401C40FA
:104F300030002100F0BDCB0F0020D907FAE7202672
:104F40000127F61AF74001269E4039003000241848
:104F50004D41002ADFDA20220226D21AD640310043
:104F6000DCE7CB0F034ADB071A4300201100E1E71F
:104F700001FCFFFF0000F03FF0B5C6460B000D003E
:104F800049000200040000B5490D30D01E48091840
:104F900027D43426711A8846464610001900002E80
:104FA0001CDD20214942771827D40126BE4031005C
:104FB00001274646B7403800002B06DB0124644237
:104FC000E517A4185D4124184D41002342428B414E
:104FD00026002C0016401C403000210080BCB84642
:104FE000F0BD0020002B06DA80210906F6E7DB0F72
:104FF0000020D907F2E70549F0E72027BF1B01266B
:10500000FE403100D4E7C04601FCFFFF0000F03F46
:10501000F0B557464E464546DE46E0B587B00292AB
:105020005A009A46530D9946109B4D0004006D0D91
:10503000002B01D000221A609A4A95427DD04B463F
:10504000002B7AD0002D00D182E027000E00914580
:1050500075D0013B0393AB4271DCCB0F0E03984636
:10506000330B9B4680235B039C465B46624613439F
:105070001F005346060018036346000B0343029AC1
:105080000193039B0092AB4200D1AAE04346002B60
:1050900000D1B7E033003C0000275E42A7414B46F9
:1050A000ED1A002D00DCC0E00120019B40421911E7
:1050B000FFF754FB002398464B4603935346AB46F9
:1050C000029004931BE032009A40150033005246D0
:1050D00093401C004B464846D917009A019B01F0AB
:1050E00007F84346524693404B4498465B46260099
:1050F0002F009B1A361A8F419B46002B2BDD5B46F7
:10510000DA460C2B01DD0C239A46029ABB1153435D
:1051100051461D22521A1341202201335B10524284
:1051200099468B18CFD5202332005B1ADA40130042
:105130003A008A4015001D43C8E700275A4E380040
:10514000310007B0F0BCBB46B246A946A046F0BD50
:1051500000270026F3E7039B9946049B9A46009B91
:10516000019CBC4200DD83E000D17DE0009B019CFE
:10517000F61AA741BC4200DD8BE000D185E0009B20
:10518000019CF61AA74102239C46E0443200009895
:1051900001993B0092197B418B421ADC17D0009990
:1051A0008A425AD05346002B02DA43465B42984665
:1051B000109B002B01D042461A604B463B4A300000
:1051C0003900D21AFFF7FAFD07000E00B7E7824256
:1051D000E5D9009B019CF61AA74101239C46E044B7
:1051E000E0E7019B9F422FDD00980199434600189C
:1051F0004941002B3FD1039B361A8F419946012329
:105200009846CFE74B46ED1A002D00DD4CE7019B99
:10521000BB42BBDC009B019CBC4201D1B342B5D870
:10522000009B019CF61AA74133E000239846009B9F
:10523000019CF6186741002F2FDAF6186741022308
:105240005B429C46E044A1E7009A019B9F4201D14A
:105250009642C9D827000E0071E7019A9342A1D166
:105260004346DB079ED5B4E7009BB34200D87DE7F9
:10527000002FDCDB8AE7039B801BB94199460123A1
:105280005B4206000F0098468CE7009BB34200D8B3
:1052900075E701239C46E04478E701235B429C4686
:1052A000E04473E7FF0700000000F07F33040000D4
:1052B00010B5002482B00094FFF7AAFE02B010BD22
:1052C00007B5604601880A0A0230DF2AFAD1C9B25E
:1052D000820804D3028840880004104300E000687C
:1052E000014A5050039007BD581900200FB403BC69
:1052F0000CBCF0B50124E407634000E0F0B50C0DF0
:10530000CF0F661E3605891B640503D3C94340428F
:1053100000D30131640D03D0661CF60A07D0E41BEC
:1053200000207F00791C89078912803C24031D0D11
:10533000DF0F6E1E36059B1B6D0503D3DB43524208
:1053400000D301336D0D03D06E1CF60A07D0ED1BA0
:1053500000227F007B1C9B079B12803D2D032F1B8F
:10536000661B58D4A446202E46DA20371400BC40D1
:105370001D00BD40F24033412A4380185941CB0FF4
:1053800005D0C943C04300226442504151416246A6
:105390004D0D28D10D0D07D100281FD024194041F3
:1053A0004941013A0D0DF9D0640006D3013000D314
:1053B0000131002C01D140084000013A0BD4941C6B
:1053C000E40A04D112051144DB071944F0BDD907E2
:1053D000204B194300E0D9070020F0BD0029DDD1A2
:1053E000002CDBD1F0BD0132C6074008CD072843B1
:1053F0004908002EE1D0D9E73C2E29DA203E40377B
:105400001400BC4000D00124F24014431A00BB40F9
:105410001C43D317ACE7AC46202F08DA2036040033
:10542000B4400D00B540F84039412843A5E73C2F72
:105430000CDA203F40360400B44000D00124F8408C
:1054400004430800B1400C43C117EAE710001900FB
:10545000002494E70000F07FF0B50C0D661E3605C1
:10546000891BE60A6405640D02D0651CED0A04D0B0
:10547000002001210905803C2403A4461C0D671E61
:105480003F05DB1BE70A6405640D02D0651CED0ACD
:1054900004D0002201231B05803C24037740644490
:1054A00097B484B296B27443070C7E43150C6F43D5
:1054B00080B26843361802D3012000043F1830043C
:1054C000350C00197D41844688B29AB250430C0CC9
:1054D00062431F0C7C438EB27E43921902D3012695
:1054E0003604A4191604170C3618674101BC81B2A2
:1054F0009AB25143040C62431B0C5C4380B2584384
:10550000121802D30120000424181004130C4018B0
:1055100063412D185E410020474106BC88B293B21A
:1055200058430C0C6343120C544389B251435B182B
:1055300002D301210904641819041A0C09186241E4
:105540006D1856410020474118BCF902720D1143F5
:10555000F0026A0D1043ED020A0D03D16D194041AE
:105560004941013B124E9B1B7600B3420ED26D00A7
:1055700007D30130002671416646354301D140080A
:1055800040001B05C918E4072144F0BD0BDA0133C4
:1055900006D1013004D101314F0D01D04908F2E7A5
:1055A000E1070020F0BD013631050020EBE70000E7
:1055B000FF030000F0B51C0D671E3F05DB1BE70A6B
:1055C0006405640D02D0661CF60A04D00022012393
:1055D0001B05803C2403D0252D060026F6432E66AD
:1055E0001E096E66CE0FF619B44649004F0D02D063
:1055F0007E1CF60A03D000200021403F3F033E1BE3
:10560000B600B444013F7F05C91B49082E6F01361F
:1056100076089C02950D25437543ED137543AD1334
:1056200001356D10F603761B0CB4CC02450D2C43EE
:10563000A2B2B3B25A43270C7B43350C6F43A4B2DA
:105640006C431B1902D3012424043F191C041D0CB4
:10565000A4187D4124196D41009A91B2ACB2614306
:10566000170C7C432B0C5F4392B25A43A41802D30D
:1056700001221204BF182204230C52187B41019C02
:105680006C431B19520ED9010A434401A01A81B27E
:10569000B2B2514303145A43360C734387B2774373
:1056A000D617D21900277E4136049B191704160C11
:1056B0007F185E417316ED18F301002680337541A3
:1056C000A90F06D16400690AE8055B0A184309D2EC
:1056D0002FE00422944480337541A90AA8059B0A4F
:1056E000184326D3404149412404009A019B0D00F0
:1056F0005543641B4343E41A95B286B27543170CB5
:105700007E43030C5F4392B25A43B61802D3012280
:105710001204BF183204330C52197B4152429C418F
:10572000002C02D40022013051414008CA07104326
:10573000490802B06246D7079210084BD218084BAE
:105740009A4203D212058918C919F0BD0020002A17
:1057500001DC3900F0BD01331905F5E7FD03000058
:10576000FE07000007DA002107E0C90FC907520D44
:1057700003D0C91201E04C49090500207047C0461A
:105780004A00F2D2520D013A484B9A42EAD2F0B5A1
:105790001405091B520801D3001849419B08D2186F
:1057A0001205944640A44A0CA25C0B095343534390
:1057B0001B1353435B131202D21A13005B435B0BA0
:1057C0004C086343DB135343DB1501335B10D21AE0
:1057D000130CD21A13005B438902840D21438DB24E
:1057E0009EB275430F0C7E431B0C5F438CB25C432F
:1057F000361902D3012424043F193404330C6419EC
:105800007B419D01A40E2C432034A5B255432414A2
:1058100054432D0C6419A411D203121B95B28EB2FD
:105820007543170C7E430C0C674393B26343F61821
:1058300002D301231B04FF183304340C5B197C4191
:10584000DB186441DB18002363419EB276439DB2AE
:105850001F0C7D437F436C04ED0BA4197D410602B0
:105860008F08361BAF417D07F6086E41B4B295B282
:105870006C4337147D43120C5743B6B25643EA17B4
:10588000AD19002672411204BF182E042A0C3619D5
:105890007A410832521117D29D0A9C05D11710196E
:1058A00069416144F0BD0000FF070000FE070000F1
:1058B000F8EBDFD6CDC5BEB8B2ADA8A4A09C999533
:1058C000928F8D8A8885838152415D0ADC05D117CC
:1058D00014194D412B006343A6B27643A2B2270CA4
:1058E0007A437F435104D20B89197A41D218D218D6
:1058F00080054942904102D4002301345D41600893
:105900006908ED0728436144F0BDC046624618CAE5
:1059100094465A46002A20DB04E0624618CA9446A0
:1059200000291ADAC01861415B463B415C46B4402D
:105930005246FA40224344464D4662416B419046EE
:1059400099462B46B3403D41FC401C4352465B46C2
:10595000A241AB4192469B467047C01AA1414B46BB
:105960003B414C46B4404246FA40224354465D46D1
:1059700062416B4192469B462B46B3403D41FC4001
:105980001C4342464B46A241AB4190469946704764
:10599000002200B5203200F010F8080000BD0022FF
:1059A00000B500F00CF8CA179A4200D100BDD843E8
:1059B0000121C907414000BD00220B150AD410B5D2
:1059C000944600F079F81414013400DA0021CB1762
:1059D000144C20470020002170476244343A0CD414
:1059E0000C2A07DA04009140904052422032D44001
:1059F000214310BDD843D94310BD203207D40C46F3
:105A00009440524220321141D040204310BD080042
:105A1000C917203203D452422032104110BD180061
:105A2000190010BDDB59001000210A00002104E01C
:105A300000210A00C11704E00022002306E0C0464E
:105A40000022CB1758405940C01A994130B5184C24
:105A5000A21A002903D1010010D00020203A4C15D1
:105A600012D104D2013A001849414C0DFAD3114C1D
:105A7000A24204D212058918DB07C91830BDD243EF
:105A8000520D00200021F5E703D4013A00184941E6
:105A9000FBD50B324405C00A4D052843C90A6400F2
:105AA00003D0002460416141E1E7E0D34408F8E716
:105AB00032040000FE0700000A0DCC0F531E1B0528
:105AC000C91A520503D3C943404200D30131520DD4
:105AD00003D0531CDB0A07D0121B00206400611C9A
:105AE00089078912803A1203014BD21A70470000CD
:105AF000FF030000023225D40C2A1CDA1125AD1A4E
:105B00000B002B41083207350600EE4090409140D3
:105B10003143F0CC63431A1500235A415543564391
:105B20005743BF02F412760576196741ED177F19C6
:105B3000801BB94170470C220020C9174900013170
:105B40000905DBE70902030E194300025342203224
:105B500008D40C0019419440D84020430022504101
:105B6000514170470800C917203B2032F1D5002071
:105B7000002100227047F0B5FFF728F800F00EF87A
:105B800000F030F806E0F0B5FFF720F800F006F876
:105B900000F046F8FFF720F8F0BD000000B5FFF771
:105BA0008BFF30A4FFF7A6FF00242C4D2C4ED2070C
:105BB00002D3F6436D426641520004D2A246A34688
:105BC000A846B14603E0A046A146AA46B3466EA445
:105BD000A44601271F26FFF7A0FE0137013E212F13
:105BE000F9D100BD594684B28DB26C430614754399
:105BF0000B145E4382B25A43AD18EA1700D7D24362
:105C00001204B6182A042B0C121973414046494657
:105C10009D009B17920F2A43904199413E2210E725
:105C2000494684B28DB26C43061475430B145E432F
:105C300082B25A43AD18EA1700D7D2431204B618FD
:105C40002A042B0C12197341504659469D009B178C
:105C5000920F2A43504159413E22F2E6BB4DF09D3E
:105C6000C556F6367D5100001A61140085880A0079
:105C7000FB211900F0B5FEF7A9FF404D0C002C40A8
:105C800001D0AC4202D1090D090500201C002C40B6
:105C900001D0AC4202D11B0D1B0500220026ED02F3
:105CA000002B04D502266B40694000D476424F1980
:105CB00004D599420CDD0136694003E0BB4207DAA6
:105CC000013E6B40070010003A000F0019003B0036
:105CD00040B4002A0FD1002B0AD05C0064150134B7
:105CE00009D14C006415013402D10139013B02E0B5
:105CF000002000212EE0FFF75DFC3E22FFF750FE62
:105D000082468B4600200021804601229207914660
:105D10001DA4A44601271F26FFF7F8FD0137013E09
:105D2000212FF9D14A4653460C3A01246407002733
:105D300052081B0005D49341001979416408F7D13A
:105D400004E05341001BB9416408F1D1CE0749106A
:105D50004008304340BC002E0AD0094C094D01D503
:105D6000E443ED43F60701D1001969410019694187
:105D70003D22FFF766FEFEF72FFFF0BD0000F07F2B
:105D80008D305A88A8F64332694FBB610567AC1D58
:105D9000B16E4096FCBAAD0F72DB0BABA66EF50789
:105DA00039BD9FE576ABFE034B6297BA5BD5FF0129
:105DB000D694DBDDAAFAFF005DEAEE5655FF7F00C0
:105DC0006E77B7AAEAFF3F00BCBB5555FDFF1F0029
:105DD000DEADAAAAFFFF0F006F5555F5FFFF0700C4
:105DE000ABAAAAFEFFFF03005555D5FFFFFF010038
:105DF000ABAAFAFFFFFF00005555FFFFFF7F000031
:105E0000ABEAFFFFFF3F000055FDFFFFFF1F000053
:105E1000ABFFFFFFFF0F0000F5FFFFFFFF070000D4
:105E2000FFFFFFFFFF030000000000000002000072
:105E300000000000000100000000000080000000E1
:105E400000000000400000000000000020000000F2
:105E5000000000001000000000000000080000002A
:105E6000000000000400000000000000020000002C
:105E700000000000010000000000008000000000A1
:105E80000000004000000000F0B5FFF715FE54A42C
:105E9000FFF730FE002904DA204C214D001969413A
:105EA000013A04B4012752A6002201239B0730CEF9
:105EB000B446001BA9410BD47E4220361D003D4153
:105EC0001C00B4401600FE40344362416B4101E0C7
:105ED0000019694166460137212FE8D185B29EB28B
:105EE000754307147E43190C4F4384B24C43F1179A
:105EF00036190024614109047F183404310C6419F7
:105F00007941A40F8800204389178018594104BCA7
:105F100052423E32FFF795FDF0BD00006BDE73F498
:105F2000FD855C2CF0B54F0050D27F154ED0013767
:105F30004FD0FFF7C1FD04B44902C20D1143400226
:105F400001272BA6B446002200237E4220360D00F6
:105F50003D410C00B4400600FE40344344414D41F5
:105F6000AE0F05D120002900664630CE121BAB4192
:105F70000824A4440137212FE7D189008910121881
:105F80004B4180BC17A413CC0137784379437C4341
:105F90004F05C912CD17C0196941A702A415CD1725
:105FA000C9196C41DD17801859416C413E22CD174B
:105FB000AC4208D000090E073043090926073143D7
:105FC0002411043AF3E7FFF73CFDF0BD024900203D
:105FD000F0BD02490020F0BD0000F0FF0000F07F9E
:105FE000AAB800006BDE1300A3EF0F0021170B000F
:105FF000F34B98BFEC23F319D6104DCDE3FB470EBE
:106000007AB9BC8ADBC18907CC542C021846E1035B
:10601000053083E7B029F8011E1FE0874505FE0023
:10602000249E41ACA9807F008117624515E03F00A6
:10603000E610ABA902F81F008858455500FE0F0076
:10604000C4AAA90A80FF070056455501E0FF0300D6
:10605000ABA92A00F8FF010045550500FEFF00002E
:10606000AAAA0080FF7F0000551500E0FF3F000056
:10607000AB0200F8FF1F0000550000FEFF0F0000FC
:106080000B0080FFFF0700000100E0FFFF0300009E
:106090000000F8FFFF0100000000FEFFFF0000000D
:1060A0000080FFFF7F00000000E0FFFF3F000000D6
:1060B00000F8FFFF1F00000000FEFFFF0F000000C0
:1060C00080FFFFFF07000000E0FFFFFF030000006C
:1060D000F8FFFFFF01000000FEFFFFFF00000000CF
:1060E00000000080000000000000004000000000F0
:1060F00051434343C9188C46110C83B24B4310B42F
:10610000040C614392B280B2504362431C041B0CE6
:10611000001910BC59411304120CC01851416144BC
:1061200070470000132310B512481C78FEF7C4FA1C
:106130000100012C0AD003DD80220F4800F05AF83C
:106140000E48FEF7B1FA0E4B186010BD0A4C5422EF
:10615000200000F04FF80B4B6365A365E3652366F1
:106160006366A366E36623676367A367E3672362E7
:10617000E361E5E753460000581A00204C33000065
:10618000382600208961001007B5604601880A0A98
:106190000230DF2AFAD1C9B2820804D302884088CB
:1061A0000004104300E00068014A5050039007BD0E
:1061B000581A002010B50C0002F04AFD002804D047
:1061C000034B04199C4200D810BD0248FCF764FF41
:1061D00000000420D89F001001480421014B1847FB
:1061E000A00F0020C9460010014B1B681847000093
:1061F000A00F0020014B5B6818470000A00F002093
:10620000030010B5080011001B68984710BDC04678
:10621000F0B546464F46D646C0B5437D80460E0093
:106220001700002B46D0002A3FDD4B1E9946244B19
:106230000125002400209A460DE04B461B5D0D3BD6
:106240005A425341325DDBB20A2A0BD02B00013493
:1062500001359F421ADD002CEFD14346325D1B7D94
:106260000A2AF3D1002BF1D1A04204DA4346211AC5
:106270001B6830189847434650461B6802219847D0
:10628000013428002B0001359F42E4DC874204DD05
:106290004346391A1B6830189847F619013E33787F
:1062A0000D3B5A42534142461375E0BCBA46B146D3
:1062B000A846F0BD0368110030009847F5E7C046D6
:1062C0005CA00010F0B5C6460C000968060000B5D9
:1062D000802906D04B1C23606418267180BCB84608
:1062E000F0BD0F4B1D68002D16D0231D98460D4F95
:1062F00002E02D69002D0FD02B68002BF9D03B68F0
:10630000002B01D0AB42F4D1280041462268FFF7B0
:106310007FFF2D69002DEFD101230021DBE7C0466F
:10632000C4210020E0210020F0B5DE4657464E464D
:106330004546E0B585B017001C0006000D00FCF7CF
:10634000A9F80023304A12184B41002B58DB2F4983
:1063500008008A4603F074F901906B1C03D13000E9
:1063600002F0BAFF0500002C25D1294B9846294B95
:106370001C68002C15D0002F20D1274F02E0246983
:10638000002C0ED02368002BF9D03B68002B01D0E5
:10639000A342F4D120002A003100C0472469002C18
:1063A000F0D1019B002B27D105B0F0BCBB46B24613
:1063B000A946A046F0BD194B9846D8E7164B99461A
:1063C00002ABDF1D0A239B4602E02469002CE8D0C3
:1063D0002368002BF9D04B461B68002B01D0A34249
:1063E000F3D12A0031002000C0475B46012239006A
:1063F00020003B70C047E8E7504603F0E1F8D3E7E0
:106400000122074B5242A2E740420F003018002001
:1064100011620010C4210020E02100200162001060
:10642000FFFFFF7FF0B5CE46474680B583B06B4691
:106430000600DD1D2870FCF72DF800231A4A1218FB
:106440004B41002B2BDB19490800884603F0F8F874
:10645000174B81461C68002C14D0164F02E02469AB
:10646000002C0FD02368002BF9D03B68002B01D003
:10647000A342F4D1200001222900FFF7C9FE2469BC
:10648000002CEFD14B46002B05D1300003B0C0BC2F
:10649000B946B046F0BD404603F092F8F5E7012258
:1064A000054B5242CFE7C04640420F003018002053
:1064B000C4210020E0210020FFFFFF7F70B5040011
:1064C00002F00AFF00230100050001222000FFF76F
:1064D0002BFF084B1C68002C06D06368002B05D0EE
:1064E00098472469002CF8D1280070BD2469002C3D
:1064F000F3D1F9E7C42100200A4A1368002B05D123
:106500000CE01A001B691032002B07D09842F8D11A
:10651000002902D103691360016170470029FCD092
:106520001060FAE7C4210020F0B5CE46474680B59A
:10653000A5B004000D00FBF7ADFF00232A4A121896
:106540004B41002B49DB294E300003F079F8002342
:106550000700039322002B00254803A9FEF774F8D7
:10656000039B8046002B14D1224B1C68002C06D0C4
:106570006368002B0BD098472469002CF8D1002FBA
:1065800027D1404625B0C0BCB946B046F0BD24690D
:10659000ECE7184B1D689946002D22D0164C02E0FE
:1065A0002D69002D11D02B68002BF9D02368002B0A
:1065B00001D09D42F4D1039B28001A0004A9019345
:1065C000FFF726FE2D69002DEDD14B4603951C6883
:1065D000CCE7300002F0F4FFD3E70122074B524230
:1065E000B1E70395CBE7C04640420F0030180020CA
:1065F000C5620010C4210020E0210020FFFFFF7FC2
:106600000FB400B583B004A901C90191FFF78CFF55
:1066100003B008BC04B0184710B500F0D9F910BD9C
:106620007047C0460022014B1A7070477126002047
:106630004B790020FF2B0BD18B79002B08D1CB7924
:10664000012B05D1082A03D98A78024B09301A7028
:106650007047C046712600200120704770B501299F
:1066600009D115495379107909781B020343002099
:10667000994202D070BD0120FCE75378012B08D06D
:10668000022BF7D1002064220021FCF70DFC012031
:10669000F0E79478D278050012021443D20502D5AF
:1066A000620A93401D000548FDF7FEFF7F210300AD
:1066B000214028009847C04671260020554200001E
:1066C000012303700048704760A0001048780B78E1
:1066D0008A7800021843120410439622CB7810B532
:1066E0001B060343D200934200D010BD0348FDF7C0
:1066F000DBFF0021030008009847C0465542000018
:10670000024B1860024B19607047C04628210020D8
:106710002C21002010B5024B1878FAF7F7FF10BDB6
:1067200072260020114B70B51A68002A1AD0EFF3B8
:10673000108172B610680028FCD0BFF35F8F002272
:106740000B48596002701B68BFF35F8F1A6081F3BA
:10675000108800240025074B1878FAF7D7FF290086
:10676000200070BDFA240025A400F4E710260020C4
:10677000732600207226002070B5040000200E0051
:1067800001F008FB002835D0002001F01BFB002899
:1067900030D0FBF77FFE0023184A12184B41002B24
:1067A00024DB174D280002F04BFF002822D00020E8
:1067B00001F0F0FA00280BD101200021032440420F
:1067C00000F0D2FC6442280002F0FAFE200070BD06
:1067D000002001F0F7FA0028EED02100320000205E
:1067E00001F0FCFA041EEED1033CECE70122054B5C
:1067F0005242D6E703246442E8E7C04640420F0015
:1068000040260020FFFFFF7FF8B5DE46574680B5E3
:1068100005000C00FBF73EFE0023364A12184B41E0
:10682000002B5ADB344908008A4602F009FF002891
:1068300003D1C0BCBB46B246F8BD002001F0AAFAA5
:1068400000284ED00026002C43DD2C4B9B4614E044
:10685000A919002001F036FB070001200021404269
:1068600000F082FC002001F0F1FAFBF713FE234B4D
:10687000F61918605960B4422BDD002001F03CFB92
:10688000A71B0200B84200DD3A00002AE0D1012037
:106890000021404200F068FC002001F0D7FA0020FF
:1068A00001F078FA002814D0002001F025FB002820
:1068B000E1D1FBF7EFFD5B460F001A685B68002132
:1068C00084460F4812184B419F4202D8D3D19445B9
:1068D000D1D9504602F074FEABE70122094B524277
:1068E000A0E700200021054B18605960504602F0D7
:1068F00067FE9EE740420F0040260020501900200E
:1069000020A10700FFFFFF7F10B5244C84B00021B9
:10691000200002F06DFE00281CD1214B1A68002ACD
:1069200016D0EFF3108172B610680028FCD0BFF3C8
:106930005F8F01241B48596002781B68D2B2047033
:10694000BFF35F8F0020186081F31088002A0AD0FF
:1069500004B010BD01200021404200F005FC2000E1
:1069600002F02EFEF4E7FBF771FB0400FBF792FD4B
:10697000FA220023920012184B41002B09DB01215F
:10698000029100210191084920000091FBF762FB70
:10699000DEE70122054B5242F1E7C04640260020C7
:1069A000102600207326002025670010FFFFFF7FC0
:1069B000054B10B51868002804D0044B0022196854
:1069C00001F04AF810BDC046282100202C210020EB
:1069D000D02310B51B0684B01C68FBF737FBFBF710
:1069E000F5FBA04202D0002004B010BD264B1B785E
:1069F00001F06CFC2548FBF72DF90120FBF70EF99F
:106A0000FF23234C234920701840FAF7A5FE207875
:106A10000121FAF769FE0520FAF780FE002822D14D
:106A2000FBF714FB0400FBF735FDFA22002392006C
:106A300012184B41002B22DB012102910021019110
:106A4000154920000091FBF705FB082204000021F6
:106A50001248FFF7C9FB002CC5DB11480121FFF7E5
:106A60004BFD0120C0E700220E490520FAF79EFEEB
:106A7000FAF71EFE01000948FBF718F9EDE70122BD
:106A8000094B5242D8E7C0468CA200104026002095
:106A900072260020096900102567001010260020CA
:106AA000B00F002015670010FFFFFF7F10B500201A
:106AB00001F070F910BDC0460048704718A10010E1
:106AC00000487047C4A0001070B504001748037850
:106AD000002B21D0002C06D1C1241548154BA40051
:106AE0004380048070BD052C1DD8134B1048A400B2
:106AF000E558811C002304E001330A800231132B86
:106B00000ED0EA5CDCB2002AF6D1C0230134E4B234
:106B100064009B001C43E4E7112100F017F8D9E75B
:106B2000CA24A400DDE70020DCE7C0465826002088
:106B30009C210020090400002CA1001010B502487F
:106B400000F0D8F810BDC0463026002030B54B1EEE
:106B5000012900D1A7E0664A11780D112C003034CC
:106B60009F2900D9A2E00470012B00D1BEE00F21C3
:106B7000147821400C003034092900DD98E044707D
:106B8000022B00D1B2E054782511290030319F2C1E
:106B900000D990E08170032B00D1A7E00F212140A4
:106BA0000C003034092900DD87E0C470042B00D1CB
:106BB0009CE094782511290030319F2C00D97FE08A
:106BC0000171052B00D191E00F2121400C003034E0
:106BD000092900DD76E04471062B00D186E0D478E7
:106BE0002511290030319F2C00D96EE08171072BCF
:106BF00000D17BE00F2121400C003034092966DCF4
:106C0000C471082B00D171E01479251129003031AD
:106C10009F2C5FD80172092B68D00F2121400C00F6
:106C20003034092958DC44720A2B5FD0547925117D
:106C3000290030319F2C52D881720B2B56D00F2156
:106C400021400C00303409294BDCC4720C2B4DD090
:106C500094792511290030319F2C00D90731017317
:106C60000D2B43D00F2121400C003034092901DDC8
:106C700037310C0044730E2B38D0D1790C1122001F
:106C800030329F2900D9073282730F2B2ED00F226A
:106C90000A4011003731092A01DC30321100C1737A
:106CA000102B23D010300023037030BD07345AE777
:106CB00037310C0063E707316CE737310C0074E7BC
:106CC00007317DE737310C0085E707318EE7373133
:106CD0000C0095E707319DE737310C00A3E707313A
:106CE000AAE737310C00C4720C2BB1D1C018DAE717
:106CF0003026002030B5002589B00400092200218B
:106D000001A80095FFF770FA0922002105A8049553
:106D1000FFF76AFA4B236A466846137004A90D22EE
:106D200002F046FC1521082220006944FFF762FAB0
:106D300009B030BD10B501210520FAF7D5FC10BD12
:106D400010B500220021024800F05AF910BDC046DB
:106D5000082200208022024B5202DA647047C046AB
:106D600000201150F0B5C64600B5060000F022F92B
:106D70000C231B4DFF22AB6705201A49FAF716FDBD
:106D800040239846184C402200212000FFF72CFA9F
:106D900043460127238321210023144A6770A26000
:106DA000136063545F316184414621870539635420
:106DB0000F4A10496360E260A1620B606362E262A5
:106DC00002F056FC80239B052F64EB6490230A4A53
:106DD0003000EA50FFF7BEFF80BCB846F0BDC046A9
:106DE00000001150F9040020E82100208400105018
:106DF000000110508000105010D001000B785B068D
:106E000002D14B78052B00D070478A78014B1A606D
:106E1000FAE7C04600001150F0B5C64600B54B7900
:106E20000C791B0288782343CC787F21A40701408A
:106E3000C509A20F4F001400324E7A195201B21840
:106E4000907001206840507000205B055B0DD07091
:106E50001383D4768046CA00012D33D02A48844655
:106E6000880162448446B4446046826040461060B3
:106E7000002933D0254AC9009046624641445160FA
:106E80003F223F339343022C00D15B0020487A1904
:106E900001685201B218D1601E4ACB1803605140FC
:106EA0005340802288465201934228D84346A40684
:106EB0001C4380237F197F011B06F6191C4373684E
:106EC0001C6011E014488446880162448446B4443E
:106ED0006046826240461060002909D100236D019E
:106EE000761973600D4BF360012080BCB846F0BD8D
:106EF000084AC9009046624641445162C0E7FCF727
:106F0000E3F8D3E7E821002084001050040010507B
:106F10000C2600200000105080001050000110507E
:106F200010B502F0A5FB10BD10B57F200C0020406D
:106F30004000E409110000191A00034B4001C01879
:106F400000F05EF8012010BDE82100207F22130030
:106F500010B50B400A420BD0C909802258004018D6
:106F60000649400140181201002102F089FB10BDC2
:106F700002220348C909521A8266EEE7E82100207E
:106F8000002011507F22100010B508400A4200D1A5
:106F900010BD0023C90940004018044940010818E9
:106FA00000220349C37002F06BFBF1E7E8210020E7
:106FB000FFF7FFFF80220D4B520410B51A600C4BF7
:106FC0000C491A6010008B689843FBD10A4C9C2234
:106FD00000212000FFF708F9802200215201074814
:106FE000FFF702F90923636710BDC04600E00040C7
:106FF00000F0004000C000400000115000001050A0
:1070000070B5837E04000D001600002B17D10023FD
:10701000E38201332000A682A376256102F000FB03
:10702000002804D080219023084A8902D1502000F2
:1070300002F0B6FA002805D00123237770BD02F0D4
:107040000FFBE4E7200002F003FBF7E700201150FC
:10705000024B5878431E9841C0B27047D41E00209E
:10706000024B18784007C00F7047C046D41E00205E
:10707000034B1878FF38431E9841C0B27047C04692
:10708000EC0F0020F8B5CE46474680B52C4E0500E3
:1070900033780120FF2B03D0C0BCB946B046F8BD01
:1070A000532200212748FFF79FF8274C2000FAF7CA
:1070B000D1FD264B1C60264C20001430FAF7E6FD6B
:1070C000200001F0D1FB234B234F1C60234B98463B
:1070D000002B04D03800FFF7F3FA214B186042462A
:1070E00000243B78002A23D01E4A90461C4A914631
:1070F000A34212D80FD14346984701343B78E4B2FB
:10710000A342F5D228003570FFF72CFE2800FFF7C8
:1071100011FE0120C0E70020BEE74A461268630066
:1071200094461B19DB006344002BF4D01B68E3E793
:1071300000F0EEFE3B780020002BADD1E2E7C04628
:10714000EC0F0020D41E00208C1E0020281F0020E1
:10715000D00F00202C1F00206C260020C1660010DC
:10716000AC1B0020117F0010F0B5DE4657464E469E
:107170004546E0B58BB001F0AFF8002800D10FE133
:10718000C74BC84D9946C84B07AC9B462E687269E1
:10719000EFF3108172B61368002BFCD0BFF35F8F42
:1071A000B1613000210001F0A1F97269B369BFF348
:1071B0005F8F0021116083F31088002800D1EFE079
:1071C0006378082BE2D84A469B00D3589F466368F1
:1071D000002BDBD0A0689847D8E77F222179B24EF8
:1071E0000A405000CB093618F6183000012730301D
:1071F000C378BB43C370C3780337BB43C370002A53
:1072000000D1F2E0A94AF37C002A06D0A84A1278FD
:10721000934200D260E19B1ADBB2002B00D0BFE0AA
:10722000A44E62792078A368B047AFE75B4601229D
:107230001B78012113435A46137033235846D25CFE
:107240005E468A43C254C25C04208243F254013336
:10725000F25C8A43F254F25C8243F25423780020B9
:107260009A4600F005FD602223791A40602A0DD06D
:10727000402A00D1BFE0DB06DB0E012B00D136E156
:10728000022B00D1D4E0002B00D1C3E020780021F4
:10729000FFF75CFE80212078FFF758FE76E7824EEC
:1072A0003378DB0700D471E7834B002B00D16DE707
:1072B00000E000BF6AE77C4E3378DB0700D465E767
:1072C0007E4B002B00D161E730780007C00F00E053
:1072D00000BF5BE7764B754A9846002627781B78F7
:1072E000002A00D179E0764A92469E425FD319D1B6
:1072F000744B38009847434601361B78F6B2B342C8
:10730000F3D2694E532200213000FEF76DFF1022A8
:10731000FF21F01CFEF768FF30002022FF21133010
:10732000FEF762FF00F09AFC674B002B00D12DE7BF
:1073300000E000BF2AE75E4B5C4A984600262778AB
:107340001B78002A1FD05E4A92469E423AD321D132
:107350005C4B38009847434601361B78F6B2B3427F
:10736000F3D2514E532200213000FEF73DFF102290
:10737000FF21F01CFEF738FF30002022FF211330E0
:10738000FEF732FF07E0380000F000FE43461B78AE
:10739000002BE6D0444E00F061FC2379B370F5E693
:1073A0000BB0F0BCBB46B246A946A046F0BD524663
:1073B0001268730094469B19DB006344002BB1D024
:1073C0005B6896E752461268730094469B19DB008F
:1073D0006344002BDED05B68BBE7380000F0D6FDCD
:1073E00043461B78002B9DD18BE762792078A368F8
:1073F00000F052FCCAE63548002800D146E700F00C
:1074000037FC0121504608AA00E000BF002800D048
:10741000BCE63BE7202A00D19EE0002A00D035E7F9
:107420006379092B00D931E7294A9B00D3589F463D
:107430007023217A0B4200D028E758460F330B40C7
:107440005B00CE09C018194F8019C07C002F06D0F0
:10745000174F3F78B84200D2A0E0C01BC0B200284E
:1074600000D096E0002A00D047E11A4F022062794E
:1074700090468243012A00D142E14246002A00D0D0
:1074800004E75B449E193036F37806AA9B07DB0FAE
:10749000023213805046022308A900F081FB75E6F2
:1074A000ACA100102C1F0020D41E0020C1660010CB
:1074B0006C26002085810010000000000000000004
:1074C000AC1B00208D7F00100000000000000000B9
:1074D000D0A1001038A200105A00D318B14ADB0026
:1074E0001268D318002B00D15AE71E6999E6237A57
:1074F0000F2B00D9CAE6AC4A5B44DB78002A05D0E2
:10750000AA4A127893425ED39B1ADBB2002B00D0BA
:10751000BCE6A748A74E00F0ABFB01215046F3683C
:1075200008AA9847002800D030E660221600237988
:107530001E401A4200D0A9E663790A3B012B00D90C
:10754000A4E600F095FB63790A2B00D120E15046B8
:1075500008A900F00DFB19E6237A0F2B00D995E658
:10756000914A5B44DB78002A06D0904A1278934215
:1075700000D2E6E09B1ADBB2002B00D086E68C48F6
:107580008C4E00F075FB01215046F36808AA98471D
:107590003CE70027002A00D168E777E64700381863
:1075A000804FC0003F683F18002A00D15EE7002FDF
:1075B00000D16BE6F86800F05BFB01215046FB68E8
:1075C00008AA984722E7774A5E00F3181668DB009E
:1075D000F618002E00D159E6F0689CE7A2790192D6
:1075E00073789A4207D07378002B00D046E1019B54
:1075F000002B00D0EAE05B46019A504608A95A7079
:1076000000F0B6FAC2E5737806AA0232137050464B
:10761000012308A900F0C4FAB8E5E088030AC0B263
:107620000F2B00D932E664499A008A58974608A879
:1076300000F024FB5046A179FFF782FB0222337849
:1076400013433370A2E5E388012B00D01EE6082225
:10765000337893435A46137079E70220317806ABAA
:107660009A1C8B068908DB0F01400B4311E7E38866
:10767000012B00D00AE6082233781343EAE74F4B88
:10768000002B00D102E600E000BF021E00D1FDE5A4
:10769000D37891781B020B43504608A900F080FA7A
:1076A000B4E6474B002B00D1F0E500E000BF021E1E
:1076B00000D1EBE55046137808A900F071FAA5E671
:1076C0002189FFF701FA021EF4D1DFE5022B00D178
:1076D00012E13C4B002B00D1D8E500E000BF0200D6
:1076E000002A00D1D2E5D3E7FFF7E6F91223020022
:1076F00008A9504600F054FA88E62D482D4F5AE765
:10770000E288002A08D142465B449E193036F3785D
:10771000012A21D09B072ED5002F00D136E5F8682D
:1077200000F0A6FAFB6808AA0121504698470020FD
:1077300000F09EFA34235A46D35CDB0700D525E5DA
:1077400005E7184A5E00F3181668DB00F618002EED
:1077500000D19BE5F06814E79B07DDD51A4B18783C
:10776000FFF710FC0222F37893434246F370F3785C
:107770009343F370D0E7144B1878FFF7E7FB02222E
:10778000F37813430122F370F3781343F370C3E7E4
:1077900006AB9A1C5046012308A9167000F000FAA7
:1077A000F4E4C046AC1B0020C16600106C2600202B
:1077B000A180001038A20010F8A100100000000005
:1077C0000000000000000000EC0F0020581EC0B2B6
:1077D000FFF776F9002800D158E543780593022B8E
:1077E00000D053E50121C2790700931152110B40DB
:1077F0000A4012015B0113435A4612782F318A4323
:1078000013435A461370C37882781B021343C3187C
:1078100009370393039BBB4200D8ACE001227B787D
:1078200000920B2B03D1FB7800933B78FF187B78F9
:10783000042B00D02AE50026039B584ADB1B9BB291
:107840000293574B04931B78B24263D0B846B342BD
:1078500056D800D01AE5534B534F41465046029A32
:107860009847082803D9029A824200D38AE0049BF1
:1078700001361B78F6B2B342E9D207E55046FFF76E
:107880004FFBB378454A0093454B002698461B783A
:10789000002A0DD0454FB34225D820D1444B504645
:1078A0009847434601361B78F6B2B342F3D206E05E
:1078B000504600F06BFB43461B78002B0FD1532240
:1078C00000215846FEF790FC5B461022FF21D81C91
:1078D000FEF78AFC2022FF213648FEF785FC5B4636
:1078E000009A9A7083E618233A6873439446634477
:1078F000002BF4D05B68D2E7FFF7E2F80200EFE676
:107900002A4B1F6818237343FF18002F00D1BDE4D2
:10791000BB68A2E7029B39001A005046984600F067
:107920004BFB082800D8B1E44246824200D2ADE4C5
:107930001D4B9846009B012B28D000220AE0BB7803
:10794000D318DBB25B44D978FF2900D09EE4013222
:10795000DE70D2B2009B9A42F1D180463300020021
:107960003900144800F03CFD049B47441B78B342A7
:1079700000D34FE78AE4104B002B00D13BE600E038
:1079800000BF38E63B0047469846D3E74246054BE2
:1079900092689A42D1D1059B0093CEE7C166001050
:1079A0006C260020B97F001038A20010AC1B00200C
:1079B0008D7F0010E71E002000000000F8B557463C
:1079C0004E46DE4645460C00E0B516001F00002A74
:1079D0003CD0702398461E4B00259B461D4B9A4673
:1079E0001AE05B461B78200099465346997800F0D0
:1079F000BBFC00281CD021004846FFF70DFA0028E8
:107A000016D0A378DA09012A19D00A9A0135137021
:107A10002378E418B54219DA6378052B08D1E378A6
:107A20009B079B0FBB4203D14246A3781A42D8D092
:107A30000020F0BCBB46B246A946A046F8BD0B9A52
:107A4000013513702378E418B542E5DB0120F0E737
:107A5000EC0F0020D41E0020802310B51B0184B041
:107A600001930E4B02901C6803916269EFF310833F
:107A700072B611680029FCD0BFF35F8FA3612000AC
:107A800001A900F0F9FD6269A369BFF35F8F0021CE
:107A9000116083F3108804B010BDC0462C1F002075
:107AA000702270B58B780C001A4201D0002070BD96
:107AB000064B20001D78064B997800F055FC0028F5
:107AC000F4D021002800FFF7A7F9F0E7EC0F002021
:107AD000D41E0020074B080019687F2310B503400F
:107AE000C0095B0033301818034B181800F0F8FB7E
:107AF00010BDC046281F0020D41E0020074B0800E0
:107B000019687F2310B50340C0095B003330181893
:107B1000034B181800F00CFC10BDC046281F0020B5
:107B2000D41E00207F2070B508400F4C4000CD09C6
:107B3000241864193034E5780020ED0700D570BDB5
:107B40000126E578094835430078E570FFF7ECF940
:107B50000028F4D10122E3789343E370E378033201
:107B60009343E370EBE7C046D41E0020EC0F0020E7
:107B700070B50A4E0500300008220C00FEF73AFBF3
:107B800000237F21F3602278B36091425B4128009B
:107B9000D90100220023FFF7C5FF70BD781E002029
:107BA000F8B5CE46474691462A4E80B508220700D2
:107BB00030000D009846FEF71DFB4B46B3600023D6
:107BC000F381EC79A97924020C43231C444500D9A4
:107BD00043469AB29046B381002C13D0002A1FD09E
:107BE0004B46002B34D0131C402A1FD89BB298461A
:107BF00033787F2B20D80021174A43463800FFF7FF
:107C000091FF09E07F222B7838009A4264410023DB
:107C10000022E101FFF786FFC0BCB946B046F8BDBF
:107C200033787F2B11D980210022E6E740239BB2D5
:107C3000984633787F2BDED9074C424649462000D0
:107C4000FEF7D8FA80212200D7E700210022D4E7EE
:107C50000020E1E7781E0020941E002010B51422B9
:107C600000210248FEF7C0FA10BDC046781E002071
:107C7000014B18617047C046781E002010B5054CB6
:107C8000010008222000FEF7B5FA0023A360E3609C
:107C900010BDC046781E0020F8B53B4C1D0023786F
:107CA0000600DA09C9098A4213D00020002D00D04D
:107CB000F8BD364B002B03D021003000FFF79EF8B3
:107CC0002369002B44D02200032130009847012073
:107CD000EEE77F2B06D8A068002837D02A002C4971
:107CE000FEF788FAA368E28959195219E38892B21B
:107CF000E281A160934214D03F2D12D9A589A81A20
:107D0000071C80B240282FD82378BFB27F2B2DD8F4
:107D10000021AA4235D01E4A3B003000FFF702FF87
:107D2000C6E72369002B05D02200022130009847C6
:107D300000280FD07F220021237830009A42494149
:107D400000230022C901FFF7EDFEB1E70020AFE7F5
:107D50000120ADE700213000FFF7F8F83000802166
:107D6000FFF7F4F80120A3E74027CDE7AA4207D0A8
:107D7000074C3A002000FEF73DFA80212200CBE7B5
:107D800080210022C8E7C046781E0020FD6D00104B
:107D9000941E002010B50400FFF75AF9002801D105
:107DA000002010BDFFF75CF90028F9D1B220800057
:107DB000444303480019037901201840F1E7C04605
:107DC000B01B0020B2239B00584310B5024B10306B
:107DD000C01800F057FB10BDB01B0020F0B5B22555
:107DE000AD0045432C00C646174F1034E41900B5CA
:107DF000200092B200F0CAFB0600200000F060FBF9
:107E00003F2803D8300080BCB846F0BD7B19002065
:107E1000D9789846FFF75EFE0028F3D0200000F0E6
:107E20004FFB3F280AD992239B00EA184346D219F8
:107E3000D97800204023FFF775FEE3E74346002092
:107E4000D978FFF75BFEDDE7B01B0020F8B5040032
:107E5000FFF7FEF8002801D10020F8BDFFF700F978
:107E60000028F9D1B220800044432500144E243567
:107E7000AD19280000F006FB0028EDD037190020CE
:107E8000B978FFF727FE0028E6D0A2239B009C4686
:107E90006444A41921002800402200F077FBB9783F
:107EA000051E08D0030022000020FFF73BFE00283B
:107EB000D2D02800D1E70020FFF720FECCE7C04653
:107EC000B01B002070B5B224A4004443094B2434F5
:107ED000E418050092B2200000F012FC0600200019
:107EE00000F0D0FA3F2801D8300070BD2800FFF71D
:107EF000ADFFF9E7B01B0020B2239B00584310B53B
:107F0000024B2430C01800F0DBFA10BDB01B00207B
:107F1000B222F0B51B4C83B0002120009200FEF786
:107F200063F9FF236371184B80260025E380012746
:107F30000823210020007600237332002781383186
:107F40000095073B103000F065FA21002000393120
:107F50003200FF3101230097243000F05BFA8E23BA
:107F60009B00E6183000F9F775FE90239B0026620F
:107F7000E6183000E561F9F76DFE2663656303B02E
:107F8000F0BDC046B01B002000C2FFFF10B5094C79
:107F9000052200212000FEF727F9200024341030AC
:107FA00000F062FC200000F05FFC0121200000F0E6
:107FB0007BFC10BDB01B0020F0B54B79060083B0F0
:107FC000022B02D18B79022B03D00025280003B0AD
:107FD000F0BD304FBB78002BF7D18B7809253B7073
:107FE0000C780C196378242B0BD1082A02D80FE0E7
:107FF000AA420DD32378E418ED186378ADB2242B90
:10800000F6D0052B21D0042B02D163790A2B2FD077
:10801000214C200000F054FA3F28D7D92600103E0A
:108020000020F178FFF756FD0028CFD0200000F0A7
:1080300047FA3F2817D98E239B00E218F93BF178C5
:10804000FF3B0020FFF76EFDC0E721003000FFF787
:1080500027FD0028B9D0A3787B702378ED18E418A9
:108060006378ADB2CFE7F1780020FFF747FDADE7C9
:108070000A4B277801930133009302220223300038
:10808000E119FFF79BFC00289FD00E35ED19ADB22A
:10809000BEE7C046B01B0020C01B0020B21B002062
:1080A000F8B5602314001278050013400020202B3F
:1080B00012D12F4A6379277916781B023B439E42DF
:1080C0000AD16378222B27D007D8202B17D0212B59
:1080D00002D101293DD00120F8BD232BFCD101297B
:1080E0003FD00329F7D1234B002BF4D0E178A378BC
:1080F00009020020194300E000BF0120ECE701293C
:1081000027D00329E7D11C4B002BE4D00020911D80
:10811000FEF7DCFA0120DFE7012922D00329DAD1BA
:1081200001252E00A378E478023924021C4314713F
:10813000264024321000714000F0B6FB0F4B002B9C
:10814000C9D06208002031002A4000E000BF0120B1
:10815000C2E7072321002800094AFFF721FD01207B
:10816000BAE721002800FFF703FD0120B4E7C0466D
:10817000B01B002000000000CD66001000000000D1
:10818000B61B0020F8B557464E464546DE46E0B5DC
:10819000494F8046FA780C001E008A4264D19AB298
:1081A00092239B00FD1810239B46BB442900584690
:1081B00000F0A6FA414BD946002B18D07B79D9465E
:1081C000FF2B14D0002E12D0AA19924603E00135DD
:1081D00055450CD07B792A789A42F8D1484600F070
:1081E00067F90028F3D1797900E000BFEFE7344B5D
:1081F000002B04D0484600F05BF9002852D04846D6
:1082000000F05EF93F2834D84A46103A9378A342EA
:1082100007D001242000F0BCBB46B246A946A046C8
:10822000F8BD284B002B02D0002000E000BF00204A
:10823000FFF70CFE0028ECD1234D280000F022F9B6
:108240000028E6D1002EE4D0B306E2D1243D40461A
:10825000A978FFF73FFC041EDBD000230022404634
:10826000A978FFF75FFCD5E7BB788B42D9D0002413
:10827000D0E74D46103D0020E978FFF72BFC0028A1
:1082800001D1AB78C3E7484600F01AF93F280CD972
:108290008E22920040230020E9784A44FFF742FCF6
:1082A000AB78B4E7FEF784FBA9E70020E978FFF795
:1082B00025FCAB78ABE7C046B01B002000000000F7
:1082C000B169001000000000D41B002010B5002090
:1082D000FEF7D8FE10BDC04610B5FEF7C9FE10BDB2
:1082E000037870B5DB0704000E00DD0F002B17D1FB
:1082F00003785B0701D5280070BD01213000494299
:1083000001F07EF92378DB07DD0F002B0AD12378FB
:108310005B0708D40422237801251343237002E06D
:108320000025E8E70025300001F04AF9E3E7C04600
:1083300070B50D00012104004942280001F060F9E8
:1083400023785B07DE0F002B04DB280001F038F9EF
:10835000300070BD2378DB0704D4042223789343D4
:108360002370F2E70026F0E710B5437904791B0289
:1083700023435B055A0DC3789B079B0F022B05D047
:10838000032B15D00020012B08D010BD02291CD0D2
:108390000020402393424041C0B2F6E702394B42ED
:1083A00059410D4B9C46614491424041C0B2ECE7BB
:1083B00002394B425941F023002049429B001940A9
:1083C000403191424041C0B2DFE7044BD3185A42DA
:1083D0005341D8B2D9E7C046FF03000000FEFFFFBB
:1083E0008A1870B5914207D27F264C78052C04D0AC
:1083F0000C7809198A42F8D870BD34008D782C4069
:1084000064000419ED0963550C7809198A42ECD807
:10841000F2E7C046F0B5C64600B5040006A80578E8
:108420008020884617001E000002824227D8E0689C
:10843000002803D00121494201F0E2F82069002818
:1084400003D00121494201F0DBF843462360730465
:108450005B0CED031D430023E0686381A780E5808A
:108460002381002801D001F0ABF820690124002805
:1084700001D001F0A5F8200080BCB846F0BD002472
:10848000F9E7C04610B5048941898288A3B288B251
:108490008C4207D31B1A9BB2101C9A4200D9181C9D
:1084A00080B210BD5100091A5B189BB2F4E7C046B8
:1084B000030000895B89C01A43425841C0B270472B
:1084C00010B5048941898288A3B288B28C4207D34F
:1084D0001B1A9BB200209A4201D9D31A98B210BD40
:1084E0005100091A5B189BB2F4E7C04670B504004E
:1084F00000690E00002803D00121494201F080F8F4
:1085000025896089A288A9B283B285422CD3CD1A6D
:10851000ADB2002D2ED0AA4208D2914231D38B1A8F
:108520009BB263819A4203D89B1A9BB29A42FBD9B1
:10853000E28821685204520C53433000C918FDF7F9
:1085400059FE618901254B1C9BB2A288994214D91E
:10855000002352009B1A9BB220696381002801D03E
:1085600001F02EF8280070BD5500ED1A4D19ADB27E
:10857000002DD0D1002563899BB252009342EBDBE2
:10858000E8E789188BB26381CCE7C046F0B5464670
:108590004F46D646C0B50600006989469046002879
:1085A00003D00121494201F02BF831897289B58845
:1085B0008BB294B2914257D31F1BBFB2002F4DD044
:1085C000BD4205D2AB4254D25B199CB22F007481DC
:1085D0004346B84540D89FB2A54203D8641BA4B215
:1085E000A542FBD9F288281B5204530C1900984667
:1085F000336861439C4680B26144874226D9434632
:10860000584383B21A0048469A46FDF7F3FD4346A5
:1086100048467D1B64195C4331685044A2B2FDF7A3
:10862000E9FD7189B588CB199BB26A00994217D9C7
:108630009B1A9BB230697381002801D000F0C0FF03
:108640003800E0BCBA46B146A846F0BD42464846AE
:108650007A43FDF7CFFDE4E73B1CBCE773899BB28F
:108660006A009342E6DBE3E76F003F1BDF19BFB20E
:10867000A4E75B1B9CB2A9E7F8B50400C0680E0034
:10868000002803D00121494200F0BAFF2589208942
:108690006189A288ADB283B28FB2884228D3DB1B36
:1086A0009BB29A4209D8E779FF0906D1E068002811
:1086B00001D000F085FF3800F8BD2B00954203D3B0
:1086C0009B1A9BB29342FBD2E28821685204520C5F
:1086D0005343C8183100FDF78DFDA2886B1C9BB277
:1086E00052009D4209D99B1A9BB201272381DDE7E5
:1086F0005100C91B5B189BB2D3E79342F5DBF2E74D
:10870000F0B54E464546DE465746E0B5894605007B
:10871000140083B0002A6ED0C068002803D0012165
:10872000494200F06DFF2F89EA796B89BFB29BB295
:10873000D20942D1AE889F4267D27200D31AFB1889
:108740009BB2002290469E4231D9F31A1A1C9BB26A
:10875000A34200D9221C93B29846E8884346FB18EE
:108760009BB29B463C00B74203D3A41BA4B2B442C5
:10877000FBD24004430C18009A462B6860439C4689
:10878000311B89B2604441454ED352464346494667
:108790005A43FDF72FFDAB885B00BB4501D39B45DA
:1087A00003DB5A46D31A9BB29B465B462B81E86893
:1087B000002822D000F004FF1FE0AA8890469442CF
:1087C00026D29F4244D34146FA1A92B24900121966
:1087D0008A4209DB42469A1892B2171BBFB29346EF
:1087E000BB423AD97F1ABFB2E3199BB246469B46B9
:1087F000A046E888B6E700239846404603B0F0BCA0
:10880000BB46B246A946A046F0BDFB1A9BB298E70C
:10881000E888A21A4404640C54434246A144002A46
:10882000C5D046461F0099E75346594389B20A000E
:1088300001914946FDF7DEFC43469A1B5346A218B8
:108840005A430199286892B24944FDF7D3FCA2E744
:108850005100CA1ABA1892B2B9E7B942C2DD464607
:10886000E888A0467EE7C04610B50400C06800282E
:1088700003D00121494200F0C3FE2069002803D043
:108880000121494200F0BCFE0023E068638123819E
:10889000002801D000F094FE2069002801D000F0EB
:1088A0008FFE012010BDC04670B50400C0680D00E9
:1088B000002803D00121494200F0A2FE20690028CF
:1088C00003D00121494200F09BFE7F21E379ED01B5
:1088D0001940E0682943E171002801D000F070FEE2
:1088E0002069002801D000F06BFE012070BDC04659
:1088F000F8B54E46DE4657464546E0B50F00060041
:108900001500F8F741FE0523FB568146002B01DBDD
:108910009D423DD1204B0120F3185A4253419B0008
:108920009C461E4A1300924662469B583A791C00A8
:1089300090400138A84098460440184228D1002AA7
:1089400017D079783B7809020B439B465946BB7890
:10895000FF781B040B433F061F436300F95A4B0B80
:1089600000D149192B1912339B0001349951A242AD
:10897000F3D843460343180062465346985048468E
:10898000F8F70EFEF0BCBB46B246A946A046F8BDBD
:108990000348FAF781FBC0460000D0AFF01F00206B
:1089A00050A2001010B50400F8F7EEFD094B0021AD
:1089B000E3185A425341084A9B00995000231A0079
:1089C0001232920013510133202BF8D1F8F7E8FD51
:1089D00010BDC0460000D0AFF01F0020F0B55746D4
:1089E0004E464546DE468946E0B583B00CA90D7873
:1089F0004946490088464944C900461837003400B2
:108A0000DC3701903868CC3483462068C024824625
:108A10000198CC318446A401614421438024A402FE
:108A20000C60691E8D411F216D420D4016498C4618
:108A30006544052B0ED9A02149058C461F21D83647
:108A40006046540104430532053B3C600A403560F2
:108A5000052BF5D8414652019B0613434944019A20
:108A6000C90050180200DC3213600300D8331D60C7
:108A70005B4613605346CC30036003B0F0BCBB468A
:108A8000B246A946A046F0BD80E00000F0B5012541
:108A90008D400468AC434D0004606C18E400041978
:108AA0002600C836002B28D01F68DC3437605F688A
:108AB00077609F68DB68B76023606D18EB001D006E
:108AC0008024D035451964012C4380252D0625606E
:108AD000256001250F4C2E008C4084600C1DA640A3
:108AE000802408318D401F21A4010443C0180A408E
:108AF000D830266025600260F0BD80277F02376095
:108B0000F8277F027760C027DC343F03B76023601B
:108B1000D3E7C04601010101F0B557468246484BF4
:108B2000454653445A4253418022DE464E46920205
:108B300094465B42E0B51B0C424A1B04634413603D
:108B4000414A0D00414985B0136018008A6890437E
:108B5000FBD181460620FAF749F953465A680223A9
:108B60001A4001925246043211000292C0228046FD
:108B70008020920111430B600391EF0D02216E02E0
:108B8000AB0DAA02400005E0904507D392197B4146
:108B900081424FD00C000231002BF5D02B008026F3
:108BA000270245463F1BA04676001C0003E04346D3
:108BB000FF1A012E40D039002800B346013EFBF7D2
:108BC000CDFD8442F3D2444659463302A846994625
:108BD000614353464A461C611B6850465340FF227E
:108BE0001202134080225201024313608023029C30
:108BF00001989B011C43206002255046039E40685B
:108C0000356056460727366828407740CF263E40D5
:108C1000166020605046243018430323036040460A
:108C20002560FBF79BFD05B0F0BCBB46B246A946EC
:108C3000A046F0BD0C00B1E744461900A846C8E7BD
:108C40000040FCBF00E0004000F0004000C00040D9
:108C5000030010B50A0003490868190000F004F881
:108C600010BDC046F00F002070B50B0C0024150C91
:108C7000002B28D1002D37D18BB291B2594300F08F
:108C800047F8051E19D00300083B5A6803239A438E
:108C9000043A242A13D80300132A0AD90460446032
:108CA00008331B2A05D98460C460242A25D0030018
:108CB000103300221A605A609A60280070BD0021AB
:108CC000FDF792FAF9E7002D11D1151C89B292B285
:108CD0004A43ADB29BB26B43110C5B18190C06D121
:108CE000190492B21143CAE72B1C0D1CEEE700F0E9
:108CF00009F80C2300250360DFE703000461183343
:108D00004461D6E7014B18687047C046F00F002059
:108D1000F0B54E464546DE465746E0B50D000B35EC
:108D2000060083B0162D22D8102900D9B2E000F039
:108D3000B1FA102518230220CC4FFB181A005C68EA
:108D4000083A944200D1B5E0032362689A431300C5
:108D5000E268A168CA6091600122E3185968300096
:108D60000A435A6000F09EFA2000083095E007237D
:108D70009D4300D58EE0A94200D98BE000F08AFA2D
:108D8000FC235B009D4200D2A7E1680A00D18BE082
:108D9000042800D97AE138239846A809804439305C
:108DA000C100B24F79184C680839A1420ED0032394
:108DB0009C4604E0002ACBDAE468A14206D0624671
:108DC000636893435A1B0F2AF4DD40463A003C691E
:108DD0000832944200D178E00323616899438946C0
:108DE0000B00491B0F2900DD7BE17A613A61002904
:108DF000B2DA80229200914500D30FE15909DA08D6
:108E000001238B40D2007968D2190B4391687B60B3
:108E1000E260A1609460CC6001218210914099428F
:108E200059D80B4205D103229043490004300B422C
:108E3000FBD003239846C3009946B944CC468246EA
:108E40006346DC68A44507D12CE1002A00DB35E14C
:108E5000E468A44500D125E14246636893435A1B68
:108E60000F2AF2DD01208046611905436560A06884
:108E7000E5680837C560A86040461043F960B960EE
:108E80004860CF6030008F60E25000F00BFA2000A5
:108E9000083002E00C230020336003B0F0BCBB4676
:108EA000B246A946A046F0BD80213F234020984607
:108EB000890076E7DC680230A34200D044E73A003C
:108EC0003C690832944200D086E701217B68821019
:108ED00091409942A5D90323BC6862689A439146A0
:108EE000954203D8531B0F2B00DD89E023004B4430
:108EF0005F4A01935F4B93461B681268EB1801327F
:108F000000D13DE15C4A944663441B0B1B03009374
:108F10003000009900F0CEF903008046013300D103
:108F2000FAE0019B834200D9F4E0544B00981A0008
:108F30009A46126803009446514663440B600199B7
:108F40001A00414500D151E15B461B68013300D155
:108F500056E1434601995B1A9A1853461A60072353
:108F6000424641461A400192194200D112E10823BB
:108F70009846881A424B0099804441449B1A5B1AD8
:108F80001B051B0D0091300019009B4600F092F963
:108F9000431C00D150E14346C01A03005B440093D8
:108FA000534652461B6801215B44136042464046CB
:108FB000BA60009A0A434260BC4200D124E14A46AA
:108FC0000F2A00D822E107200C3A82436068014052
:108FD000052011436160A118486088600F2A00D9FC
:108FE00035E142464446526826490868984200D214
:108FF0000B6025490868984200D38FE00B608DE034
:109000000122290013431143651961603000BD60DE
:109010006B6000F047F9200008303EE75A0A042A46
:1090200072D9142A00D9C5E011005C325B31D2003C
:1090300008235B429C46BA18944463469A6803230B
:109040009846944500D19EE043465168994349456E
:1090500002D992689445F7D1D3689C467B686146F3
:10906000A260E1608C60D460D6E6C0462014002087
:1090700028180020A81B00200F100000781B0020DB
:1090800008100000A01B0020A41B0020142852D9A7
:10909000542800D996E06E239846280B80446F3000
:1090A000C1007EE608239B46073BDC449B46DA442E
:1090B00043465246134200D0C2E64CE00122E31878
:1090C000596830000A435A60E368A268D3609A6026
:1090D00000F0E8F820000830DFE62B00E80808334D
:1090E0002AE6012360191D43656078613861C2601A
:1090F00082601A004B460A4342603000E15000F0A3
:10910000D1F820000830C8E69A0911003932383108
:10911000D2008DE7BC4260D0BC68626803239A43EA
:10912000531B954202D80F2B00DD69E7300000F099
:10913000B9F80020B1E65B23984680445C30C1005A
:109140002FE608235B429C46E1444B469B6801386E
:109150004B4500D098E043460342F2D17B688B43F5
:109160007B604900994200D9B5E6002904D1B2E6F6
:10917000042294464900E2440B42F9D050465AE694
:1091800010330093C4E68910023B8B4079680B438F
:109190007B6064E7009B300043445B421B051B0D72
:1091A00019009B4600F086F8431C00D0F3E600232C
:1091B0009B46F5E6542A2BD81A0B11006F326E31FC
:1091C000D20035E7AA235B0098422BD8DD3B9846B6
:1091D000E80B80447830C100E3E52C4B009A9A46B6
:1091E0001B689C46534662441A60ADE6090500D0F0
:1091F000AAE60200BC684A4401310A436260F3E611
:109200005B4642461A60AAE64446EDE641608DE7B9
:10921000AA2149008A4224D8DA0B1100783277312A
:10922000D20005E71A4B984224D87C239846A80C14
:1092300080447D30C100B4E5009A019B94464246CB
:10924000083B63449B1A009300239B46A8E6210039
:109250003000083100F0BCF85346BC681B686268F7
:10926000C2E60B498A420BD89A0C11007D327C3140
:10927000D200DDE6FE217E237F209846890090E51E
:10928000FE227E219200D3E67B686AE7781B0020ED
:109290005405000010B5024800F07CF910BDC0462E
:1092A000741B002010B5024800F076F910BDC046CE
:1092B000741B0020002370B5064D040008002B60CD
:1092C000F9F7CCFE431C00D070BD2B68002BFBD0FF
:1092D0002360F9E7CC21002010B583070AD00300F2
:1092E000032102E001330B4205D01A78002AF9D19C
:1092F000181A10BD030019680C4A0D4C8A188A43CD
:1093000022420FD15968094A04338A188A432242FB
:1093100008D15968054A04338A188A432242F1D099
:1093200000E001331A78002AFBD1E1E7FFFEFEFEE0
:1093300080808080F8B50C000500FFF7ABFF204F60
:10934000BB685E6803239E431E4B341B9C466444EB
:10935000240B013C113324039C4207DB002128002D
:10936000FFF7A8FFBB689B19984204D02800FFF7BD
:1093700099FF0020F8BD28006142FFF79BFF431CC6
:109380000DD00122BB68361B16435E600E4B2800D1
:109390001A68141B1C60FFF785FF0120EAE7002113
:1093A0002800FFF787FFBA68831A0F2BDEDD074915
:1093B0000968401A0449086001210B435360D5E74E
:1093C00020140020EF0F0000781B00202818002038
:1093D000F0B5C64605000C0000B500294FD0FFF7D8
:1093E00059FF210008394C68012622000320B243AE
:1093F0008F187B688343624898468368BB426AD073
:1094000043467B6026421ED108239C460C68844458
:10941000091B12198C6864454FD0CB68E3609C60CF
:109420004346FC186468344211D1BB68554C424431
:10943000A34200D17EE0FC68DC60A36001231343FB
:109440004B608A5006E0FC1864683442EDD0164345
:109450004E603A6080239B009A4213D25409D3088D
:109460000122A2404468DB0022434260181883684E
:10947000C8608B608160D9602800FFF713FF80BC53
:10948000B846F0BD530A042B3ED89409260039345F
:109490003836E40004192368083C03279C4242D074
:1094A0005868B843904202D99B689C42F8D1DC6866
:1094B000CC608B60A160D960DEE74346F818406855
:1094C000304257D1FB68B86842441643C360986085
:1094D0004E608A50D0E713004344264206D10A6802
:1094E000891A8C689B18CA68E260946001221A434A
:1094F0004A60254A816012689A42BDD8234B2800F1
:109500001968FFF717FFB7E7142B07D9542B1AD8A0
:10951000140B26006F346E36E400BBE71E005C338C
:109520005B36DC00B6E70122B610B2404668324333
:109530004260BDE7D9609960CB608B600123134323
:109540004B608A5098E7AA246400A34205D8D40B44
:10955000260078347736E4009CE70D4CA34205D80A
:10956000940C26007D347C36E40093E7FE247E26AE
:10957000A4008FE7330013434B603A607CE7C0469A
:1095800020140020281400202C180020A81B0020E4
:10959000540500007047C0467047C046F8B5C04645
:1095A00001B40248844601BC604700BFF9090020AD
:1095B00001B40248844601BC604700BFD1020020CC
:1095C00001B40248844601BC604700BF310200205C
:1095D00001B40248844601BC604700BF610E002010
:1095E00001B40248844601BC604700BF610E002000
:1095F00001B40248844601BC604700BFC10000209E
:1096000001B40248844601BC604700BFA1010020AC
:1096100001B40248844601BC604700BF150E00201B
:1096200001B40248844601BC604700BFD109002054
:1096300001B40248844601BC604700BFA10D002070
:1096400001B40248844601BC604700BF0501002008
:1096500001B40248844601BC604700BF750B00207E
:1096600001B40248844601BC604700BF110B0020D2
:1096700001B40248844601BC604700BF9503002046
:1096800001B40248844601BC604700BF1D0B0020A6
:109690000A0A3D3D3D3D3D3D3D3D3D3D3D3D3D3D60
:1096A0003D3D3D3D3D3D3D3D3D3D3D3D3D3D3D3DEA
:1096B0003D3D3D3D3D3D3D3D3D0000002D2D2D20DE
:1096C0005049434F204142522054414720424F4F7E
:1096D00054494E472055502053554343455353203A
:1096E0002D2D2D003D3D3D3D3D3D3D3D3D3D3D3D17
:1096F0003D3D3D3D3D3D3D3D3D3D3D3D3D3D3D3D9A
:109700003D3D3D3D3D3D3D3D3D3D3D0A00000000B0
:109710000A436F6E6669677572696E67206F6E6562
:1097200020434332353030206173206361727269A7
:1097300065722067656E657261746F722028444996
:109740005341424C454420666F72206578746572BF
:109750006E616C206E52463532383430293A000042
:109760000A436F6E6669677572696E67204343329C
:1097700035303020436C69636B657220666F7220F0
:10978000525353492073656E73696E672E2E2E00F7
:109790000A436F6E6669677572696E67206F6E65E2
:1097A0002043433235303020746F20617070726F07
:1097B00078696D61746520746865206F6274616991
:1097C0006E656420726164696F2073657474696E7C
:1097D0006773202844495341424C454420666F72C8
:1097E0002065787465726E616C2043433133353285
:1097F000293A0000546167206973207265616479B9
:1098000020746F206261636B73636174746572218D
:109810000000000041766720525353493A202564E6
:109820002064426D207C2000526174653A20534CC4
:109830004F57202835306B29205B53484946542028
:109840005452494747455245445D00005261746592
:109850003A204641535420283130306B29205B5741
:1098600061726E696E673A205765616B2073696734
:109870006E616C2025642F335D0A000052617465AF
:109880003A204641535420283130306B29205B5315
:109890007461626C655D0000526174653A204641F6
:1098A000535420283130306B29205B5348494654AB
:1098B000205452494747455245445D005261746502
:1098C0003A20534C4F57202835306B29205B537476
:1098D00061626C655D0000000A5B215D20534849B0
:1098E0004654494E472050494F2048415244574121
:1098F000524520544F2025642042415544205B218D
:109900005D0A0000535049205265636569766572AF
:10991000204353005350492043617272696572209D
:109920004353000009005250200000001499001019
:10993000080052508A09A504090052500000020094
:10994000049900105741524E494E473A2067656EC0
:1099500065726174655F646174612068617320621F
:1099600065656E2075736564207769746820616E23
:10997000206F6464206C656E6774682E00000000C0
:109980004552524F523A2054686520636C6F636BA6
:109990002064697669646572732061726520746FF2
:1099A0006F20736D616C6C2E205468652070726F2F
:1099B0006772616D20776F756C64206E6F742066BE
:1099C000697420696E746F207468652073746174A3
:1099D000652D6D616368696E6520696E737472755B
:1099E0006374696F6E206D656D6F72792E20416CA6
:1099F0007465726E61746976656C792C20796F7507
:109A00002063616E2064697361626C6520746865AF
:109A1000207365636F6E6420616E74656E6E612E77
:109A2000205468697320696E637265616573207480
:109A30006865206D6178696D616C2064656C617921
:109A40002070657220696E737472756374696F6ECD
:109A50002066726F6D203820746F20333220637956
:109A6000636C657320616E6420746875732073691C
:109A7000676E69666963616E6C747920726564757E
:109A800063657320746865207265717569726564B9
:109A900020636F64652073706163652E00000000B1
:109AA0005741524E494E473A2074686520636C6FA7
:109AB000636B206469766964657220643020686134
:109AC0007320746F20626520616E206576656E205C
:109AD000696E74656765722E2054686520737461C1
:109AE00074652D6D616368696E65206D6179206EA6
:109AF0006F742066756E6374696F6E20636F727227
:109B00006563746C790000005741524E494E473AE4
:109B10002074686520636C6F636B20646976696488
:109B200065722064312068617320746F2062652043
:109B3000616E206576656E20696E74656765722E4C
:109B4000205468652073746174652D6D6163686964
:109B50006E65206D6179206E6F742066756E63741A
:109B6000696F6E20636F72726563746C79000000B8
:109B70005741524E494E473A2061206261756472E6
:109B8000617465206F6620256420426175642069D8
:109B900073206E6F742061636869657661626C65BD
:109BA00020776974682061202564204D487A2063FD
:109BB0006C6F636B2E0A5468657265666F72652CF4
:109BC0002074686520636C6F7365737420616368CB
:109BD00069657661626C6520626175642D7261747D
:109BE0006520256420426175642077696C6C206271
:109BF0006520757365642E0A000000005741524EBF
:109C0000494E473A207468652064657669617469D5
:109C10006F6E20697320746F6F206C6172676520AE
:109C2000666F72207468652043433235303000001F
:109C30005741524E494E473A207468652064657614
:109C4000696174696F6E20697320746F6F206C6135
:109C500072676520666F72207468652043433133F4
:109C6000353200005741524E494E473A2073796DC4
:109C7000626F6C203020686173206265656E2061C0
:109C8000737369676E656420746F206C61726765B9
:109C9000722066726571756E6379207468616E20DA
:109CA00073796D626F6C203100000000436F6D703E
:109CB00075746564206261736562616E64207365AA
:109CC0007474696E67733A200A2D2062617564723C
:109CD0006174653A2025640A2D2043656E746572AF
:109CE000206F66667365743A2025640A2D206465CA
:109CF00076696174696F6E3A2025640A2D20525886
:109D00002042616E6477696474683A2025640A00B1
:109D10004E6F207370696E6C6F636B732061726538
:109D200020617661696C61626C6500004E6F207520
:109D300073657220495251732061726520617661AA
:109D4000696C61626C65000048617264776172657C
:109D500020616C61726D20256420616C72656164A4
:109D60007920636C61696D65640000000A2A2A2A03
:109D70002050414E4943202A2A2A0A000A000000A6
:109D8000486172642061737365727400666E690065
:109D9000666E692B000000006E616E00666E692DB4
:109DA000000000000C3C0010C23B0010C23B001041
:109DB000043C0010C23B0010C23B0010C23B00102C
:109DC000C23B0010C23B0010C23B0010C23B00105F
:109DD000FC3B0010C23B0010F43B0010C23B0010E3
:109DE000C23B0010EC3B0010BE3D00101E3C0010BA
:109DF000B23D00101E3C0010CE3D00101E3C001075
:109E00001E3C00101E3C00101E3C00101E3C0010AA
:109E10001E3C00101E3C0010143C00101E3C0010A4
:109E20001E3C00101E3C00101E3C00101E3C00108A
:109E3000143C0010143E00107E3B00107E3B0010CE
:109E40007E3B00107E3B00107E3B00107E3B0010EE
:109E50007E3B00107E3B00107E3B00107E3B0010DE
:109E60007E3B00107E3B00107E3B00107E3B0010CE
:109E70007E3B00107E3B00107E3B00107E3B0010BE
:109E80007E3B00107E3B00107E3B00107E3B0010AE
:109E90007E3B00107E3B00107E3B00107E3B00109E
:109EA0007E3B00107E3B00107E3B00107E3B00108E
:109EB0007E3B001042400010E03D00104240001088
:109EC0007E3B00107E3B00107E3B00107E3B00106E
:109ED0007E3B00107E3B00107E3B00107E3B00105E
:109EE0007E3B00107E3B00107E3B00107E3B00104E
:109EF0007E3B00107E3B00107E3B00107E3B00103E
:109F0000C63C00107E3B00107E3B00107E3B0010E4
:109F10007E3B00107E3B00107E3B00107E3B00101D
:109F20007E3B00107E3B0010C63C0010283E001017
:109F3000C63C001042400010E03D001042400010BE
:109F40007E3B0010C63C00107E3B00107E3B0010A4
:109F50007E3B00107E3B00107E3B0010C63C001094
:109F6000523F00107E3B00107E3B0010943E0010DC
:109F70007E3B0010C63C00107E3B00107E3B001074
:109F8000C63C001000000000000000000000F03F90
:109F900000000000000024400000000000005940C4
:109FA0000000000000408F40000000000088C34017
:109FB00000000000006AF8400000000080842E418C
:109FC00000000000D01263410000000084D79741D8
:109FD0000000000065CDCD414F7574206F66206D87
:109FE000656D6F727900000052656C656173650084
:109FF000626F6F74325F7732357130383000000035
:10A00000312E352E310000007069636F00000000B2
:10A01000636172726965725F7265636569766572A4
:10A020005F6261736562616E64000000417072205E
:10A03000323120323032360006005250BBFF3CB67F
:10A0400008A0001006005250E182887FF09F0010A7
:10A0500006005250D3F07542E89F00100D0A000030
:10A060002166001025660010316600105D66001044
:10A070005966001000000000555342207374646953
:10A080006E202F207374646F7574000006005250A8
:10A0900053B4F4A178A000105261737062657272BB
:10A0A00079205069000000005069636F00000000D3
:10A0B000426F61726420434443000000526573653F
:10A0C0007400000009025400030100807D080B00A9
:10A0D000020202000009040000010202000405243B
:10A0E00000200105240100010424020205240600C9
:10A0F000010705810308001009040100020A00009D
:10A100000007050202400000070582024000000926
:10A1100004020000FF00010512010002EF020140ED
:10A120008A2E0A0000010102030100000000000065
:10A1300098A00010A8A0001058260020B0A0001081
:10A14000BCA00010556E68616E646C656420495255
:10A150005120307825780A00657020256420257309
:10A160002077617320616C7265616479206176612A
:10A17000696C61626C65000043616E277420636FD7
:10A180006E74696E75652078666572206F6E2069E1
:10A190006E6163746976652065702025642025737F
:10A1A000000000006F757400696E00008C71001073
:10A1B00036730010D47200108C710010B67200104B
:10A1C0009E7200102C720010DA710010CE71001017
:10A1D0005A760010467600108C7200106E760010D1
:10A1E0008C7200102E7600101A7600108C720010FF
:10A1F00006760010DC7500108C720010E8760010F6
:10A20000CC760010C07600108C7200108C7200109A
:10A21000A2760010CC7600108C7200108C720010A8
:10A220008C7200108C7200108C7200108C720010F6
:10A230008C7200107E760010117F00108D7F001050
:10A24000B97F0010A180001085810010000000007F
:10A250004E6F2070726F6772616D207370616365FD
:04A2600000000000FA
:10A26400249900103099001038990010AC020010A5
:10A27400A00200109402001038A000108802001000
:0CA2840044A0001050A000108CA000109E
:10A2900003000068EFF3108C72B60268002AFCD04D
:10A2A000BFF35F8F04229A56002A0BDB00290FD0E0
:10A2B00000200A601B68BFF35F8F00221A608CF3D6
:10A2C00010887047D0221206126801201A71F1E737
:10A2D0000020EFE7F0B5C646150000B504001E00EB
:10A2E0000268EFF3108172B61368002BFCD0BFF345
:10A2F0005F8F0423E356002B2DDB2268BFF35F8FB3
:10A300000020106081F31088D0221206127852B219
:10A3100090469A4203D1002080BCB846F0BD002789
:10A320000BE02368BFF35F8F1F6081F31088280064
:10A33000310000F089FE0028EDD12268EFF3108192
:10A3400072B61368002BFCD0BFF35F8F23797F2B8D
:10A35000E7D9434602E0D0231B061B68237123681C
:10A36000BFF35F8F00221A6081F310880120D3E7CA
:10A37000F0B5C64600B50D00040000F05DFEFA22FF
:10A3800006000F00002328000021920000F064FE68
:10A3900036184F41002F2CDBD0231B061B680025ED
:10A3A00098460BE02368BFF35F8F1D6081F3108830
:10A3B0003000390000F048FE002818D12268EFF381
:10A3C000108172B61368002BFCD0BFF35F8F237926
:10A3D0007F2BE7D9434623712368BFF35F8F0022A9
:10A3E0001A6081F31088012080BCB846F0BD0020BF
:10A3F000FAE70126014F7642CEE7C046FFFFFF7F16
:10A400000268EFF3108172B61368002BFCD0BFF323
:10A410005F8FFF2303710368BFF35F8F00221A6011
:10A4200081F3108840BF7047084810B50378002BAF
:10A430000AD180230649074A5B051C68CC500433C7
:10A440009342FAD10123037010BDC0466E2600204E
:10A45000082000100001001010B5024B013398478E
:10A4600010BDC04608200020034B1A68C0239B0083
:10A470009343024A136070470C8001400C900140E6
:10A48000054B1A6880239B005340C0229200134062
:10A49000024A13607047C0460C8001400C90014096
:10A4A0001423F0B5D6464F4646469A46814618884C
:10A4B0000433C0B598460E001B88274914009847FE
:10A4C000534607001888434624491B88984753463B
:10A4D00005001888434622491B8898478046FFF7A5
:10A4E000A3FFB847A847FFF7CBFF002C1BD0C02124
:10A4F00022000827022049053D008B6A1D401842B2
:10A500000BD0002C09D0131B0D2B1FD84B461B78EA
:10A51000013C0B6601239C46E1442300002D0CD135
:10A520001343002BE8D1FFF79FFFC047FFF794FFCD
:10A53000E0BCBA46B146A846F0BD002AF1D00B6E89
:10A54000013A3370130001362343EAE7002DD3D0DC
:10A55000002AD1D0F3E7C046494600004558000024
:10A560004643000000231C4A10B59360D3601B4A89
:10A5700000219360D3601A4A1A489360D3601A4A44
:10A580009360D360194A9360D360194A9360D36093
:10A59000184A9360D360184A9360D360174A936057
:10A5A000D360174A9360D360164A9360D360164A0B
:10A5B0009360D360154A9360D360154A9360D3606B
:10A5C000144A9360D360F022920000F065FD124BB4
:10A5D000124A1A6010BDC04600001050080010500A
:10A5E0001000105028220020180010502000105099
:10A5F000280010503000105038001050400010500B
:10A60000480010505000105058001050600010507A
:10A6100068001050700010500C260020800110506F
:10A62000F0B55746DE464E464546E0B5234B87B06B
:10A630009F6D002F23D0224B00249946012398467A
:10A64000204B01269A4604E001347600E4B2202C27
:10A6500015D03E42F8D04B469E65434665086D00D6
:10A66000A343ED186D015544280000F0A1FB00281C
:10A670000CD10134B743E4B27600002FE7D107B024
:10A68000F0BCBB46B246A946A046F0BDAB78082256
:10A690009B46EB8A002103A8019300F0FDFC0723F1
:10A6A000594602AA5371019B117203A80121059317
:10A6B00000F0A6FB280000F013FBDAE700001150C1
:10A6C00000301150E82100209823D14A70B5D558A8
:10A6D00080232C009B02102684B01C401D4278D0A1
:10A6E000CC4BCD4C9A6ACD4B00261A603B23E35CE1
:10A6F000022B00D1D7E07B23E35C022B00D11AE2CE
:10A70000BB23E35C022B00D103E2FB23E35C022BBF
:10A7100000D1ECE13C23FF33E35C022B00D1D1E11B
:10A720007C23FF33E35C022B00D1B6E1BC23FF3373
:10A73000E35C022B00D19BE1FC23FF33E35C022BA3
:10A7400000D14FE1B64BE35C022B00D136E1B54BB3
:10A75000E35C022B00D11DE1B34BE35C022B00D183
:10A7600004E1B24BE35C022B00D1EBE0B04BE35CC5
:10A77000022B00D1D2E0AF4BE35C022B00D1B9E059
:10A78000AD4BE35C022B00D19EE0AC4BE35C022BB3
:10A7900000D1E2E1002E08D1A94B1B78002B04D197
:10A7A0008021A84A90338902D15001AE984B0C22E7
:10A7B000002130009C6C00F06FFC03236405640DE5
:10A7C0007370300002940121802400F019FB9E4E2A
:10A7D000A402EB0663D480235B021D4214D0012245
:10A7E00023211C438C4B5A54DA70C023974ADB0058
:10A7F000019302AB03CA03C3012101A800F000FBCF
:10A800008022904B92021A6580235B011D422FD15A
:10A810008023DB011D421AD180231B021D4204D17B
:10A82000AC4200D0B3E104B070BD01AE0C220021F7
:10A8300030001C4300F030FC052301217370300010
:10A8400000F0DEFA80227F4B12011A65E8E701AEC4
:10A850000C22002130001C4300F01EFC04230121C7
:10A860007370300000F0CCFA1022764B1A65D3E7F3
:10A8700000221C43664B01AE1A60FFF773FE0C22E8
:10A880000021300000F008FC01230121737030002A
:10A8900000F0B6FA80226B4B12031A65B8E7FFF797
:10A8A000BFFE340097E73833E65C002E00D122E784
:10A8B0000233E25C002A00D11DE700222000E254AE
:10A8C000203000F03FFA16E7614BE35C002B00D12B
:10A8D0005BE7EF239B00E25C002A00D04FE1574B7F
:10A8E000E35C022B00D060E75A4BE35C002B00D006
:10A8F00038E15AE7584BE35C002B00D140E7DF22F8
:10A900009200A15C1E00002900D139E70023A35466
:10A91000D8239B00E01800F015FA31E74F4BE35CB9
:10A92000002B00D127E7CF229200A15C1E00002956
:10A9300000D120E70023A354C8239B00E01800F0B7
:10A9400001FA18E7464BE35C002B00D10EE7BF226B
:10A950009200A15C1E00002900D107E70023A35448
:10A96000B8239B00E01800F0EDF9FFE63D4BE35CF7
:10A97000002B00D1F5E6AF229200A15C1E00002959
:10A9800000D1EEE60023A354A8239B00E01800F0BA
:10A99000D9F9E6E6344BE35C002B00D1DCE69F22DC
:10A9A0009200A15C1E00002900D1D5E60023A3542B
:10A9B00098239B00E01800F0C5F9CDE62B4BE35C33
:10A9C000002B00D1C3E68F229200A15C1E0000295B
:10A9D00000D1BCE60023A35488239B00E01800F0BC
:10A9E000B1F9B4E6F933FF33E35C002B00D1A9E6FB
:10A9F000FE225200A15C1E00002900D1A2E6200028
:10AA00000023E130A354FF3000F09CF99AE6C046E1
:10AA10000000115000400540E8210020C82100201E
:10AA20003B0200007B020000BB020000FB020000B2
:10AA30003B0300007B030000BB030000FB0300009E
:10AA40006D26002000301150100002000000105050
:10AA5000BA030000FA0300007A0300003A03000082
:10AA6000FA020000BA0200007A0200003A02000076
:10AA7000B933FF33E35C002B00D15DE6DE225200E8
:10AA8000A15C1E00002900D156E620000023A13061
:10AA9000A354FF3000F056F94EE67933FF33E35C00
:10AAA000002B00D142E6BE225200A15C1E0000290C
:10AAB00000D13BE6200000236130A354FF3000F0BA
:10AAC00041F933E63933FF33E35C002B00D127E64D
:10AAD0009E225200A15C1E00002900D120E6200029
:10AAE00000232130A354FF3000F02CF918E6F8338E
:10AAF000E35C002B00D10DE6FC22A15C1E000029C6
:10AB000000D107E600232000A354E03000F01AF93A
:10AB100000E6B833E35C002B00D1F6E5BC22A15C73
:10AB20001E00002900D1F0E500232000A354A0302E
:10AB300000F008F9E9E57833E35C002B00D1DFE5AC
:10AB40007C22A15C1E00002900D1D9E50023200051
:10AB5000A354603000F0F6F8D2E50F4BE35C002B15
:10AB600000D117E6FF239B00E25C002A00D11CE61F
:10AB70000022E2541C3BE01800F0E4F815E6002245
:10AB8000E254E8239B00E01800F0DCF8A7E621007F
:10AB90000248694000F070FAFA03000044A1001076
:10ABA000084A0300126C0020920703D49A78D20955
:10ABB000012A00D07047D87E023843425841C0B2C3
:10ABC000F8E7C0460000115010B5FFF7E9FF002874
:10ABD0000CD00749074B8C46074A9B6A12686344AE
:10ABE0009B1A0020C6229A424041C0B210BDC04606
:10ABF000E0FCFFFF00400540C8210020F8B5028BB3
:10AC0000838A04000F00161C9A4200D91E1C80255E
:10AC1000B6B29B1BE2789BB2ED00A3823543002ABB
:10AC200002D09025AD01354301214A40E27062789F
:10AC3000002A09D0002B02D18023DB011D43002F05
:10AC400000D02D042800F8BDE368B8019C4632000E
:10AC50006044216900F008FA23699C468023664419
:10AC60001B021D432661A38AE4E7C046836870B5D2
:10AC700004001D68002900D02D0C6378AD05AD0DD2
:10AC8000002B09D1E38AEB18E382238BAB4201D975
:10AC90000023A382280070BDE36889019C462A0036
:10ACA0002069614400F0E0F9E38AEB18E38223694C
:10ACB0005B192361E9E7C04610B5040083680021F1
:10ACC0001B68FFF7D3FF63681B685B0002D5238B0B
:10ACD000834200D010BD01212000FFF7C7FFF9E734
:10ACE00000238376436103617047C04610B58368D3
:10ACF000002901D01C682140002A11D08024E400E2
:10AD0000114322420CD01A6822420BD10A4A0A404F
:10AD10001A60FFE7FFE7FFE7FFE7FFE7FFE783686A
:10AD2000196010BD7F2281780448CB091140044A84
:10AD30009B009A5800F0A0F9FFFBFFFF58A10010FC
:10AD4000C80F0020436870B5002180251E680400EC
:10AD5000FFF754FF134B6D011B6C05439B070FD589
:10AD6000A3785B060FD0104B1E4080239B05334316
:10AD700062680021136020002A00FFF7B7FF70BD52
:10AD8000A378DB09EFD0A38A002BECD001212000AF
:10AD9000FFF734FFA023054ADB0532400543134388
:10ADA000E6E7C04600001150FFFFFFAFFFFFFFDFE7
:10ADB00070B5857E0400002D13D0FFF77DFFA38AB8
:10ADC000002B01D1280070BD2000FFF7FDFE051EFD
:10ADD00003D0012300252377F4E72000FFF7B2FF1B
:10ADE000F0E77F2281780448CB091140034A9B0099
:10ADF0009A5800F041F9C04678A10010C80F002011
:10AE0000F0B54378050085B0042B00D175E046D835
:10AE1000022B00D183E0032B55D1504E504A002421
:10AE20003378002A00D192E04E4F03E00134E4B2BF
:10AE30009C4214D8A342F9D9396862008C46121991
:10AE4000D2006244002AF1D05269002AEED028785C
:10AE50006968904701343378E4B29C42EAD9424BA6
:10AE60001A78520747D504211A7801A88A431A7024
:10AE700000210C2200F010F96A462B78137105238B
:10AE800053713A4B1C686269EFF3108172B6136814
:10AE9000002BFCD0BFF35F8FA16101A920E0052B3F
:10AEA00011D1314B1A78D20725D504211A788A435B
:10AEB0001A702E4B1C686269EFF3108172B613682A
:10AEC000002B09D1FBE7294B1C686269EFF3108165
:10AED00072B61368002BFCD0BFF35F8FA16129000D
:10AEE000200000F0D1F86269A369BFF35F8F0021F1
:10AEF000116083F3108805B0F0BD1B4B1A78D207A0
:10AF0000F9D504211A780A431A70184B1C68626933
:10AF1000EFF3108172B61368002BDDD1FBE701203F
:10AF2000114A1178814311701178994300231170EF
:10AF30000421537013788B4313700C4B1C686269A7
:10AF4000EFF3108172B61368002BC5D1FBE7002226
:10AF50000132D2B29A42FBD981E7C0466C2600206A
:10AF6000C1660010AC1B0020D41E00202C1F002046
:10AF7000F0B54F464646D6468946C0B50600181E6F
:10AF80001BD01D001C000223984602339C46002D56
:10AF900018D02B0008334146F76839421FD0A3422E
:10AFA0001DD901214B468A461B78013DB360D1442F
:10AFB0002B00002C08D1002BE9D1E0BCBA46B146E9
:10AFC000A846F0BD002CF8D06346F7683B42DED0BF
:10AFD000B368013C1370230001322B43EBE7002CD4
:10AFE000F2D1D8E730B50400101E0AD00A000D18BF
:10AFF0000221E3681942FCD013780132A360954224
:10B00000F7D1E3685B0704D50421A368E36819421C
:10B01000FBD11021E3681942FCD1E3685B0704D53A
:10B020000421A368E3681942FBD10123236230BDE8
:10B030007047C0460000000001B40248844601BCCD
:10B04000604700BF9524001001B40248844601BC4B
:10B05000604700BFED22001001B40248844601BCE5
:10B06000604700BFF160001001B40248844601BC93
:10B07000604700BFF561001001B40248844601BC7E
:10B08000604700BF9930001001B40248844601BCFB
:10B09000604700BF7986001001B40248844601BCB5
:10B0A000604700BFE9610010AAAAAAAA930B51DE6B
:10B0B00000000000AAAAAAAAD391D3910000000020
:10B0C000CDAB0000020608050B0A0E7C0F08100B22
:10B0D00011F11203132314FF15761818191D1A1CE9
:10B0E0001BC71C001DB021B6250026111000000052
:10B0F000000000000000010000000000000000004F
:10B10000000002000000000000000000000003003A
:10B1100000000000000000000000FF000000000030
:10B1200001B5486801318E4600477046093801492B
:10B13000884701BD451B0010800F00200000000063
:10B14000501800205C2100200000000000000000DA
:10B150006C21002000000000000000001000000032
:10B16000503300004C3300005433000052330000D1
:10B170004D5300004D4300005334000043340000A1
:10B1800009680010000000007967001001670010D6
:10B190000000000000010000A4A10010A8A1001000
:10B1A000301F002010000C00000000000000000014
:10B1B000000000000000000000000000FF00000090
:10B1C000F80F00200000000000000000E412002042
:10B1D0004C130020B4130020000000000000000009
:10B1E000000000000000000000000000000000005F
:10B1F000000000000000000000000000000000004F
:10B20000000000000000000000000000000000003E
:10B21000000000000000000000000000000000002E
:10B22000000000000000000000000000000000001E
:10B23000000000000000000000000000000000000E
:10B2400000000000000000000000000000000000FE
:10B2500000000000000000000000000000000000EE
:10B2600000000000000000000000000000000000DE
:10B2700001000000000000000E33CDAB34126DE67B
:10B28000ECDE05000B0000000000000000000000E4
:10B2900000000000000000000000000000000000AE
:10B2A000000000000000000000000000000000009E
:10B2B000000000000000000000000000000000008E
:10B2C000000000000000000000000000000000007E
:10B2D000000000000000000000000000000000006E
:10B2E000000000000000000000000000000000005E
:10B2F000000000000000000000000000000000004E
:10B30000000000000000000000000000000000003D
:10B31000000000000000000000000000000000002D
:10B32000000000000000000000000000000000001D
:10B33000000000000000000000000000000000000D
:10B3400000000000000000000000000000000000FD
:10B3500000000000000000000000000000000000ED
:10B3600000000000000000000000000000000000DD
:10B3700000000000000000000000000000000000CD
:10B3800000000000000000000000000000000000BD
:10B3900000000000000000000000000000000000AD
:10B3A000000000000000000000000000000000009D
:10B3B000000000000000000000000000000000008D
:10B3C000000000000000000000000000000000007D
:10B3D000000000000000000000000000000000006D
:10B3E000000000000000000000000000000000005D
:10B3F000000000000000000000000000000000004D
:10B40000000000000000000000000000000000003C
:10B41000000000000000000000000000000000002C
:10B42000000000000000000000000000000000001C
:10B43000000000000000000000000000000000000C
:10B4400000000000000000000000000000000000FC
:10B4500000000000000000000000000000000000EC
:10B4600000000000000000000000000000000000DC
:10B4700000000000000000000000000000000000CC
:10B4800000000000000000000000000000000000BC
:10B4900000000000000000000000000000000000AC
:10B4A000000000000000000000000000000000009C
:10B4B000000000000000000000000000000000008C
:10B4C000000000000000000000000000000000007C
:10B4D000000000000000000000000000000000006C
:10B4E000000000000000000000000000000000005C
:10B4F000000000000000000000000000000000004C
:10B50000000000000000000000000000000000003B
:10B51000000000000000000000000000000000002B
:10B52000000000000000000000000000000000001B
:10B53000000000000000000000000000000000000B
:10B5400000000000000000000000000000000000FB
:10B5500000000000000000000000000000000000EB
:10B5600000000000000000000000000000000000DB
:10B5700000000000000000000000000000000000CB
:10B5800000000000000000000000000000000000BB
:10B5900000000000000000000000000000000000AB
:10B5A000000000000000000000000000000000009B
:10B5B000000000000000000000000000000000008B
:10B5C000000000000000000000000000000000007B
:10B5D000000000000000000000000000000000006B
:10B5E000000000000000000000000000000000005B
:10B5F00000000000000000002014002020140020A3
:10B6000028140020281400203014002030140020BA
:10B61000381400203814002040140020401400206A
:10B62000481400204814002050140020501400201A
:10B6300058140020581400206014002060140020CA
:10B64000681400206814002070140020701400207A
:10B65000781400207814002080140020801400202A
:10B6600088140020881400209014002090140020DA
:10B670009814002098140020A0140020A01400208A
:10B68000A8140020A8140020B0140020B01400203A
:10B69000B8140020B8140020C0140020C0140020EA
:10B6A000C8140020C8140020D0140020D01400209A
:10B6B000D8140020D8140020E0140020E01400204A
:10B6C000E8140020E8140020F0140020F0140020FA
:10B6D000F8140020F81400200015002000150020A8
:10B6E0000815002008150020101500201015002056
:10B6F0001815002018150020201500202015002006
:10B7000028150020281500203015002030150020B5
:10B710003815002038150020401500204015002065
:10B720004815002048150020501500205015002015
:10B7300058150020581500206015002060150020C5
:10B740006815002068150020701500207015002075
:10B750007815002078150020801500208015002025
:10B7600088150020881500209015002090150020D5
:10B770009815002098150020A0150020A015002085
:10B78000A8150020A8150020B0150020B015002035
:10B79000B8150020B8150020C0150020C0150020E5
:10B7A000C8150020C8150020D0150020D015002095
:10B7B000D8150020D8150020E0150020E015002045
:10B7C000E8150020E8150020F0150020F0150020F5
:10B7D000F8150020F81500200016002000160020A3
:10B7E0000816002008160020101600201016002051
:10B7F0001816002018160020201600202016002001
:10B8000028160020281600203016002030160020B0
:10B810003816002038160020401600204016002060
:10B820004816002048160020501600205016002010
:10B8300058160020581600206016002060160020C0
:10B840006816002068160020701600207016002070
:10B850007816002078160020801600208016002020
:10B8600088160020881600209016002090160020D0
:10B870009816002098160020A0160020A016002080
:10B88000A8160020A8160020B0160020B016002030
:10B89000B8160020B8160020C0160020C0160020E0
:10B8A000C8160020C8160020D0160020D016002090
:10B8B000D8160020D8160020E0160020E016002040
:10B8C000E8160020E8160020F0160020F0160020F0
:10B8D000F8160020F816002000170020001700209E
:10B8E000081700200817002010170020101700204C
:10B8F00018170020181700202017002020170020FC
:10B9000028170020281700203017002030170020AB
:10B91000381700203817002040170020401700205B
:10B92000481700204817002050170020501700200B
:10B9300058170020581700206017002060170020BB
:10B94000681700206817002070170020701700206B
:10B95000781700207817002080170020801700201B
:10B9600088170020881700209017002090170020CB
:10B970009817002098170020A0170020A01700207B
:10B98000A8170020A8170020B0170020B01700202B
:10B99000B8170020B8170020C0170020C0170020DB
:10B9A000C8170020C8170020D0170020D01700208B
:10B9B000D8170020D8170020E0170020E01700203B
:10B9C000E8170020E8170020F0170020F0170020EB
:10B9D000F8170020F8170020001800200018002099
:10B9E0000818002008180020101800201018002047
:10B9F0001818002018180020FFFFFFFF00000200A9
:10BA00000000000000000000D961001099460010FD
:10BA1000454E001025610010E50200103D6B00103E
:04000005100001E9FD
:00000001FF
