
E:/Wireless github repo/wcnes-project2026/carrier-receiver-baseband/build/carrier_receiver_baseband.elf:     file format elf32-littlearm

Sections:
Idx Name          Size      VMA       LMA       File off  Algn
  0 .boot2        00000100  10000000  10000000  00001000  2**0
                  CONTENTS, ALLOC, LOAD, READONLY, CODE
  1 .text         00009590  10000100  10000100  00001100  2**3
                  CONTENTS, ALLOC, LOAD, READONLY, CODE
  2 .rodata       00000bd4  10009690  10009690  0000a690  2**3
                  CONTENTS, ALLOC, LOAD, READONLY, DATA
  3 .binary_info  0000002c  1000a264  1000a264  0000b264  2**2
                  CONTENTS, ALLOC, LOAD, READONLY, DATA
  4 .ram_vector_table 000000c0  20000000  20000000  0000e000  2**2
                  ALLOC
  5 .data         00001790  200000c0  1000a290  0000c0c0  2**4
                  CONTENTS, ALLOC, LOAD, READONLY, CODE
  6 .uninitialized_data 00000000  20001850  20001850  0000d850  2**0
                  CONTENTS
  7 .scratch_x    00000000  20040000  20040000  0000d850  2**0
                  CONTENTS
  8 .scratch_y    00000000  20041000  20041000  0000d850  2**0
                  CONTENTS
  9 .bss          00000e28  20001850  20001850  0000e000  2**3
                  ALLOC
 10 .heap         00000800  20002678  20002678  0000d850  2**2
                  CONTENTS, READONLY
 11 .stack_dummy  00000800  20041000  20041000  0000e060  2**5
                  CONTENTS, READONLY
 12 .ARM.attributes 00000028  00000000  00000000  0000e860  2**0
                  CONTENTS, READONLY
 13 .comment      00000049  00000000  00000000  0000e888  2**0
                  CONTENTS, READONLY
 14 .debug_frame  00000298  00000000  00000000  0000e8d4  2**2
                  CONTENTS, READONLY, DEBUGGING, OCTETS

E:/Wireless github repo/wcnes-project2026/carrier-receiver-baseband/build/carrier_receiver_baseband.elf:     file format elf32-littlearm


Disassembly of section .boot2:

10000000 <__boot2_start__>:
10000000:	4b32b500 	.word	0x4b32b500
10000004:	60582021 	.word	0x60582021
10000008:	21026898 	.word	0x21026898
1000000c:	60984388 	.word	0x60984388
10000010:	611860d8 	.word	0x611860d8
10000014:	4b2e6158 	.word	0x4b2e6158
10000018:	60992100 	.word	0x60992100
1000001c:	61592102 	.word	0x61592102
10000020:	22f02101 	.word	0x22f02101
10000024:	492b5099 	.word	0x492b5099
10000028:	21016019 	.word	0x21016019
1000002c:	20356099 	.word	0x20356099
10000030:	f844f000 	.word	0xf844f000
10000034:	42902202 	.word	0x42902202
10000038:	2106d014 	.word	0x2106d014
1000003c:	f0006619 	.word	0xf0006619
10000040:	6e19f834 	.word	0x6e19f834
10000044:	66192101 	.word	0x66192101
10000048:	66182000 	.word	0x66182000
1000004c:	f000661a 	.word	0xf000661a
10000050:	6e19f82c 	.word	0x6e19f82c
10000054:	6e196e19 	.word	0x6e196e19
10000058:	f0002005 	.word	0xf0002005
1000005c:	2101f82f 	.word	0x2101f82f
10000060:	d1f94208 	.word	0xd1f94208
10000064:	60992100 	.word	0x60992100
10000068:	6019491b 	.word	0x6019491b
1000006c:	60592100 	.word	0x60592100
10000070:	481b491a 	.word	0x481b491a
10000074:	21016001 	.word	0x21016001
10000078:	21eb6099 	.word	0x21eb6099
1000007c:	21a06619 	.word	0x21a06619
10000080:	f0006619 	.word	0xf0006619
10000084:	2100f812 	.word	0x2100f812
10000088:	49166099 	.word	0x49166099
1000008c:	60014814 	.word	0x60014814
10000090:	60992101 	.word	0x60992101
10000094:	2800bc01 	.word	0x2800bc01
10000098:	4700d000 	.word	0x4700d000
1000009c:	49134812 	.word	0x49134812
100000a0:	c8036008 	.word	0xc8036008
100000a4:	8808f380 	.word	0x8808f380
100000a8:	b5034708 	.word	0xb5034708
100000ac:	20046a99 	.word	0x20046a99
100000b0:	d0fb4201 	.word	0xd0fb4201
100000b4:	42012001 	.word	0x42012001
100000b8:	bd03d1f8 	.word	0xbd03d1f8
100000bc:	6618b502 	.word	0x6618b502
100000c0:	f7ff6618 	.word	0xf7ff6618
100000c4:	6e18fff2 	.word	0x6e18fff2
100000c8:	bd026e18 	.word	0xbd026e18
100000cc:	40020000 	.word	0x40020000
100000d0:	18000000 	.word	0x18000000
100000d4:	00070000 	.word	0x00070000
100000d8:	005f0300 	.word	0x005f0300
100000dc:	00002221 	.word	0x00002221
100000e0:	180000f4 	.word	0x180000f4
100000e4:	a0002022 	.word	0xa0002022
100000e8:	10000100 	.word	0x10000100
100000ec:	e000ed08 	.word	0xe000ed08
	...
100000fc:	7a4eb274 	.word	0x7a4eb274

Disassembly of section .text:

10000100 <__VECTOR_TABLE>:
10000100:	20042000 	.word	0x20042000
10000104:	100001f7 	.word	0x100001f7
10000108:	100001c3 	.word	0x100001c3
1000010c:	100001c5 	.word	0x100001c5
10000110:	100001c1 	.word	0x100001c1
10000114:	100001c1 	.word	0x100001c1
10000118:	100001c1 	.word	0x100001c1
1000011c:	100001c1 	.word	0x100001c1
10000120:	100001c1 	.word	0x100001c1
10000124:	100001c1 	.word	0x100001c1
10000128:	100001c1 	.word	0x100001c1
1000012c:	100001c7 	.word	0x100001c7
10000130:	100001c1 	.word	0x100001c1
10000134:	100001c1 	.word	0x100001c1
10000138:	100001c9 	.word	0x100001c9
1000013c:	100001cb 	.word	0x100001cb
10000140:	100001cd 	.word	0x100001cd
10000144:	100001cd 	.word	0x100001cd
10000148:	100001cd 	.word	0x100001cd
1000014c:	100001cd 	.word	0x100001cd
10000150:	100001cd 	.word	0x100001cd
10000154:	100001cd 	.word	0x100001cd
10000158:	100001cd 	.word	0x100001cd
1000015c:	100001cd 	.word	0x100001cd
10000160:	100001cd 	.word	0x100001cd
10000164:	100001cd 	.word	0x100001cd
10000168:	100001cd 	.word	0x100001cd
1000016c:	100001cd 	.word	0x100001cd
10000170:	100001cd 	.word	0x100001cd
10000174:	100001cd 	.word	0x100001cd
10000178:	100001cd 	.word	0x100001cd
1000017c:	100001cd 	.word	0x100001cd
10000180:	100001cd 	.word	0x100001cd
10000184:	100001cd 	.word	0x100001cd
10000188:	100001cd 	.word	0x100001cd
1000018c:	100001cd 	.word	0x100001cd
10000190:	100001cd 	.word	0x100001cd
10000194:	100001cd 	.word	0x100001cd
10000198:	100001cd 	.word	0x100001cd
1000019c:	100001cd 	.word	0x100001cd
100001a0:	100001cd 	.word	0x100001cd
100001a4:	100001cd 	.word	0x100001cd
100001a8:	100001cd 	.word	0x100001cd
100001ac:	100001cd 	.word	0x100001cd
100001b0:	100001cd 	.word	0x100001cd
100001b4:	100001cd 	.word	0x100001cd
100001b8:	100001cd 	.word	0x100001cd
100001bc:	100001cd 	.word	0x100001cd

100001c0 <isr_invalid>:
100001c0:	be00      	bkpt	0x0000

100001c2 <isr_nmi>:
100001c2:	be00      	bkpt	0x0000

100001c4 <isr_hardfault>:
100001c4:	be00      	bkpt	0x0000

100001c6 <isr_svcall>:
100001c6:	be00      	bkpt	0x0000

100001c8 <isr_pendsv>:
100001c8:	be00      	bkpt	0x0000

100001ca <isr_systick>:
100001ca:	be00      	bkpt	0x0000

100001cc <__unhandled_user_irq>:
100001cc:	f3ef 8005 	mrs	r0, IPSR
100001d0:	3810      	subs	r0, #16

100001d2 <unhandled_user_irq_num_in_r0>:
100001d2:	be00      	bkpt	0x0000

100001d4 <binary_info_header>:
100001d4:	7188ebf2 	.word	0x7188ebf2
100001d8:	1000a264 	.word	0x1000a264
100001dc:	1000a290 	.word	0x1000a290
100001e0:	10000234 	.word	0x10000234
100001e4:	e71aa390 	.word	0xe71aa390

100001e8 <_entry_point>:
100001e8:	2000      	movs	r0, #0
100001ea:	491f      	ldr	r1, [pc, #124]	; (10000268 <hold_non_core0_in_bootrom+0xa>)
100001ec:	6008      	str	r0, [r1, #0]
100001ee:	c806      	ldmia	r0!, {r1, r2}
100001f0:	f381 8808 	msr	MSP, r1
100001f4:	4710      	bx	r2

100001f6 <_reset_handler>:
100001f6:	481d      	ldr	r0, [pc, #116]	; (1000026c <hold_non_core0_in_bootrom+0xe>)
100001f8:	6800      	ldr	r0, [r0, #0]
100001fa:	2800      	cmp	r0, #0
100001fc:	d12f      	bne.n	1000025e <hold_non_core0_in_bootrom>
100001fe:	a40d      	add	r4, pc, #52	; (adr r4, 10000234 <data_cpy_table>)
10000200:	cc0e      	ldmia	r4!, {r1, r2, r3}
10000202:	2900      	cmp	r1, #0
10000204:	d002      	beq.n	1000020c <_reset_handler+0x16>
10000206:	f000 f812 	bl	1000022e <data_cpy>
1000020a:	e7f9      	b.n	10000200 <_reset_handler+0xa>
1000020c:	4918      	ldr	r1, [pc, #96]	; (10000270 <hold_non_core0_in_bootrom+0x12>)
1000020e:	4a19      	ldr	r2, [pc, #100]	; (10000274 <hold_non_core0_in_bootrom+0x16>)
10000210:	2000      	movs	r0, #0
10000212:	e000      	b.n	10000216 <bss_fill_test>

10000214 <bss_fill_loop>:
10000214:	c101      	stmia	r1!, {r0}

10000216 <bss_fill_test>:
10000216:	4291      	cmp	r1, r2
10000218:	d1fc      	bne.n	10000214 <bss_fill_loop>

1000021a <platform_entry>:
1000021a:	4917      	ldr	r1, [pc, #92]	; (10000278 <hold_non_core0_in_bootrom+0x1a>)
1000021c:	4788      	blx	r1
1000021e:	4917      	ldr	r1, [pc, #92]	; (1000027c <hold_non_core0_in_bootrom+0x1e>)
10000220:	4788      	blx	r1
10000222:	4917      	ldr	r1, [pc, #92]	; (10000280 <hold_non_core0_in_bootrom+0x22>)
10000224:	4788      	blx	r1
10000226:	be00      	bkpt	0x0000
10000228:	e7fd      	b.n	10000226 <platform_entry+0xc>

1000022a <data_cpy_loop>:
1000022a:	c901      	ldmia	r1!, {r0}
1000022c:	c201      	stmia	r2!, {r0}

1000022e <data_cpy>:
1000022e:	429a      	cmp	r2, r3
10000230:	d3fb      	bcc.n	1000022a <data_cpy_loop>
10000232:	4770      	bx	lr

10000234 <data_cpy_table>:
10000234:	1000a290 	.word	0x1000a290
10000238:	200000c0 	.word	0x200000c0
1000023c:	20001850 	.word	0x20001850
10000240:	1000ba20 	.word	0x1000ba20
10000244:	20040000 	.word	0x20040000
10000248:	20040000 	.word	0x20040000
1000024c:	1000ba20 	.word	0x1000ba20
10000250:	20041000 	.word	0x20041000
10000254:	20041000 	.word	0x20041000
10000258:	00000000 	.word	0x00000000
1000025c:	4770      	bx	lr

1000025e <hold_non_core0_in_bootrom>:
1000025e:	4809      	ldr	r0, [pc, #36]	; (10000284 <hold_non_core0_in_bootrom+0x26>)
10000260:	f004 fa22 	bl	100046a8 <rom_func_lookup>
10000264:	4700      	bx	r0
10000266:	0000      	.short	0x0000
10000268:	e000ed08 	.word	0xe000ed08
1000026c:	d0000000 	.word	0xd0000000
10000270:	20001850 	.word	0x20001850
10000274:	20002678 	.word	0x20002678
10000278:	10002f69 	.word	0x10002f69
1000027c:	10000305 	.word	0x10000305
10000280:	10003091 	.word	0x10003091
10000284:	00005657 	.word	0x00005657

10000288 <__bi_50>:
10000288:	50520006 5360b3ab 1000a000              ..RP..`S....

10000294 <__bi_38>:
10000294:	50520006 02031c86 1000a010              ..RP........

100002a0 <__bi_30>:
100002a0:	50520006 9da22254 1000a02c              ..RPT"..,...

100002ac <__bi_22>:
100002ac:	50520005 68f465de 1000ba20              ..RP.e.h ...

100002b8 <_init>:
100002b8:	b5f8      	push	{r3, r4, r5, r6, r7, lr}
100002ba:	46c0      	nop			; (mov r8, r8)

100002bc <__do_global_dtors_aux>:
100002bc:	b510      	push	{r4, lr}
100002be:	4c06      	ldr	r4, [pc, #24]	; (100002d8 <__do_global_dtors_aux+0x1c>)
100002c0:	7823      	ldrb	r3, [r4, #0]
100002c2:	2b00      	cmp	r3, #0
100002c4:	d107      	bne.n	100002d6 <__do_global_dtors_aux+0x1a>
100002c6:	4b05      	ldr	r3, [pc, #20]	; (100002dc <__do_global_dtors_aux+0x20>)
100002c8:	2b00      	cmp	r3, #0
100002ca:	d002      	beq.n	100002d2 <__do_global_dtors_aux+0x16>
100002cc:	4804      	ldr	r0, [pc, #16]	; (100002e0 <__do_global_dtors_aux+0x24>)
100002ce:	e000      	b.n	100002d2 <__do_global_dtors_aux+0x16>
100002d0:	bf00      	nop
100002d2:	2301      	movs	r3, #1
100002d4:	7023      	strb	r3, [r4, #0]
100002d6:	bd10      	pop	{r4, pc}
100002d8:	20001b58 	.word	0x20001b58
100002dc:	00000000 	.word	0x00000000
100002e0:	10009690 	.word	0x10009690

100002e4 <frame_dummy>:
100002e4:	4b04      	ldr	r3, [pc, #16]	; (100002f8 <frame_dummy+0x14>)
100002e6:	b510      	push	{r4, lr}
100002e8:	2b00      	cmp	r3, #0
100002ea:	d003      	beq.n	100002f4 <frame_dummy+0x10>
100002ec:	4903      	ldr	r1, [pc, #12]	; (100002fc <frame_dummy+0x18>)
100002ee:	4804      	ldr	r0, [pc, #16]	; (10000300 <frame_dummy+0x1c>)
100002f0:	e000      	b.n	100002f4 <frame_dummy+0x10>
100002f2:	bf00      	nop
100002f4:	bd10      	pop	{r4, pc}
100002f6:	46c0      	nop			; (mov r8, r8)
100002f8:	00000000 	.word	0x00000000
100002fc:	20001b5c 	.word	0x20001b5c
10000300:	10009690 	.word	0x10009690

10000304 <main>:
10000304:	b5f0      	push	{r4, r5, r6, r7, lr}
10000306:	46de      	mov	lr, fp
10000308:	4657      	mov	r7, sl
1000030a:	464e      	mov	r6, r9
1000030c:	4645      	mov	r5, r8
1000030e:	b5e0      	push	{r5, r6, r7, lr}
10000310:	b0a5      	sub	sp, #148	; 0x94
10000312:	f006 f981 	bl	10006618 <stdio_init_all>
10000316:	e002      	b.n	1000031e <main+0x1a>
10000318:	2064      	movs	r0, #100	; 0x64
1000031a:	f001 ffcd 	bl	100022b8 <sleep_ms>
1000031e:	f006 fbc5 	bl	10006aac <stdio_usb_connected>
10000322:	2800      	cmp	r0, #0
10000324:	d0f8      	beq.n	10000318 <main+0x14>
10000326:	48b8      	ldr	r0, [pc, #736]	; (10000608 <main+0x304>)
10000328:	f006 f8c8 	bl	100064bc <__wrap_puts>
1000032c:	48b7      	ldr	r0, [pc, #732]	; (1000060c <main+0x308>)
1000032e:	f006 f8c5 	bl	100064bc <__wrap_puts>
10000332:	48b7      	ldr	r0, [pc, #732]	; (10000610 <main+0x30c>)
10000334:	f006 f8c2 	bl	100064bc <__wrap_puts>
10000338:	49b6      	ldr	r1, [pc, #728]	; (10000614 <main+0x310>)
1000033a:	48b7      	ldr	r0, [pc, #732]	; (10000618 <main+0x314>)
1000033c:	f008 fbec 	bl	10008b18 <spi_init>
10000340:	2101      	movs	r1, #1
10000342:	2012      	movs	r0, #18
10000344:	f001 f88a 	bl	1000145c <gpio_set_function>
10000348:	2101      	movs	r1, #1
1000034a:	2013      	movs	r0, #19
1000034c:	f001 f886 	bl	1000145c <gpio_set_function>
10000350:	2101      	movs	r1, #1
10000352:	2010      	movs	r0, #16
10000354:	f001 f882 	bl	1000145c <gpio_set_function>
10000358:	2011      	movs	r0, #17
1000035a:	f001 f8ef 	bl	1000153c <gpio_init>
1000035e:	26d0      	movs	r6, #208	; 0xd0
10000360:	2380      	movs	r3, #128	; 0x80
10000362:	0636      	lsls	r6, r6, #24
10000364:	029b      	lsls	r3, r3, #10
10000366:	6273      	str	r3, [r6, #36]	; 0x24
10000368:	2005      	movs	r0, #5
1000036a:	6173      	str	r3, [r6, #20]
1000036c:	4698      	mov	r8, r3
1000036e:	f001 f8e5 	bl	1000153c <gpio_init>
10000372:	2320      	movs	r3, #32
10000374:	48a9      	ldr	r0, [pc, #676]	; (1000061c <main+0x318>)
10000376:	6273      	str	r3, [r6, #36]	; 0x24
10000378:	6173      	str	r3, [r6, #20]
1000037a:	f001 ff9d 	bl	100022b8 <sleep_ms>
1000037e:	2240      	movs	r2, #64	; 0x40
10000380:	2100      	movs	r1, #0
10000382:	a814      	add	r0, sp, #80	; 0x50
10000384:	f005 ff30 	bl	100061e8 <__wrap_memset>
10000388:	2301      	movs	r3, #1
1000038a:	9305      	str	r3, [sp, #20]
1000038c:	ab14      	add	r3, sp, #80	; 0x50
1000038e:	9304      	str	r3, [sp, #16]
10000390:	ab10      	add	r3, sp, #64	; 0x40
10000392:	9303      	str	r3, [sp, #12]
10000394:	2312      	movs	r3, #18
10000396:	4ca2      	ldr	r4, [pc, #648]	; (10000620 <main+0x31c>)
10000398:	9301      	str	r3, [sp, #4]
1000039a:	3302      	adds	r3, #2
1000039c:	2206      	movs	r2, #6
1000039e:	2100      	movs	r1, #0
100003a0:	48a0      	ldr	r0, [pc, #640]	; (10000624 <main+0x320>)
100003a2:	9402      	str	r4, [sp, #8]
100003a4:	9300      	str	r3, [sp, #0]
100003a6:	3307      	adds	r3, #7
100003a8:	f000 fd9e 	bl	10000ee8 <backscatter_program_init>
100003ac:	20a9      	movs	r0, #169	; 0xa9
100003ae:	00c0      	lsls	r0, r0, #3
100003b0:	f000 f95c 	bl	1000066c <packet_hdr_template>
100003b4:	9009      	str	r0, [sp, #36]	; 0x24
100003b6:	489c      	ldr	r0, [pc, #624]	; (10000628 <main+0x324>)
100003b8:	f006 f880 	bl	100064bc <__wrap_puts>
100003bc:	489b      	ldr	r0, [pc, #620]	; (1000062c <main+0x328>)
100003be:	f006 f87d 	bl	100064bc <__wrap_puts>
100003c2:	f000 fa49 	bl	10000858 <setupReceiver>
100003c6:	2120      	movs	r1, #32
100003c8:	2334      	movs	r3, #52	; 0x34
100003ca:	aa04      	add	r2, sp, #16
100003cc:	1852      	adds	r2, r2, r1
100003ce:	7013      	strb	r3, [r2, #0]
100003d0:	4643      	mov	r3, r8
100003d2:	2201      	movs	r2, #1
100003d4:	a90c      	add	r1, sp, #48	; 0x30
100003d6:	61b3      	str	r3, [r6, #24]
100003d8:	488f      	ldr	r0, [pc, #572]	; (10000618 <main+0x314>)
100003da:	f009 f919 	bl	10009610 <__spi_write_blocking_veneer>
100003de:	4643      	mov	r3, r8
100003e0:	200a      	movs	r0, #10
100003e2:	6173      	str	r3, [r6, #20]
100003e4:	f001 ff68 	bl	100022b8 <sleep_ms>
100003e8:	4891      	ldr	r0, [pc, #580]	; (10000630 <main+0x32c>)
100003ea:	f006 f867 	bl	100064bc <__wrap_puts>
100003ee:	4891      	ldr	r0, [pc, #580]	; (10000634 <main+0x330>)
100003f0:	f006 f864 	bl	100064bc <__wrap_puts>
100003f4:	2300      	movs	r3, #0
100003f6:	9308      	str	r3, [sp, #32]
100003f8:	4b8f      	ldr	r3, [pc, #572]	; (10000638 <main+0x334>)
100003fa:	9407      	str	r4, [sp, #28]
100003fc:	469a      	mov	sl, r3
100003fe:	ac0b      	add	r4, sp, #44	; 0x2c
10000400:	af0a      	add	r7, sp, #40	; 0x28
10000402:	2336      	movs	r3, #54	; 0x36
10000404:	7023      	strb	r3, [r4, #0]
10000406:	4643      	mov	r3, r8
10000408:	2201      	movs	r2, #1
1000040a:	0021      	movs	r1, r4
1000040c:	61b3      	str	r3, [r6, #24]
1000040e:	4882      	ldr	r0, [pc, #520]	; (10000618 <main+0x314>)
10000410:	f009 f8fe 	bl	10009610 <__spi_write_blocking_veneer>
10000414:	4643      	mov	r3, r8
10000416:	6173      	str	r3, [r6, #20]
10000418:	233a      	movs	r3, #58	; 0x3a
1000041a:	7023      	strb	r3, [r4, #0]
1000041c:	4643      	mov	r3, r8
1000041e:	2201      	movs	r2, #1
10000420:	0021      	movs	r1, r4
10000422:	61b3      	str	r3, [r6, #24]
10000424:	487c      	ldr	r0, [pc, #496]	; (10000618 <main+0x314>)
10000426:	f009 f8f3 	bl	10009610 <__spi_write_blocking_veneer>
1000042a:	4643      	mov	r3, r8
1000042c:	6173      	str	r3, [r6, #20]
1000042e:	2334      	movs	r3, #52	; 0x34
10000430:	7023      	strb	r3, [r4, #0]
10000432:	4643      	mov	r3, r8
10000434:	2201      	movs	r2, #1
10000436:	0021      	movs	r1, r4
10000438:	61b3      	str	r3, [r6, #24]
1000043a:	4877      	ldr	r0, [pc, #476]	; (10000618 <main+0x314>)
1000043c:	f009 f8e8 	bl	10009610 <__spi_write_blocking_veneer>
10000440:	4643      	mov	r3, r8
10000442:	2005      	movs	r0, #5
10000444:	6173      	str	r3, [r6, #20]
10000446:	f001 ff37 	bl	100022b8 <sleep_ms>
1000044a:	2300      	movs	r3, #0
1000044c:	2514      	movs	r5, #20
1000044e:	4699      	mov	r9, r3
10000450:	469b      	mov	fp, r3
10000452:	e008      	b.n	10000466 <main+0x162>
10000454:	085b      	lsrs	r3, r3, #1
10000456:	3b48      	subs	r3, #72	; 0x48
10000458:	2001      	movs	r0, #1
1000045a:	3d01      	subs	r5, #1
1000045c:	4499      	add	r9, r3
1000045e:	f001 ff2b 	bl	100022b8 <sleep_ms>
10000462:	2d00      	cmp	r5, #0
10000464:	d01c      	beq.n	100004a0 <main+0x19c>
10000466:	23f4      	movs	r3, #244	; 0xf4
10000468:	803b      	strh	r3, [r7, #0]
1000046a:	465b      	mov	r3, fp
1000046c:	8023      	strh	r3, [r4, #0]
1000046e:	4643      	mov	r3, r8
10000470:	0022      	movs	r2, r4
10000472:	61b3      	str	r3, [r6, #24]
10000474:	0039      	movs	r1, r7
10000476:	2302      	movs	r3, #2
10000478:	4867      	ldr	r0, [pc, #412]	; (10000618 <main+0x314>)
1000047a:	f009 f8d9 	bl	10009630 <__spi_write_read_blocking_veneer>
1000047e:	4643      	mov	r3, r8
10000480:	2201      	movs	r2, #1
10000482:	6173      	str	r3, [r6, #20]
10000484:	56a2      	ldrsb	r2, [r4, r2]
10000486:	7863      	ldrb	r3, [r4, #1]
10000488:	2a00      	cmp	r2, #0
1000048a:	dae3      	bge.n	10000454 <main+0x150>
1000048c:	3bff      	subs	r3, #255	; 0xff
1000048e:	105b      	asrs	r3, r3, #1
10000490:	3b48      	subs	r3, #72	; 0x48
10000492:	2001      	movs	r0, #1
10000494:	3d01      	subs	r5, #1
10000496:	4499      	add	r9, r3
10000498:	f001 ff0e 	bl	100022b8 <sleep_ms>
1000049c:	2d00      	cmp	r5, #0
1000049e:	d1e2      	bne.n	10000466 <main+0x162>
100004a0:	2114      	movs	r1, #20
100004a2:	4648      	mov	r0, r9
100004a4:	f004 f932 	bl	1000470c <__wrap___aeabi_idiv>
100004a8:	b205      	sxth	r5, r0
100004aa:	0029      	movs	r1, r5
100004ac:	4863      	ldr	r0, [pc, #396]	; (1000063c <main+0x338>)
100004ae:	f006 f8a7 	bl	10006600 <__wrap_printf>
100004b2:	4b5b      	ldr	r3, [pc, #364]	; (10000620 <main+0x31c>)
100004b4:	4699      	mov	r9, r3
100004b6:	9b07      	ldr	r3, [sp, #28]
100004b8:	454b      	cmp	r3, r9
100004ba:	d100      	bne.n	100004be <main+0x1ba>
100004bc:	e086      	b.n	100005cc <main+0x2c8>
100004be:	3536      	adds	r5, #54	; 0x36
100004c0:	da00      	bge.n	100004c4 <main+0x1c0>
100004c2:	e091      	b.n	100005e8 <main+0x2e4>
100004c4:	485e      	ldr	r0, [pc, #376]	; (10000640 <main+0x33c>)
100004c6:	f005 fff9 	bl	100064bc <__wrap_puts>
100004ca:	464b      	mov	r3, r9
100004cc:	9307      	str	r3, [sp, #28]
100004ce:	0019      	movs	r1, r3
100004d0:	485c      	ldr	r0, [pc, #368]	; (10000644 <main+0x340>)
100004d2:	469b      	mov	fp, r3
100004d4:	f006 f894 	bl	10006600 <__wrap_printf>
100004d8:	2201      	movs	r2, #1
100004da:	4691      	mov	r9, r2
100004dc:	4d51      	ldr	r5, [pc, #324]	; (10000624 <main+0x320>)
100004de:	682b      	ldr	r3, [r5, #0]
100004e0:	0028      	movs	r0, r5
100004e2:	4393      	bics	r3, r2
100004e4:	602b      	str	r3, [r5, #0]
100004e6:	f008 fa5d 	bl	100089a4 <pio_clear_instruction_memory>
100004ea:	464b      	mov	r3, r9
100004ec:	9305      	str	r3, [sp, #20]
100004ee:	ab14      	add	r3, sp, #80	; 0x50
100004f0:	9304      	str	r3, [sp, #16]
100004f2:	ab10      	add	r3, sp, #64	; 0x40
100004f4:	9303      	str	r3, [sp, #12]
100004f6:	465b      	mov	r3, fp
100004f8:	9302      	str	r3, [sp, #8]
100004fa:	2312      	movs	r3, #18
100004fc:	9301      	str	r3, [sp, #4]
100004fe:	3302      	adds	r3, #2
10000500:	2206      	movs	r2, #6
10000502:	2100      	movs	r1, #0
10000504:	0028      	movs	r0, r5
10000506:	9300      	str	r3, [sp, #0]
10000508:	3307      	adds	r3, #7
1000050a:	f000 fced 	bl	10000ee8 <backscatter_program_init>
1000050e:	200a      	movs	r0, #10
10000510:	f001 fed2 	bl	100022b8 <sleep_ms>
10000514:	2300      	movs	r3, #0
10000516:	9308      	str	r3, [sp, #32]
10000518:	2336      	movs	r3, #54	; 0x36
1000051a:	7023      	strb	r3, [r4, #0]
1000051c:	4643      	mov	r3, r8
1000051e:	0021      	movs	r1, r4
10000520:	61b3      	str	r3, [r6, #24]
10000522:	2201      	movs	r2, #1
10000524:	483c      	ldr	r0, [pc, #240]	; (10000618 <main+0x314>)
10000526:	f009 f873 	bl	10009610 <__spi_write_blocking_veneer>
1000052a:	4643      	mov	r3, r8
1000052c:	a80c      	add	r0, sp, #48	; 0x30
1000052e:	6173      	str	r3, [r6, #20]
10000530:	2201      	movs	r2, #1
10000532:	210e      	movs	r1, #14
10000534:	f000 f928 	bl	10000788 <generate_data>
10000538:	4b43      	ldr	r3, [pc, #268]	; (10000648 <main+0x344>)
1000053a:	4650      	mov	r0, sl
1000053c:	7819      	ldrb	r1, [r3, #0]
1000053e:	9a09      	ldr	r2, [sp, #36]	; 0x24
10000540:	f000 f94c 	bl	100007dc <add_header>
10000544:	4650      	mov	r0, sl
10000546:	a90c      	add	r1, sp, #48	; 0x30
10000548:	220e      	movs	r2, #14
1000054a:	300a      	adds	r0, #10
1000054c:	f005 fe52 	bl	100061f4 <__wrap___aeabi_memcpy>
10000550:	4653      	mov	r3, sl
10000552:	681b      	ldr	r3, [r3, #0]
10000554:	4a3d      	ldr	r2, [pc, #244]	; (1000064c <main+0x348>)
10000556:	ba1b      	rev	r3, r3
10000558:	6013      	str	r3, [r2, #0]
1000055a:	4653      	mov	r3, sl
1000055c:	685b      	ldr	r3, [r3, #4]
1000055e:	2001      	movs	r0, #1
10000560:	ba1b      	rev	r3, r3
10000562:	6053      	str	r3, [r2, #4]
10000564:	4653      	mov	r3, sl
10000566:	689b      	ldr	r3, [r3, #8]
10000568:	ba1b      	rev	r3, r3
1000056a:	6093      	str	r3, [r2, #8]
1000056c:	4653      	mov	r3, sl
1000056e:	68db      	ldr	r3, [r3, #12]
10000570:	ba1b      	rev	r3, r3
10000572:	60d3      	str	r3, [r2, #12]
10000574:	4653      	mov	r3, sl
10000576:	691b      	ldr	r3, [r3, #16]
10000578:	ba1b      	rev	r3, r3
1000057a:	6113      	str	r3, [r2, #16]
1000057c:	4653      	mov	r3, sl
1000057e:	695b      	ldr	r3, [r3, #20]
10000580:	ba1b      	rev	r3, r3
10000582:	6153      	str	r3, [r2, #20]
10000584:	f001 fe98 	bl	100022b8 <sleep_ms>
10000588:	2306      	movs	r3, #6
1000058a:	4a30      	ldr	r2, [pc, #192]	; (1000064c <main+0x348>)
1000058c:	2100      	movs	r1, #0
1000058e:	4825      	ldr	r0, [pc, #148]	; (10000624 <main+0x320>)
10000590:	f000 fe26 	bl	100011e0 <backscatter_send>
10000594:	9807      	ldr	r0, [sp, #28]
10000596:	f004 fbc5 	bl	10004d24 <__wrap___aeabi_ui2d>
1000059a:	0002      	movs	r2, r0
1000059c:	000b      	movs	r3, r1
1000059e:	2000      	movs	r0, #0
100005a0:	492b      	ldr	r1, [pc, #172]	; (10000650 <main+0x34c>)
100005a2:	f004 fb34 	bl	10004c0e <__wrap___aeabi_ddiv>
100005a6:	f004 fce7 	bl	10004f78 <__wrap_ceil>
100005aa:	2200      	movs	r2, #0
100005ac:	4b29      	ldr	r3, [pc, #164]	; (10000654 <main+0x350>)
100005ae:	f004 fb25 	bl	10004bfc <__wrap___aeabi_dadd>
100005b2:	f004 fbf7 	bl	10004da4 <__wrap___aeabi_d2uiz>
100005b6:	f001 fe7f 	bl	100022b8 <sleep_ms>
100005ba:	4b23      	ldr	r3, [pc, #140]	; (10000648 <main+0x344>)
100005bc:	4a22      	ldr	r2, [pc, #136]	; (10000648 <main+0x344>)
100005be:	781b      	ldrb	r3, [r3, #0]
100005c0:	20fa      	movs	r0, #250	; 0xfa
100005c2:	3301      	adds	r3, #1
100005c4:	7013      	strb	r3, [r2, #0]
100005c6:	f001 fe77 	bl	100022b8 <sleep_ms>
100005ca:	e71a      	b.n	10000402 <main+0xfe>
100005cc:	3546      	adds	r5, #70	; 0x46
100005ce:	da14      	bge.n	100005fa <main+0x2f6>
100005d0:	9b08      	ldr	r3, [sp, #32]
100005d2:	3301      	adds	r3, #1
100005d4:	b2db      	uxtb	r3, r3
100005d6:	9308      	str	r3, [sp, #32]
100005d8:	2b02      	cmp	r3, #2
100005da:	d909      	bls.n	100005f0 <main+0x2ec>
100005dc:	481e      	ldr	r0, [pc, #120]	; (10000658 <main+0x354>)
100005de:	f005 ff6d 	bl	100064bc <__wrap_puts>
100005e2:	4b1e      	ldr	r3, [pc, #120]	; (1000065c <main+0x358>)
100005e4:	9307      	str	r3, [sp, #28]
100005e6:	e772      	b.n	100004ce <main+0x1ca>
100005e8:	481d      	ldr	r0, [pc, #116]	; (10000660 <main+0x35c>)
100005ea:	f005 ff67 	bl	100064bc <__wrap_puts>
100005ee:	e793      	b.n	10000518 <main+0x214>
100005f0:	0019      	movs	r1, r3
100005f2:	481c      	ldr	r0, [pc, #112]	; (10000664 <main+0x360>)
100005f4:	f006 f804 	bl	10006600 <__wrap_printf>
100005f8:	e78e      	b.n	10000518 <main+0x214>
100005fa:	481b      	ldr	r0, [pc, #108]	; (10000668 <main+0x364>)
100005fc:	f005 ff5e 	bl	100064bc <__wrap_puts>
10000600:	2300      	movs	r3, #0
10000602:	9308      	str	r3, [sp, #32]
10000604:	e788      	b.n	10000518 <main+0x214>
10000606:	46c0      	nop			; (mov r8, r8)
10000608:	10009690 	.word	0x10009690
1000060c:	100096bc 	.word	0x100096bc
10000610:	100096e4 	.word	0x100096e4
10000614:	004c4b40 	.word	0x004c4b40
10000618:	4003c000 	.word	0x4003c000
1000061c:	00001388 	.word	0x00001388
10000620:	000186a0 	.word	0x000186a0
10000624:	50200000 	.word	0x50200000
10000628:	10009710 	.word	0x10009710
1000062c:	10009760 	.word	0x10009760
10000630:	10009790 	.word	0x10009790
10000634:	100097f4 	.word	0x100097f4
10000638:	200025f0 	.word	0x200025f0
1000063c:	10009814 	.word	0x10009814
10000640:	10009898 	.word	0x10009898
10000644:	100098d8 	.word	0x100098d8
10000648:	20002674 	.word	0x20002674
1000064c:	20002108 	.word	0x20002108
10000650:	40e77000 	.word	0x40e77000
10000654:	40080000 	.word	0x40080000
10000658:	10009828 	.word	0x10009828
1000065c:	0000c350 	.word	0x0000c350
10000660:	100098bc 	.word	0x100098bc
10000664:	1000984c 	.word	0x1000984c
10000668:	1000987c 	.word	0x1000987c

1000066c <packet_hdr_template>:
1000066c:	4b03      	ldr	r3, [pc, #12]	; (1000067c <packet_hdr_template+0x10>)
1000066e:	4298      	cmp	r0, r3
10000670:	d001      	beq.n	10000676 <packet_hdr_template+0xa>
10000672:	4803      	ldr	r0, [pc, #12]	; (10000680 <packet_hdr_template+0x14>)
10000674:	4770      	bx	lr
10000676:	4803      	ldr	r0, [pc, #12]	; (10000684 <packet_hdr_template+0x18>)
10000678:	e7fc      	b.n	10000674 <packet_hdr_template+0x8>
1000067a:	46c0      	nop			; (mov r8, r8)
1000067c:	000009c4 	.word	0x000009c4
10000680:	20000ed8 	.word	0x20000ed8
10000684:	20000ee4 	.word	0x20000ee4

10000688 <generate_sample>:
10000688:	4a30      	ldr	r2, [pc, #192]	; (1000074c <generate_sample+0xc4>)
1000068a:	b5f8      	push	{r3, r4, r5, r6, r7, lr}
1000068c:	8813      	ldrh	r3, [r2, #0]
1000068e:	2b00      	cmp	r3, #0
10000690:	d10c      	bne.n	100006ac <generate_sample+0x24>
10000692:	2302      	movs	r3, #2
10000694:	8013      	strh	r3, [r2, #0]
10000696:	4b2e      	ldr	r3, [pc, #184]	; (10000750 <generate_sample+0xc8>)
10000698:	4a2e      	ldr	r2, [pc, #184]	; (10000754 <generate_sample+0xcc>)
1000069a:	4c2f      	ldr	r4, [pc, #188]	; (10000758 <generate_sample+0xd0>)
1000069c:	4d2f      	ldr	r5, [pc, #188]	; (1000075c <generate_sample+0xd4>)
1000069e:	601a      	str	r2, [r3, #0]
100006a0:	0020      	movs	r0, r4
100006a2:	0029      	movs	r1, r5
100006a4:	f004 fb7e 	bl	10004da4 <__wrap___aeabi_d2uiz>
100006a8:	b280      	uxth	r0, r0
100006aa:	bdf8      	pop	{r3, r4, r5, r6, r7, pc}
100006ac:	4c2c      	ldr	r4, [pc, #176]	; (10000760 <generate_sample+0xd8>)
100006ae:	4928      	ldr	r1, [pc, #160]	; (10000750 <generate_sample+0xc8>)
100006b0:	46a4      	mov	ip, r4
100006b2:	6808      	ldr	r0, [r1, #0]
100006b4:	4e2b      	ldr	r6, [pc, #172]	; (10000764 <generate_sample+0xdc>)
100006b6:	3302      	adds	r3, #2
100006b8:	4370      	muls	r0, r6
100006ba:	4460      	add	r0, ip
100006bc:	4346      	muls	r6, r0
100006be:	4466      	add	r6, ip
100006c0:	8013      	strh	r3, [r2, #0]
100006c2:	600e      	str	r6, [r1, #0]
100006c4:	f004 fb2e 	bl	10004d24 <__wrap___aeabi_ui2d>
100006c8:	4a27      	ldr	r2, [pc, #156]	; (10000768 <generate_sample+0xe0>)
100006ca:	4b28      	ldr	r3, [pc, #160]	; (1000076c <generate_sample+0xe4>)
100006cc:	f004 fa9f 	bl	10004c0e <__wrap___aeabi_ddiv>
100006d0:	f004 fbac 	bl	10004e2c <__wrap_log>
100006d4:	23c0      	movs	r3, #192	; 0xc0
100006d6:	2200      	movs	r2, #0
100006d8:	061b      	lsls	r3, r3, #24
100006da:	f004 fab6 	bl	10004c4a <__wrap___aeabi_dmul>
100006de:	f004 fb79 	bl	10004dd4 <__wrap_sqrt>
100006e2:	0004      	movs	r4, r0
100006e4:	0030      	movs	r0, r6
100006e6:	000d      	movs	r5, r1
100006e8:	f004 fb1c 	bl	10004d24 <__wrap___aeabi_ui2d>
100006ec:	4a1e      	ldr	r2, [pc, #120]	; (10000768 <generate_sample+0xe0>)
100006ee:	4b1f      	ldr	r3, [pc, #124]	; (1000076c <generate_sample+0xe4>)
100006f0:	f004 fa8d 	bl	10004c0e <__wrap___aeabi_ddiv>
100006f4:	4a1e      	ldr	r2, [pc, #120]	; (10000770 <generate_sample+0xe8>)
100006f6:	4b1f      	ldr	r3, [pc, #124]	; (10000774 <generate_sample+0xec>)
100006f8:	f004 faa7 	bl	10004c4a <__wrap___aeabi_dmul>
100006fc:	f004 fb80 	bl	10004e00 <__wrap_cos>
10000700:	0006      	movs	r6, r0
10000702:	000f      	movs	r7, r1
10000704:	2200      	movs	r2, #0
10000706:	0020      	movs	r0, r4
10000708:	0029      	movs	r1, r5
1000070a:	4b1b      	ldr	r3, [pc, #108]	; (10000778 <generate_sample+0xf0>)
1000070c:	f004 fa9d 	bl	10004c4a <__wrap___aeabi_dmul>
10000710:	0032      	movs	r2, r6
10000712:	003b      	movs	r3, r7
10000714:	f004 fa99 	bl	10004c4a <__wrap___aeabi_dmul>
10000718:	2200      	movs	r2, #0
1000071a:	4b18      	ldr	r3, [pc, #96]	; (1000077c <generate_sample+0xf4>)
1000071c:	f004 fa6e 	bl	10004bfc <__wrap___aeabi_dadd>
10000720:	2280      	movs	r2, #128	; 0x80
10000722:	4b17      	ldr	r3, [pc, #92]	; (10000780 <generate_sample+0xf8>)
10000724:	0612      	lsls	r2, r2, #24
10000726:	0004      	movs	r4, r0
10000728:	000d      	movs	r5, r1
1000072a:	f004 fae7 	bl	10004cfc <__wrap___aeabi_dcmpgt>
1000072e:	2800      	cmp	r0, #0
10000730:	d001      	beq.n	10000736 <generate_sample+0xae>
10000732:	4814      	ldr	r0, [pc, #80]	; (10000784 <generate_sample+0xfc>)
10000734:	e7b9      	b.n	100006aa <generate_sample+0x22>
10000736:	2300      	movs	r3, #0
10000738:	2200      	movs	r2, #0
1000073a:	0020      	movs	r0, r4
1000073c:	0029      	movs	r1, r5
1000073e:	f004 fac7 	bl	10004cd0 <__wrap___aeabi_dcmplt>
10000742:	0003      	movs	r3, r0
10000744:	2000      	movs	r0, #0
10000746:	2b00      	cmp	r3, #0
10000748:	d1af      	bne.n	100006aa <generate_sample+0x22>
1000074a:	e7a9      	b.n	100006a0 <generate_sample+0x18>
1000074c:	2000266a 	.word	0x2000266a
10000750:	20000ef0 	.word	0x20000ef0
10000754:	85573f87 	.word	0x85573f87
10000758:	ef00d122 	.word	0xef00d122
1000075c:	40b35d6b 	.word	0x40b35d6b
10000760:	3c6ef35f 	.word	0x3c6ef35f
10000764:	0019660d 	.word	0x0019660d
10000768:	ffe00000 	.word	0xffe00000
1000076c:	41efffff 	.word	0x41efffff
10000770:	54442d18 	.word	0x54442d18
10000774:	401921fb 	.word	0x401921fb
10000778:	409ffc00 	.word	0x409ffc00
1000077c:	40bfff00 	.word	0x40bfff00
10000780:	414fffff 	.word	0x414fffff
10000784:	0000ffff 	.word	0x0000ffff

10000788 <generate_data>:
10000788:	b5f8      	push	{r3, r4, r5, r6, r7, lr}
1000078a:	2301      	movs	r3, #1
1000078c:	001c      	movs	r4, r3
1000078e:	0005      	movs	r5, r0
10000790:	000e      	movs	r6, r1
10000792:	0017      	movs	r7, r2
10000794:	400c      	ands	r4, r1
10000796:	420b      	tst	r3, r1
10000798:	d115      	bne.n	100007c6 <generate_data+0x3e>
1000079a:	2a00      	cmp	r2, #0
1000079c:	d010      	beq.n	100007c0 <generate_data+0x38>
1000079e:	2402      	movs	r4, #2
100007a0:	4a0c      	ldr	r2, [pc, #48]	; (100007d4 <generate_data+0x4c>)
100007a2:	8813      	ldrh	r3, [r2, #0]
100007a4:	0a1b      	lsrs	r3, r3, #8
100007a6:	702b      	strb	r3, [r5, #0]
100007a8:	8813      	ldrh	r3, [r2, #0]
100007aa:	706b      	strb	r3, [r5, #1]
100007ac:	42a6      	cmp	r6, r4
100007ae:	d909      	bls.n	100007c4 <generate_data+0x3c>
100007b0:	f7ff ff6a 	bl	10000688 <generate_sample>
100007b4:	0a03      	lsrs	r3, r0, #8
100007b6:	552b      	strb	r3, [r5, r4]
100007b8:	192b      	adds	r3, r5, r4
100007ba:	3402      	adds	r4, #2
100007bc:	7058      	strb	r0, [r3, #1]
100007be:	b2e4      	uxtb	r4, r4
100007c0:	42a6      	cmp	r6, r4
100007c2:	d8f5      	bhi.n	100007b0 <generate_data+0x28>
100007c4:	bdf8      	pop	{r3, r4, r5, r6, r7, pc}
100007c6:	4804      	ldr	r0, [pc, #16]	; (100007d8 <generate_data+0x50>)
100007c8:	f005 ff1a 	bl	10006600 <__wrap_printf>
100007cc:	2f00      	cmp	r7, #0
100007ce:	d1e6      	bne.n	1000079e <generate_data+0x16>
100007d0:	2400      	movs	r4, #0
100007d2:	e7ed      	b.n	100007b0 <generate_data+0x28>
100007d4:	2000266a 	.word	0x2000266a
100007d8:	10009944 	.word	0x10009944

100007dc <add_header>:
100007dc:	0003      	movs	r3, r0
100007de:	4313      	orrs	r3, r2
100007e0:	079b      	lsls	r3, r3, #30
100007e2:	d10b      	bne.n	100007fc <add_header+0x20>
100007e4:	1c53      	adds	r3, r2, #1
100007e6:	1ac3      	subs	r3, r0, r3
100007e8:	2b02      	cmp	r3, #2
100007ea:	d907      	bls.n	100007fc <add_header+0x20>
100007ec:	6813      	ldr	r3, [r2, #0]
100007ee:	6003      	str	r3, [r0, #0]
100007f0:	6853      	ldr	r3, [r2, #4]
100007f2:	6043      	str	r3, [r0, #4]
100007f4:	230f      	movs	r3, #15
100007f6:	7203      	strb	r3, [r0, #8]
100007f8:	7241      	strb	r1, [r0, #9]
100007fa:	4770      	bx	lr
100007fc:	7813      	ldrb	r3, [r2, #0]
100007fe:	7003      	strb	r3, [r0, #0]
10000800:	7853      	ldrb	r3, [r2, #1]
10000802:	7043      	strb	r3, [r0, #1]
10000804:	7893      	ldrb	r3, [r2, #2]
10000806:	7083      	strb	r3, [r0, #2]
10000808:	78d3      	ldrb	r3, [r2, #3]
1000080a:	70c3      	strb	r3, [r0, #3]
1000080c:	7913      	ldrb	r3, [r2, #4]
1000080e:	7103      	strb	r3, [r0, #4]
10000810:	7953      	ldrb	r3, [r2, #5]
10000812:	7143      	strb	r3, [r0, #5]
10000814:	7993      	ldrb	r3, [r2, #6]
10000816:	7183      	strb	r3, [r0, #6]
10000818:	79d3      	ldrb	r3, [r2, #7]
1000081a:	71c3      	strb	r3, [r0, #7]
1000081c:	e7ea      	b.n	100007f4 <add_header+0x18>
1000081e:	46c0      	nop			; (mov r8, r8)

10000820 <receiver_isr>:
10000820:	b500      	push	{lr}
10000822:	b083      	sub	sp, #12
10000824:	2815      	cmp	r0, #21
10000826:	d001      	beq.n	1000082c <receiver_isr+0xc>
10000828:	b003      	add	sp, #12
1000082a:	bd00      	pop	{pc}
1000082c:	2904      	cmp	r1, #4
1000082e:	d009      	beq.n	10000844 <receiver_isr+0x24>
10000830:	2908      	cmp	r1, #8
10000832:	d1f9      	bne.n	10000828 <receiver_isr+0x8>
10000834:	466b      	mov	r3, sp
10000836:	1dd9      	adds	r1, r3, #7
10000838:	2301      	movs	r3, #1
1000083a:	4806      	ldr	r0, [pc, #24]	; (10000854 <receiver_isr+0x34>)
1000083c:	700b      	strb	r3, [r1, #0]
1000083e:	f002 f8fd 	bl	10002a3c <queue_try_add>
10000842:	e7f1      	b.n	10000828 <receiver_isr+0x8>
10000844:	466b      	mov	r3, sp
10000846:	1dd9      	adds	r1, r3, #7
10000848:	2302      	movs	r3, #2
1000084a:	4802      	ldr	r0, [pc, #8]	; (10000854 <receiver_isr+0x34>)
1000084c:	700b      	strb	r3, [r1, #0]
1000084e:	f002 f8f5 	bl	10002a3c <queue_try_add>
10000852:	e7e9      	b.n	10000828 <receiver_isr+0x8>
10000854:	200021d0 	.word	0x200021d0

10000858 <setupReceiver>:
10000858:	2330      	movs	r3, #48	; 0x30
1000085a:	b570      	push	{r4, r5, r6, lr}
1000085c:	b082      	sub	sp, #8
1000085e:	ad01      	add	r5, sp, #4
10000860:	702b      	strb	r3, [r5, #0]
10000862:	46c0      	nop			; (mov r8, r8)
10000864:	46c0      	nop			; (mov r8, r8)
10000866:	46c0      	nop			; (mov r8, r8)
10000868:	24d0      	movs	r4, #208	; 0xd0
1000086a:	2680      	movs	r6, #128	; 0x80
1000086c:	0624      	lsls	r4, r4, #24
1000086e:	02b6      	lsls	r6, r6, #10
10000870:	61a6      	str	r6, [r4, #24]
10000872:	46c0      	nop			; (mov r8, r8)
10000874:	46c0      	nop			; (mov r8, r8)
10000876:	46c0      	nop			; (mov r8, r8)
10000878:	2201      	movs	r2, #1
1000087a:	0029      	movs	r1, r5
1000087c:	482f      	ldr	r0, [pc, #188]	; (1000093c <setupReceiver+0xe4>)
1000087e:	f008 fec7 	bl	10009610 <__spi_write_blocking_veneer>
10000882:	46c0      	nop			; (mov r8, r8)
10000884:	46c0      	nop			; (mov r8, r8)
10000886:	46c0      	nop			; (mov r8, r8)
10000888:	6166      	str	r6, [r4, #20]
1000088a:	46c0      	nop			; (mov r8, r8)
1000088c:	46c0      	nop			; (mov r8, r8)
1000088e:	46c0      	nop			; (mov r8, r8)
10000890:	2001      	movs	r0, #1
10000892:	f001 fd11 	bl	100022b8 <sleep_ms>
10000896:	2064      	movs	r0, #100	; 0x64
10000898:	2100      	movs	r1, #0
1000089a:	f001 fcfb 	bl	10002294 <sleep_us>
1000089e:	2336      	movs	r3, #54	; 0x36
100008a0:	702b      	strb	r3, [r5, #0]
100008a2:	46c0      	nop			; (mov r8, r8)
100008a4:	46c0      	nop			; (mov r8, r8)
100008a6:	46c0      	nop			; (mov r8, r8)
100008a8:	61a6      	str	r6, [r4, #24]
100008aa:	46c0      	nop			; (mov r8, r8)
100008ac:	46c0      	nop			; (mov r8, r8)
100008ae:	46c0      	nop			; (mov r8, r8)
100008b0:	2201      	movs	r2, #1
100008b2:	0029      	movs	r1, r5
100008b4:	4821      	ldr	r0, [pc, #132]	; (1000093c <setupReceiver+0xe4>)
100008b6:	f008 feab 	bl	10009610 <__spi_write_blocking_veneer>
100008ba:	46c0      	nop			; (mov r8, r8)
100008bc:	46c0      	nop			; (mov r8, r8)
100008be:	46c0      	nop			; (mov r8, r8)
100008c0:	6166      	str	r6, [r4, #20]
100008c2:	46c0      	nop			; (mov r8, r8)
100008c4:	46c0      	nop			; (mov r8, r8)
100008c6:	46c0      	nop			; (mov r8, r8)
100008c8:	2001      	movs	r0, #1
100008ca:	f001 fcf5 	bl	100022b8 <sleep_ms>
100008ce:	46c0      	nop			; (mov r8, r8)
100008d0:	46c0      	nop			; (mov r8, r8)
100008d2:	46c0      	nop			; (mov r8, r8)
100008d4:	61a6      	str	r6, [r4, #24]
100008d6:	46c0      	nop			; (mov r8, r8)
100008d8:	46c0      	nop			; (mov r8, r8)
100008da:	46c0      	nop			; (mov r8, r8)
100008dc:	4c18      	ldr	r4, [pc, #96]	; (10000940 <setupReceiver+0xe8>)
100008de:	0026      	movs	r6, r4
100008e0:	3628      	adds	r6, #40	; 0x28
100008e2:	8823      	ldrh	r3, [r4, #0]
100008e4:	2202      	movs	r2, #2
100008e6:	0029      	movs	r1, r5
100008e8:	4814      	ldr	r0, [pc, #80]	; (1000093c <setupReceiver+0xe4>)
100008ea:	3402      	adds	r4, #2
100008ec:	802b      	strh	r3, [r5, #0]
100008ee:	f008 fe8f 	bl	10009610 <__spi_write_blocking_veneer>
100008f2:	42b4      	cmp	r4, r6
100008f4:	d1f5      	bne.n	100008e2 <setupReceiver+0x8a>
100008f6:	46c0      	nop			; (mov r8, r8)
100008f8:	46c0      	nop			; (mov r8, r8)
100008fa:	46c0      	nop			; (mov r8, r8)
100008fc:	23d0      	movs	r3, #208	; 0xd0
100008fe:	2280      	movs	r2, #128	; 0x80
10000900:	061b      	lsls	r3, r3, #24
10000902:	0292      	lsls	r2, r2, #10
10000904:	615a      	str	r2, [r3, #20]
10000906:	46c0      	nop			; (mov r8, r8)
10000908:	46c0      	nop			; (mov r8, r8)
1000090a:	46c0      	nop			; (mov r8, r8)
1000090c:	f000 fed0 	bl	100016b0 <next_striped_spin_lock_num>
10000910:	4c0c      	ldr	r4, [pc, #48]	; (10000944 <setupReceiver+0xec>)
10000912:	0003      	movs	r3, r0
10000914:	2214      	movs	r2, #20
10000916:	2101      	movs	r1, #1
10000918:	0020      	movs	r0, r4
1000091a:	f002 f87d 	bl	10002a18 <queue_init_with_spinlock>
1000091e:	2100      	movs	r1, #0
10000920:	0020      	movs	r0, r4
10000922:	f002 f8c3 	bl	10002aac <queue_try_remove>
10000926:	2800      	cmp	r0, #0
10000928:	d1f9      	bne.n	1000091e <setupReceiver+0xc6>
1000092a:	2201      	movs	r2, #1
1000092c:	210c      	movs	r1, #12
1000092e:	4b06      	ldr	r3, [pc, #24]	; (10000948 <setupReceiver+0xf0>)
10000930:	3015      	adds	r0, #21
10000932:	f000 fdab 	bl	1000148c <gpio_set_irq_enabled_with_callback>
10000936:	b002      	add	sp, #8
10000938:	bd70      	pop	{r4, r5, r6, pc}
1000093a:	46c0      	nop			; (mov r8, r8)
1000093c:	4003c000 	.word	0x4003c000
10000940:	20000ef4 	.word	0x20000ef4
10000944:	200021d0 	.word	0x200021d0
10000948:	10000821 	.word	0x10000821

1000094c <generatePIOprogram>:
1000094c:	b5f0      	push	{r4, r5, r6, r7, lr}
1000094e:	4657      	mov	r7, sl
10000950:	4645      	mov	r5, r8
10000952:	46de      	mov	lr, fp
10000954:	464e      	mov	r6, r9
10000956:	b5e0      	push	{r5, r6, r7, lr}
10000958:	b08d      	sub	sp, #52	; 0x34
1000095a:	001d      	movs	r5, r3
1000095c:	ab16      	add	r3, sp, #88	; 0x58
1000095e:	000f      	movs	r7, r1
10000960:	0011      	movs	r1, r2
10000962:	cb04      	ldmia	r3!, {r2}
10000964:	4682      	mov	sl, r0
10000966:	781b      	ldrb	r3, [r3, #0]
10000968:	920b      	str	r2, [sp, #44]	; 0x2c
1000096a:	2b00      	cmp	r3, #0
1000096c:	d100      	bne.n	10000970 <generatePIOprogram+0x24>
1000096e:	e2a8      	b.n	10000ec2 <generatePIOprogram+0x576>
10000970:	23f0      	movs	r3, #240	; 0xf0
10000972:	021b      	lsls	r3, r3, #8
10000974:	4699      	mov	r9, r3
10000976:	4be2      	ldr	r3, [pc, #904]	; (10000d00 <generatePIOprogram+0x3b4>)
10000978:	2408      	movs	r4, #8
1000097a:	4698      	mov	r8, r3
1000097c:	48e1      	ldr	r0, [pc, #900]	; (10000d04 <generatePIOprogram+0x3b8>)
1000097e:	f003 feed 	bl	1000475c <__wrap___aeabi_uidiv>
10000982:	1f06      	subs	r6, r0, #4
10000984:	087b      	lsrs	r3, r7, #1
10000986:	0039      	movs	r1, r7
10000988:	0030      	movs	r0, r6
1000098a:	9300      	str	r3, [sp, #0]
1000098c:	f003 fee6 	bl	1000475c <__wrap___aeabi_uidiv>
10000990:	9b00      	ldr	r3, [sp, #0]
10000992:	b20a      	sxth	r2, r1
10000994:	9205      	str	r2, [sp, #20]
10000996:	9301      	str	r3, [sp, #4]
10000998:	4293      	cmp	r3, r2
1000099a:	dd00      	ble.n	1000099e <generatePIOprogram+0x52>
1000099c:	9201      	str	r2, [sp, #4]
1000099e:	466b      	mov	r3, sp
100009a0:	2204      	movs	r2, #4
100009a2:	5e9a      	ldrsh	r2, [r3, r2]
100009a4:	4653      	mov	r3, sl
100009a6:	4651      	mov	r1, sl
100009a8:	085b      	lsrs	r3, r3, #1
100009aa:	0030      	movs	r0, r6
100009ac:	001f      	movs	r7, r3
100009ae:	9203      	str	r2, [sp, #12]
100009b0:	9304      	str	r3, [sp, #16]
100009b2:	f003 fed3 	bl	1000475c <__wrap___aeabi_uidiv>
100009b6:	b20a      	sxth	r2, r1
100009b8:	9208      	str	r2, [sp, #32]
100009ba:	9702      	str	r7, [sp, #8]
100009bc:	4297      	cmp	r7, r2
100009be:	dd00      	ble.n	100009c2 <generatePIOprogram+0x76>
100009c0:	9202      	str	r2, [sp, #8]
100009c2:	466b      	mov	r3, sp
100009c4:	9f00      	ldr	r7, [sp, #0]
100009c6:	0021      	movs	r1, r4
100009c8:	0038      	movs	r0, r7
100009ca:	2608      	movs	r6, #8
100009cc:	5f9e      	ldrsh	r6, [r3, r6]
100009ce:	f003 fec5 	bl	1000475c <__wrap___aeabi_uidiv>
100009d2:	b289      	uxth	r1, r1
100009d4:	2900      	cmp	r1, #0
100009d6:	d000      	beq.n	100009da <generatePIOprogram+0x8e>
100009d8:	e26c      	b.n	10000eb4 <generatePIOprogram+0x568>
100009da:	0021      	movs	r1, r4
100009dc:	0038      	movs	r0, r7
100009de:	f003 febd 	bl	1000475c <__wrap___aeabi_uidiv>
100009e2:	b2c0      	uxtb	r0, r0
100009e4:	3006      	adds	r0, #6
100009e6:	b2c3      	uxtb	r3, r0
100009e8:	469a      	mov	sl, r3
100009ea:	9b00      	ldr	r3, [sp, #0]
100009ec:	0021      	movs	r1, r4
100009ee:	3b01      	subs	r3, #1
100009f0:	b29b      	uxth	r3, r3
100009f2:	0018      	movs	r0, r3
100009f4:	001f      	movs	r7, r3
100009f6:	9306      	str	r3, [sp, #24]
100009f8:	f003 feb0 	bl	1000475c <__wrap___aeabi_uidiv>
100009fc:	b289      	uxth	r1, r1
100009fe:	2900      	cmp	r1, #0
10000a00:	d000      	beq.n	10000a04 <generatePIOprogram+0xb8>
10000a02:	e250      	b.n	10000ea6 <generatePIOprogram+0x55a>
10000a04:	0021      	movs	r1, r4
10000a06:	0038      	movs	r0, r7
10000a08:	f003 fea8 	bl	1000475c <__wrap___aeabi_uidiv>
10000a0c:	b2c0      	uxtb	r0, r0
10000a0e:	4450      	add	r0, sl
10000a10:	b2c3      	uxtb	r3, r0
10000a12:	469a      	mov	sl, r3
10000a14:	466b      	mov	r3, sp
10000a16:	889b      	ldrh	r3, [r3, #4]
10000a18:	0021      	movs	r1, r4
10000a1a:	0018      	movs	r0, r3
10000a1c:	469b      	mov	fp, r3
10000a1e:	f003 fe9d 	bl	1000475c <__wrap___aeabi_uidiv>
10000a22:	b289      	uxth	r1, r1
10000a24:	2900      	cmp	r1, #0
10000a26:	d000      	beq.n	10000a2a <generatePIOprogram+0xde>
10000a28:	e236      	b.n	10000e98 <generatePIOprogram+0x54c>
10000a2a:	0021      	movs	r1, r4
10000a2c:	4658      	mov	r0, fp
10000a2e:	f003 fe95 	bl	1000475c <__wrap___aeabi_uidiv>
10000a32:	b2c0      	uxtb	r0, r0
10000a34:	4450      	add	r0, sl
10000a36:	b2c3      	uxtb	r3, r0
10000a38:	469a      	mov	sl, r3
10000a3a:	9a01      	ldr	r2, [sp, #4]
10000a3c:	9b05      	ldr	r3, [sp, #20]
10000a3e:	0021      	movs	r1, r4
10000a40:	1a9a      	subs	r2, r3, r2
10000a42:	43d3      	mvns	r3, r2
10000a44:	17db      	asrs	r3, r3, #31
10000a46:	401a      	ands	r2, r3
10000a48:	b293      	uxth	r3, r2
10000a4a:	0018      	movs	r0, r3
10000a4c:	469b      	mov	fp, r3
10000a4e:	9209      	str	r2, [sp, #36]	; 0x24
10000a50:	f003 fe84 	bl	1000475c <__wrap___aeabi_uidiv>
10000a54:	b289      	uxth	r1, r1
10000a56:	2900      	cmp	r1, #0
10000a58:	d000      	beq.n	10000a5c <generatePIOprogram+0x110>
10000a5a:	e216      	b.n	10000e8a <generatePIOprogram+0x53e>
10000a5c:	0021      	movs	r1, r4
10000a5e:	4658      	mov	r0, fp
10000a60:	f003 fe7c 	bl	1000475c <__wrap___aeabi_uidiv>
10000a64:	b2c0      	uxtb	r0, r0
10000a66:	4450      	add	r0, sl
10000a68:	b2c0      	uxtb	r0, r0
10000a6a:	1c83      	adds	r3, r0, #2
10000a6c:	9f04      	ldr	r7, [sp, #16]
10000a6e:	b2db      	uxtb	r3, r3
10000a70:	3003      	adds	r0, #3
10000a72:	930a      	str	r3, [sp, #40]	; 0x28
10000a74:	0021      	movs	r1, r4
10000a76:	b2c3      	uxtb	r3, r0
10000a78:	0038      	movs	r0, r7
10000a7a:	9305      	str	r3, [sp, #20]
10000a7c:	f003 fe6e 	bl	1000475c <__wrap___aeabi_uidiv>
10000a80:	b289      	uxth	r1, r1
10000a82:	2900      	cmp	r1, #0
10000a84:	d000      	beq.n	10000a88 <generatePIOprogram+0x13c>
10000a86:	e1f9      	b.n	10000e7c <generatePIOprogram+0x530>
10000a88:	0021      	movs	r1, r4
10000a8a:	0038      	movs	r0, r7
10000a8c:	f003 fe66 	bl	1000475c <__wrap___aeabi_uidiv>
10000a90:	b2c0      	uxtb	r0, r0
10000a92:	9b05      	ldr	r3, [sp, #20]
10000a94:	0021      	movs	r1, r4
10000a96:	469b      	mov	fp, r3
10000a98:	9b04      	ldr	r3, [sp, #16]
10000a9a:	4483      	add	fp, r0
10000a9c:	3b01      	subs	r3, #1
10000a9e:	b29b      	uxth	r3, r3
10000aa0:	0018      	movs	r0, r3
10000aa2:	001f      	movs	r7, r3
10000aa4:	9307      	str	r3, [sp, #28]
10000aa6:	f003 fe59 	bl	1000475c <__wrap___aeabi_uidiv>
10000aaa:	b289      	uxth	r1, r1
10000aac:	2900      	cmp	r1, #0
10000aae:	d000      	beq.n	10000ab2 <generatePIOprogram+0x166>
10000ab0:	e1dd      	b.n	10000e6e <generatePIOprogram+0x522>
10000ab2:	0021      	movs	r1, r4
10000ab4:	0038      	movs	r0, r7
10000ab6:	f003 fe51 	bl	1000475c <__wrap___aeabi_uidiv>
10000aba:	b2c0      	uxtb	r0, r0
10000abc:	4458      	add	r0, fp
10000abe:	1c43      	adds	r3, r0, #1
10000ac0:	469a      	mov	sl, r3
10000ac2:	466b      	mov	r3, sp
10000ac4:	891b      	ldrh	r3, [r3, #8]
10000ac6:	0021      	movs	r1, r4
10000ac8:	0018      	movs	r0, r3
10000aca:	469b      	mov	fp, r3
10000acc:	f003 fe46 	bl	1000475c <__wrap___aeabi_uidiv>
10000ad0:	b289      	uxth	r1, r1
10000ad2:	2900      	cmp	r1, #0
10000ad4:	d000      	beq.n	10000ad8 <generatePIOprogram+0x18c>
10000ad6:	e1c3      	b.n	10000e60 <generatePIOprogram+0x514>
10000ad8:	0021      	movs	r1, r4
10000ada:	4658      	mov	r0, fp
10000adc:	f003 fe3e 	bl	1000475c <__wrap___aeabi_uidiv>
10000ae0:	b2c0      	uxtb	r0, r0
10000ae2:	0003      	movs	r3, r0
10000ae4:	4453      	add	r3, sl
10000ae6:	9a02      	ldr	r2, [sp, #8]
10000ae8:	001f      	movs	r7, r3
10000aea:	9b08      	ldr	r3, [sp, #32]
10000aec:	0021      	movs	r1, r4
10000aee:	1a9b      	subs	r3, r3, r2
10000af0:	469b      	mov	fp, r3
10000af2:	43db      	mvns	r3, r3
10000af4:	465a      	mov	r2, fp
10000af6:	17db      	asrs	r3, r3, #31
10000af8:	401a      	ands	r2, r3
10000afa:	b293      	uxth	r3, r2
10000afc:	0018      	movs	r0, r3
10000afe:	4693      	mov	fp, r2
10000b00:	469a      	mov	sl, r3
10000b02:	f003 fe2b 	bl	1000475c <__wrap___aeabi_uidiv>
10000b06:	b289      	uxth	r1, r1
10000b08:	2900      	cmp	r1, #0
10000b0a:	d000      	beq.n	10000b0e <generatePIOprogram+0x1c2>
10000b0c:	e198      	b.n	10000e40 <generatePIOprogram+0x4f4>
10000b0e:	0021      	movs	r1, r4
10000b10:	4650      	mov	r0, sl
10000b12:	f003 fe23 	bl	1000475c <__wrap___aeabi_uidiv>
10000b16:	46bc      	mov	ip, r7
10000b18:	b2c0      	uxtb	r0, r0
10000b1a:	4460      	add	r0, ip
10000b1c:	281e      	cmp	r0, #30
10000b1e:	dd00      	ble.n	10000b22 <generatePIOprogram+0x1d6>
10000b20:	e199      	b.n	10000e56 <generatePIOprogram+0x50a>
10000b22:	4643      	mov	r3, r8
10000b24:	802b      	strh	r3, [r5, #0]
10000b26:	4b78      	ldr	r3, [pc, #480]	; (10000d08 <generatePIOprogram+0x3bc>)
10000b28:	9a0a      	ldr	r2, [sp, #40]	; 0x28
10000b2a:	806b      	strh	r3, [r5, #2]
10000b2c:	4b77      	ldr	r3, [pc, #476]	; (10000d0c <generatePIOprogram+0x3c0>)
10000b2e:	80ab      	strh	r3, [r5, #4]
10000b30:	4b77      	ldr	r3, [pc, #476]	; (10000d10 <generatePIOprogram+0x3c4>)
10000b32:	80eb      	strh	r3, [r5, #6]
10000b34:	231f      	movs	r3, #31
10000b36:	4013      	ands	r3, r2
10000b38:	2220      	movs	r2, #32
10000b3a:	4313      	orrs	r3, r2
10000b3c:	812b      	strh	r3, [r5, #8]
10000b3e:	9a00      	ldr	r2, [sp, #0]
10000b40:	4b74      	ldr	r3, [pc, #464]	; (10000d14 <generatePIOprogram+0x3c8>)
10000b42:	816b      	strh	r3, [r5, #10]
10000b44:	b213      	sxth	r3, r2
10000b46:	2a00      	cmp	r2, #0
10000b48:	d100      	bne.n	10000b4c <generatePIOprogram+0x200>
10000b4a:	e1c1      	b.n	10000ed0 <generatePIOprogram+0x584>
10000b4c:	1e62      	subs	r2, r4, #1
10000b4e:	b212      	sxth	r2, r2
10000b50:	4694      	mov	ip, r2
10000b52:	9a03      	ldr	r2, [sp, #12]
10000b54:	4660      	mov	r0, ip
10000b56:	4692      	mov	sl, r2
10000b58:	4642      	mov	r2, r8
10000b5a:	46ac      	mov	ip, r5
10000b5c:	46b0      	mov	r8, r6
10000b5e:	2106      	movs	r1, #6
10000b60:	0025      	movs	r5, r4
10000b62:	0016      	movs	r6, r2
10000b64:	9000      	str	r0, [sp, #0]
10000b66:	001a      	movs	r2, r3
10000b68:	42ab      	cmp	r3, r5
10000b6a:	dd00      	ble.n	10000b6e <generatePIOprogram+0x222>
10000b6c:	002a      	movs	r2, r5
10000b6e:	3a01      	subs	r2, #1
10000b70:	b2d2      	uxtb	r2, r2
10000b72:	0010      	movs	r0, r2
10000b74:	9f00      	ldr	r7, [sp, #0]
10000b76:	3b01      	subs	r3, #1
10000b78:	4038      	ands	r0, r7
10000b7a:	4667      	mov	r7, ip
10000b7c:	1a9b      	subs	r3, r3, r2
10000b7e:	0200      	lsls	r0, r0, #8
10000b80:	004c      	lsls	r4, r1, #1
10000b82:	000a      	movs	r2, r1
10000b84:	4330      	orrs	r0, r6
10000b86:	3101      	adds	r1, #1
10000b88:	b21b      	sxth	r3, r3
10000b8a:	53e0      	strh	r0, [r4, r7]
10000b8c:	b2c9      	uxtb	r1, r1
10000b8e:	2b00      	cmp	r3, #0
10000b90:	dce9      	bgt.n	10000b66 <generatePIOprogram+0x21a>
10000b92:	4653      	mov	r3, sl
10000b94:	9303      	str	r3, [sp, #12]
10000b96:	0033      	movs	r3, r6
10000b98:	4646      	mov	r6, r8
10000b9a:	4698      	mov	r8, r3
10000b9c:	004b      	lsls	r3, r1, #1
10000b9e:	002c      	movs	r4, r5
10000ba0:	4665      	mov	r5, ip
10000ba2:	469c      	mov	ip, r3
10000ba4:	1c93      	adds	r3, r2, #2
10000ba6:	b2db      	uxtb	r3, r3
10000ba8:	0058      	lsls	r0, r3, #1
10000baa:	4682      	mov	sl, r0
10000bac:	3203      	adds	r2, #3
10000bae:	b2d2      	uxtb	r2, r2
10000bb0:	0052      	lsls	r2, r2, #1
10000bb2:	4668      	mov	r0, sp
10000bb4:	2718      	movs	r7, #24
10000bb6:	5fc0      	ldrsh	r0, [r0, r7]
10000bb8:	2800      	cmp	r0, #0
10000bba:	dd31      	ble.n	10000c20 <generatePIOprogram+0x2d4>
10000bbc:	1e63      	subs	r3, r4, #1
10000bbe:	b21b      	sxth	r3, r3
10000bc0:	469a      	mov	sl, r3
10000bc2:	464b      	mov	r3, r9
10000bc4:	46b1      	mov	r9, r6
10000bc6:	9e03      	ldr	r6, [sp, #12]
10000bc8:	4652      	mov	r2, sl
10000bca:	46ac      	mov	ip, r5
10000bcc:	46b2      	mov	sl, r6
10000bce:	0025      	movs	r5, r4
10000bd0:	001e      	movs	r6, r3
10000bd2:	9200      	str	r2, [sp, #0]
10000bd4:	0003      	movs	r3, r0
10000bd6:	42a8      	cmp	r0, r5
10000bd8:	dd00      	ble.n	10000bdc <generatePIOprogram+0x290>
10000bda:	002b      	movs	r3, r5
10000bdc:	3b01      	subs	r3, #1
10000bde:	b2db      	uxtb	r3, r3
10000be0:	001a      	movs	r2, r3
10000be2:	9f00      	ldr	r7, [sp, #0]
10000be4:	3801      	subs	r0, #1
10000be6:	403a      	ands	r2, r7
10000be8:	4667      	mov	r7, ip
10000bea:	0212      	lsls	r2, r2, #8
10000bec:	004c      	lsls	r4, r1, #1
10000bee:	4332      	orrs	r2, r6
10000bf0:	1ac0      	subs	r0, r0, r3
10000bf2:	53e2      	strh	r2, [r4, r7]
10000bf4:	b200      	sxth	r0, r0
10000bf6:	000a      	movs	r2, r1
10000bf8:	3101      	adds	r1, #1
10000bfa:	b2c9      	uxtb	r1, r1
10000bfc:	2800      	cmp	r0, #0
10000bfe:	dce9      	bgt.n	10000bd4 <generatePIOprogram+0x288>
10000c00:	4653      	mov	r3, sl
10000c02:	9303      	str	r3, [sp, #12]
10000c04:	0033      	movs	r3, r6
10000c06:	464e      	mov	r6, r9
10000c08:	4699      	mov	r9, r3
10000c0a:	004b      	lsls	r3, r1, #1
10000c0c:	002c      	movs	r4, r5
10000c0e:	4665      	mov	r5, ip
10000c10:	469c      	mov	ip, r3
10000c12:	1c93      	adds	r3, r2, #2
10000c14:	b2db      	uxtb	r3, r3
10000c16:	0059      	lsls	r1, r3, #1
10000c18:	468a      	mov	sl, r1
10000c1a:	3203      	adds	r2, #3
10000c1c:	b2d2      	uxtb	r2, r2
10000c1e:	0052      	lsls	r2, r2, #1
10000c20:	2146      	movs	r1, #70	; 0x46
10000c22:	4660      	mov	r0, ip
10000c24:	5229      	strh	r1, [r5, r0]
10000c26:	9901      	ldr	r1, [sp, #4]
10000c28:	2900      	cmp	r1, #0
10000c2a:	dd26      	ble.n	10000c7a <generatePIOprogram+0x32e>
10000c2c:	1e62      	subs	r2, r4, #1
10000c2e:	b212      	sxth	r2, r2
10000c30:	4694      	mov	ip, r2
10000c32:	002a      	movs	r2, r5
10000c34:	46e2      	mov	sl, ip
10000c36:	4645      	mov	r5, r8
10000c38:	4694      	mov	ip, r2
10000c3a:	46b0      	mov	r8, r6
10000c3c:	9f03      	ldr	r7, [sp, #12]
10000c3e:	003a      	movs	r2, r7
10000c40:	42a7      	cmp	r7, r4
10000c42:	dd00      	ble.n	10000c46 <generatePIOprogram+0x2fa>
10000c44:	0022      	movs	r2, r4
10000c46:	3a01      	subs	r2, #1
10000c48:	b2d2      	uxtb	r2, r2
10000c4a:	0011      	movs	r1, r2
10000c4c:	4656      	mov	r6, sl
10000c4e:	4031      	ands	r1, r6
10000c50:	4666      	mov	r6, ip
10000c52:	3f01      	subs	r7, #1
10000c54:	1abf      	subs	r7, r7, r2
10000c56:	0209      	lsls	r1, r1, #8
10000c58:	0058      	lsls	r0, r3, #1
10000c5a:	001a      	movs	r2, r3
10000c5c:	4329      	orrs	r1, r5
10000c5e:	3301      	adds	r3, #1
10000c60:	b23f      	sxth	r7, r7
10000c62:	5381      	strh	r1, [r0, r6]
10000c64:	b2db      	uxtb	r3, r3
10000c66:	2f00      	cmp	r7, #0
10000c68:	dce9      	bgt.n	10000c3e <generatePIOprogram+0x2f2>
10000c6a:	0059      	lsls	r1, r3, #1
10000c6c:	4646      	mov	r6, r8
10000c6e:	468a      	mov	sl, r1
10000c70:	46a8      	mov	r8, r5
10000c72:	4665      	mov	r5, ip
10000c74:	3202      	adds	r2, #2
10000c76:	b2d2      	uxtb	r2, r2
10000c78:	0052      	lsls	r2, r2, #1
10000c7a:	4669      	mov	r1, sp
10000c7c:	2024      	movs	r0, #36	; 0x24
10000c7e:	5e09      	ldrsh	r1, [r1, r0]
10000c80:	2900      	cmp	r1, #0
10000c82:	dd25      	ble.n	10000cd0 <generatePIOprogram+0x384>
10000c84:	1e62      	subs	r2, r4, #1
10000c86:	b212      	sxth	r2, r2
10000c88:	4694      	mov	ip, r2
10000c8a:	002a      	movs	r2, r5
10000c8c:	46e2      	mov	sl, ip
10000c8e:	464d      	mov	r5, r9
10000c90:	4694      	mov	ip, r2
10000c92:	46b1      	mov	r9, r6
10000c94:	000a      	movs	r2, r1
10000c96:	42a1      	cmp	r1, r4
10000c98:	dd00      	ble.n	10000c9c <generatePIOprogram+0x350>
10000c9a:	0022      	movs	r2, r4
10000c9c:	3a01      	subs	r2, #1
10000c9e:	b2d2      	uxtb	r2, r2
10000ca0:	0010      	movs	r0, r2
10000ca2:	4656      	mov	r6, sl
10000ca4:	4030      	ands	r0, r6
10000ca6:	4666      	mov	r6, ip
10000ca8:	3901      	subs	r1, #1
10000caa:	1a89      	subs	r1, r1, r2
10000cac:	0200      	lsls	r0, r0, #8
10000cae:	005f      	lsls	r7, r3, #1
10000cb0:	001a      	movs	r2, r3
10000cb2:	4328      	orrs	r0, r5
10000cb4:	3301      	adds	r3, #1
10000cb6:	b209      	sxth	r1, r1
10000cb8:	53b8      	strh	r0, [r7, r6]
10000cba:	b2db      	uxtb	r3, r3
10000cbc:	2900      	cmp	r1, #0
10000cbe:	dce9      	bgt.n	10000c94 <generatePIOprogram+0x348>
10000cc0:	0059      	lsls	r1, r3, #1
10000cc2:	464e      	mov	r6, r9
10000cc4:	468a      	mov	sl, r1
10000cc6:	46a9      	mov	r9, r5
10000cc8:	4665      	mov	r5, ip
10000cca:	3202      	adds	r2, #2
10000ccc:	b2d2      	uxtb	r2, r2
10000cce:	0052      	lsls	r2, r2, #1
10000cd0:	2103      	movs	r1, #3
10000cd2:	4650      	mov	r0, sl
10000cd4:	5229      	strh	r1, [r5, r0]
10000cd6:	4910      	ldr	r1, [pc, #64]	; (10000d18 <generatePIOprogram+0x3cc>)
10000cd8:	3302      	adds	r3, #2
10000cda:	52a9      	strh	r1, [r5, r2]
10000cdc:	9904      	ldr	r1, [sp, #16]
10000cde:	b2db      	uxtb	r3, r3
10000ce0:	b20a      	sxth	r2, r1
10000ce2:	2900      	cmp	r1, #0
10000ce4:	d02e      	beq.n	10000d44 <generatePIOprogram+0x3f8>
10000ce6:	1e61      	subs	r1, r4, #1
10000ce8:	b209      	sxth	r1, r1
10000cea:	468c      	mov	ip, r1
10000cec:	0029      	movs	r1, r5
10000cee:	46e2      	mov	sl, ip
10000cf0:	4645      	mov	r5, r8
10000cf2:	468c      	mov	ip, r1
10000cf4:	46b0      	mov	r8, r6
10000cf6:	0011      	movs	r1, r2
10000cf8:	42a2      	cmp	r2, r4
10000cfa:	dd0f      	ble.n	10000d1c <generatePIOprogram+0x3d0>
10000cfc:	0021      	movs	r1, r4
10000cfe:	e00d      	b.n	10000d1c <generatePIOprogram+0x3d0>
10000d00:	0000f801 	.word	0x0000f801
10000d04:	07735940 	.word	0x07735940
10000d08:	000060c0 	.word	0x000060c0
10000d0c:	00006040 	.word	0x00006040
10000d10:	00006021 	.word	0x00006021
10000d14:	ffffa022 	.word	0xffffa022
10000d18:	ffffa026 	.word	0xffffa026
10000d1c:	3901      	subs	r1, #1
10000d1e:	b2c9      	uxtb	r1, r1
10000d20:	4656      	mov	r6, sl
10000d22:	0008      	movs	r0, r1
10000d24:	4030      	ands	r0, r6
10000d26:	4666      	mov	r6, ip
10000d28:	3a01      	subs	r2, #1
10000d2a:	0200      	lsls	r0, r0, #8
10000d2c:	1a52      	subs	r2, r2, r1
10000d2e:	005f      	lsls	r7, r3, #1
10000d30:	4328      	orrs	r0, r5
10000d32:	3301      	adds	r3, #1
10000d34:	b212      	sxth	r2, r2
10000d36:	53b8      	strh	r0, [r7, r6]
10000d38:	b2db      	uxtb	r3, r3
10000d3a:	2a00      	cmp	r2, #0
10000d3c:	dcdb      	bgt.n	10000cf6 <generatePIOprogram+0x3aa>
10000d3e:	4646      	mov	r6, r8
10000d40:	46a8      	mov	r8, r5
10000d42:	4665      	mov	r5, ip
10000d44:	466a      	mov	r2, sp
10000d46:	211c      	movs	r1, #28
10000d48:	5e52      	ldrsh	r2, [r2, r1]
10000d4a:	2a00      	cmp	r2, #0
10000d4c:	dd1f      	ble.n	10000d8e <generatePIOprogram+0x442>
10000d4e:	1e61      	subs	r1, r4, #1
10000d50:	b209      	sxth	r1, r1
10000d52:	468c      	mov	ip, r1
10000d54:	0029      	movs	r1, r5
10000d56:	46e2      	mov	sl, ip
10000d58:	464d      	mov	r5, r9
10000d5a:	468c      	mov	ip, r1
10000d5c:	46b1      	mov	r9, r6
10000d5e:	0011      	movs	r1, r2
10000d60:	42a2      	cmp	r2, r4
10000d62:	dd00      	ble.n	10000d66 <generatePIOprogram+0x41a>
10000d64:	0021      	movs	r1, r4
10000d66:	3901      	subs	r1, #1
10000d68:	b2c9      	uxtb	r1, r1
10000d6a:	4656      	mov	r6, sl
10000d6c:	0008      	movs	r0, r1
10000d6e:	4030      	ands	r0, r6
10000d70:	4666      	mov	r6, ip
10000d72:	3a01      	subs	r2, #1
10000d74:	0200      	lsls	r0, r0, #8
10000d76:	1a52      	subs	r2, r2, r1
10000d78:	005f      	lsls	r7, r3, #1
10000d7a:	4328      	orrs	r0, r5
10000d7c:	3301      	adds	r3, #1
10000d7e:	b212      	sxth	r2, r2
10000d80:	53b8      	strh	r0, [r7, r6]
10000d82:	b2db      	uxtb	r3, r3
10000d84:	2a00      	cmp	r2, #0
10000d86:	dcea      	bgt.n	10000d5e <generatePIOprogram+0x412>
10000d88:	464e      	mov	r6, r9
10000d8a:	46a9      	mov	r9, r5
10000d8c:	4665      	mov	r5, ip
10000d8e:	221f      	movs	r2, #31
10000d90:	9805      	ldr	r0, [sp, #20]
10000d92:	0059      	lsls	r1, r3, #1
10000d94:	4002      	ands	r2, r0
10000d96:	2040      	movs	r0, #64	; 0x40
10000d98:	4302      	orrs	r2, r0
10000d9a:	534a      	strh	r2, [r1, r5]
10000d9c:	9a02      	ldr	r2, [sp, #8]
10000d9e:	3301      	adds	r3, #1
10000da0:	b2db      	uxtb	r3, r3
10000da2:	2a00      	cmp	r2, #0
10000da4:	dd17      	ble.n	10000dd6 <generatePIOprogram+0x48a>
10000da6:	1e67      	subs	r7, r4, #1
10000da8:	b23f      	sxth	r7, r7
10000daa:	0032      	movs	r2, r6
10000dac:	42a6      	cmp	r6, r4
10000dae:	dd00      	ble.n	10000db2 <generatePIOprogram+0x466>
10000db0:	0022      	movs	r2, r4
10000db2:	3a01      	subs	r2, #1
10000db4:	0059      	lsls	r1, r3, #1
10000db6:	b2d2      	uxtb	r2, r2
10000db8:	468c      	mov	ip, r1
10000dba:	0011      	movs	r1, r2
10000dbc:	4640      	mov	r0, r8
10000dbe:	4039      	ands	r1, r7
10000dc0:	0209      	lsls	r1, r1, #8
10000dc2:	4301      	orrs	r1, r0
10000dc4:	4660      	mov	r0, ip
10000dc6:	3e01      	subs	r6, #1
10000dc8:	1ab6      	subs	r6, r6, r2
10000dca:	3301      	adds	r3, #1
10000dcc:	b236      	sxth	r6, r6
10000dce:	5341      	strh	r1, [r0, r5]
10000dd0:	b2db      	uxtb	r3, r3
10000dd2:	2e00      	cmp	r6, #0
10000dd4:	dce9      	bgt.n	10000daa <generatePIOprogram+0x45e>
10000dd6:	465a      	mov	r2, fp
10000dd8:	b211      	sxth	r1, r2
10000dda:	2900      	cmp	r1, #0
10000ddc:	dd19      	ble.n	10000e12 <generatePIOprogram+0x4c6>
10000dde:	1e66      	subs	r6, r4, #1
10000de0:	b236      	sxth	r6, r6
10000de2:	464f      	mov	r7, r9
10000de4:	46b0      	mov	r8, r6
10000de6:	000a      	movs	r2, r1
10000de8:	42a1      	cmp	r1, r4
10000dea:	dd00      	ble.n	10000dee <generatePIOprogram+0x4a2>
10000dec:	0022      	movs	r2, r4
10000dee:	3a01      	subs	r2, #1
10000df0:	0058      	lsls	r0, r3, #1
10000df2:	b2d2      	uxtb	r2, r2
10000df4:	4684      	mov	ip, r0
10000df6:	4646      	mov	r6, r8
10000df8:	0010      	movs	r0, r2
10000dfa:	4030      	ands	r0, r6
10000dfc:	4666      	mov	r6, ip
10000dfe:	3901      	subs	r1, #1
10000e00:	0200      	lsls	r0, r0, #8
10000e02:	1a89      	subs	r1, r1, r2
10000e04:	4338      	orrs	r0, r7
10000e06:	3301      	adds	r3, #1
10000e08:	b209      	sxth	r1, r1
10000e0a:	5370      	strh	r0, [r6, r5]
10000e0c:	b2db      	uxtb	r3, r3
10000e0e:	2900      	cmp	r1, #0
10000e10:	dce9      	bgt.n	10000de6 <generatePIOprogram+0x49a>
10000e12:	2103      	movs	r1, #3
10000e14:	005a      	lsls	r2, r3, #1
10000e16:	5351      	strh	r1, [r2, r5]
10000e18:	990b      	ldr	r1, [sp, #44]	; 0x2c
10000e1a:	3301      	adds	r3, #1
10000e1c:	710b      	strb	r3, [r1, #4]
10000e1e:	23ff      	movs	r3, #255	; 0xff
10000e20:	2001      	movs	r0, #1
10000e22:	0a2a      	lsrs	r2, r5, #8
10000e24:	700d      	strb	r5, [r1, #0]
10000e26:	704a      	strb	r2, [r1, #1]
10000e28:	0c2a      	lsrs	r2, r5, #16
10000e2a:	0e2d      	lsrs	r5, r5, #24
10000e2c:	708a      	strb	r2, [r1, #2]
10000e2e:	70cd      	strb	r5, [r1, #3]
10000e30:	714b      	strb	r3, [r1, #5]
10000e32:	b00d      	add	sp, #52	; 0x34
10000e34:	bcf0      	pop	{r4, r5, r6, r7}
10000e36:	46bb      	mov	fp, r7
10000e38:	46b2      	mov	sl, r6
10000e3a:	46a9      	mov	r9, r5
10000e3c:	46a0      	mov	r8, r4
10000e3e:	bdf0      	pop	{r4, r5, r6, r7, pc}
10000e40:	0021      	movs	r1, r4
10000e42:	4650      	mov	r0, sl
10000e44:	f003 fc8a 	bl	1000475c <__wrap___aeabi_uidiv>
10000e48:	46bc      	mov	ip, r7
10000e4a:	3001      	adds	r0, #1
10000e4c:	b2c0      	uxtb	r0, r0
10000e4e:	4460      	add	r0, ip
10000e50:	281e      	cmp	r0, #30
10000e52:	dc00      	bgt.n	10000e56 <generatePIOprogram+0x50a>
10000e54:	e665      	b.n	10000b22 <generatePIOprogram+0x1d6>
10000e56:	4822      	ldr	r0, [pc, #136]	; (10000ee0 <generatePIOprogram+0x594>)
10000e58:	f005 fbd2 	bl	10006600 <__wrap_printf>
10000e5c:	2000      	movs	r0, #0
10000e5e:	e7e8      	b.n	10000e32 <generatePIOprogram+0x4e6>
10000e60:	0021      	movs	r1, r4
10000e62:	4658      	mov	r0, fp
10000e64:	f003 fc7a 	bl	1000475c <__wrap___aeabi_uidiv>
10000e68:	3001      	adds	r0, #1
10000e6a:	b2c0      	uxtb	r0, r0
10000e6c:	e639      	b.n	10000ae2 <generatePIOprogram+0x196>
10000e6e:	0038      	movs	r0, r7
10000e70:	0021      	movs	r1, r4
10000e72:	f003 fc73 	bl	1000475c <__wrap___aeabi_uidiv>
10000e76:	3001      	adds	r0, #1
10000e78:	b2c0      	uxtb	r0, r0
10000e7a:	e61f      	b.n	10000abc <generatePIOprogram+0x170>
10000e7c:	0038      	movs	r0, r7
10000e7e:	0021      	movs	r1, r4
10000e80:	f003 fc6c 	bl	1000475c <__wrap___aeabi_uidiv>
10000e84:	3001      	adds	r0, #1
10000e86:	b2c0      	uxtb	r0, r0
10000e88:	e603      	b.n	10000a92 <generatePIOprogram+0x146>
10000e8a:	0021      	movs	r1, r4
10000e8c:	4658      	mov	r0, fp
10000e8e:	f003 fc65 	bl	1000475c <__wrap___aeabi_uidiv>
10000e92:	3001      	adds	r0, #1
10000e94:	b2c0      	uxtb	r0, r0
10000e96:	e5e6      	b.n	10000a66 <generatePIOprogram+0x11a>
10000e98:	0021      	movs	r1, r4
10000e9a:	4658      	mov	r0, fp
10000e9c:	f003 fc5e 	bl	1000475c <__wrap___aeabi_uidiv>
10000ea0:	3001      	adds	r0, #1
10000ea2:	b2c0      	uxtb	r0, r0
10000ea4:	e5c6      	b.n	10000a34 <generatePIOprogram+0xe8>
10000ea6:	0038      	movs	r0, r7
10000ea8:	0021      	movs	r1, r4
10000eaa:	f003 fc57 	bl	1000475c <__wrap___aeabi_uidiv>
10000eae:	3001      	adds	r0, #1
10000eb0:	b2c0      	uxtb	r0, r0
10000eb2:	e5ac      	b.n	10000a0e <generatePIOprogram+0xc2>
10000eb4:	0038      	movs	r0, r7
10000eb6:	0021      	movs	r1, r4
10000eb8:	f003 fc50 	bl	1000475c <__wrap___aeabi_uidiv>
10000ebc:	3001      	adds	r0, #1
10000ebe:	b2c0      	uxtb	r0, r0
10000ec0:	e590      	b.n	100009e4 <generatePIOprogram+0x98>
10000ec2:	23e0      	movs	r3, #224	; 0xe0
10000ec4:	021b      	lsls	r3, r3, #8
10000ec6:	4699      	mov	r9, r3
10000ec8:	4b06      	ldr	r3, [pc, #24]	; (10000ee4 <generatePIOprogram+0x598>)
10000eca:	2420      	movs	r4, #32
10000ecc:	4698      	mov	r8, r3
10000ece:	e555      	b.n	1000097c <generatePIOprogram+0x30>
10000ed0:	230e      	movs	r3, #14
10000ed2:	210c      	movs	r1, #12
10000ed4:	469a      	mov	sl, r3
10000ed6:	468c      	mov	ip, r1
10000ed8:	2210      	movs	r2, #16
10000eda:	3b07      	subs	r3, #7
10000edc:	3906      	subs	r1, #6
10000ede:	e668      	b.n	10000bb2 <generatePIOprogram+0x266>
10000ee0:	10009980 	.word	0x10009980
10000ee4:	0000e001 	.word	0x0000e001

10000ee8 <backscatter_program_init>:
10000ee8:	b5f0      	push	{r4, r5, r6, r7, lr}
10000eea:	464e      	mov	r6, r9
10000eec:	4645      	mov	r5, r8
10000eee:	46de      	mov	lr, fp
10000ef0:	4657      	mov	r7, sl
10000ef2:	4693      	mov	fp, r2
10000ef4:	2201      	movs	r2, #1
10000ef6:	b5e0      	push	{r5, r6, r7, lr}
10000ef8:	000d      	movs	r5, r1
10000efa:	0011      	movs	r1, r2
10000efc:	b091      	sub	sp, #68	; 0x44
10000efe:	9304      	str	r3, [sp, #16]
10000f00:	ab1a      	add	r3, sp, #104	; 0x68
10000f02:	881b      	ldrh	r3, [r3, #0]
10000f04:	40a9      	lsls	r1, r5
10000f06:	4699      	mov	r9, r3
10000f08:	ab1b      	add	r3, sp, #108	; 0x6c
10000f0a:	881f      	ldrh	r7, [r3, #0]
10000f0c:	9b1c      	ldr	r3, [sp, #112]	; 0x70
10000f0e:	0004      	movs	r4, r0
10000f10:	4698      	mov	r8, r3
10000f12:	ab1f      	add	r3, sp, #124	; 0x7c
10000f14:	781b      	ldrb	r3, [r3, #0]
10000f16:	9e1d      	ldr	r6, [sp, #116]	; 0x74
10000f18:	9303      	str	r3, [sp, #12]
10000f1a:	6803      	ldr	r3, [r0, #0]
10000f1c:	9105      	str	r1, [sp, #20]
10000f1e:	438b      	bics	r3, r1
10000f20:	6003      	str	r3, [r0, #0]
10000f22:	464b      	mov	r3, r9
10000f24:	421a      	tst	r2, r3
10000f26:	d000      	beq.n	10000f2a <backscatter_program_init+0x42>
10000f28:	e129      	b.n	1000117e <backscatter_program_init+0x296>
10000f2a:	07fb      	lsls	r3, r7, #31
10000f2c:	d500      	bpl.n	10000f30 <backscatter_program_init+0x48>
10000f2e:	e122      	b.n	10001176 <backscatter_program_init+0x28e>
10000f30:	4641      	mov	r1, r8
10000f32:	489c      	ldr	r0, [pc, #624]	; (100011a4 <backscatter_program_init+0x2bc>)
10000f34:	f003 fc12 	bl	1000475c <__wrap___aeabi_uidiv>
10000f38:	2900      	cmp	r1, #0
10000f3a:	d000      	beq.n	10000f3e <backscatter_program_init+0x56>
10000f3c:	e0fd      	b.n	1000113a <backscatter_program_init+0x252>
10000f3e:	9b03      	ldr	r3, [sp, #12]
10000f40:	aa06      	add	r2, sp, #24
10000f42:	0039      	movs	r1, r7
10000f44:	9301      	str	r3, [sp, #4]
10000f46:	9200      	str	r2, [sp, #0]
10000f48:	9b1e      	ldr	r3, [sp, #120]	; 0x78
10000f4a:	4642      	mov	r2, r8
10000f4c:	4648      	mov	r0, r9
10000f4e:	f7ff fcfd 	bl	1000094c <generatePIOprogram>
10000f52:	2200      	movs	r2, #0
10000f54:	0020      	movs	r0, r4
10000f56:	a906      	add	r1, sp, #24
10000f58:	f007 fcca 	bl	100088f0 <pio_add_program_at_offset>
10000f5c:	4a92      	ldr	r2, [pc, #584]	; (100011a8 <backscatter_program_init+0x2c0>)
10000f5e:	4658      	mov	r0, fp
10000f60:	18a3      	adds	r3, r4, r2
10000f62:	1e5a      	subs	r2, r3, #1
10000f64:	4193      	sbcs	r3, r2
10000f66:	1d9a      	adds	r2, r3, #6
10000f68:	0011      	movs	r1, r2
10000f6a:	4692      	mov	sl, r2
10000f6c:	f000 fa76 	bl	1000145c <gpio_set_function>
10000f70:	2201      	movs	r2, #1
10000f72:	2301      	movs	r3, #1
10000f74:	9200      	str	r2, [sp, #0]
10000f76:	0029      	movs	r1, r5
10000f78:	465a      	mov	r2, fp
10000f7a:	0020      	movs	r0, r4
10000f7c:	f007 fd2e 	bl	100089dc <pio_sm_set_consecutive_pindirs>
10000f80:	9b03      	ldr	r3, [sp, #12]
10000f82:	2b00      	cmp	r3, #0
10000f84:	d000      	beq.n	10000f88 <backscatter_program_init+0xa0>
10000f86:	e099      	b.n	100010bc <backscatter_program_init+0x1d4>
10000f88:	930b      	str	r3, [sp, #44]	; 0x2c
10000f8a:	2280      	movs	r2, #128	; 0x80
10000f8c:	23f8      	movs	r3, #248	; 0xf8
10000f8e:	0252      	lsls	r2, r2, #9
10000f90:	025b      	lsls	r3, r3, #9
10000f92:	9208      	str	r2, [sp, #32]
10000f94:	9309      	str	r3, [sp, #36]	; 0x24
10000f96:	23c0      	movs	r3, #192	; 0xc0
10000f98:	031b      	lsls	r3, r3, #12
10000f9a:	930a      	str	r3, [sp, #40]	; 0x28
10000f9c:	ab0c      	add	r3, sp, #48	; 0x30
10000f9e:	469a      	mov	sl, r3
10000fa0:	2210      	movs	r2, #16
10000fa2:	0018      	movs	r0, r3
10000fa4:	a908      	add	r1, sp, #32
10000fa6:	f005 f925 	bl	100061f4 <__wrap___aeabi_memcpy>
10000faa:	4652      	mov	r2, sl
10000fac:	ab04      	add	r3, sp, #16
10000fae:	7b1b      	ldrb	r3, [r3, #12]
10000fb0:	3b01      	subs	r3, #1
10000fb2:	031b      	lsls	r3, r3, #12
10000fb4:	6053      	str	r3, [r2, #4]
10000fb6:	465b      	mov	r3, fp
10000fb8:	015a      	lsls	r2, r3, #5
10000fba:	2380      	movs	r3, #128	; 0x80
10000fbc:	04db      	lsls	r3, r3, #19
10000fbe:	431a      	orrs	r2, r3
10000fc0:	4653      	mov	r3, sl
10000fc2:	60da      	str	r2, [r3, #12]
10000fc4:	4652      	mov	r2, sl
10000fc6:	4b79      	ldr	r3, [pc, #484]	; (100011ac <backscatter_program_init+0x2c4>)
10000fc8:	0029      	movs	r1, r5
10000fca:	6093      	str	r3, [r2, #8]
10000fcc:	0020      	movs	r0, r4
10000fce:	4653      	mov	r3, sl
10000fd0:	2200      	movs	r2, #0
10000fd2:	f007 fd5b 	bl	10008a8c <pio_sm_init>
10000fd6:	6823      	ldr	r3, [r4, #0]
10000fd8:	9a05      	ldr	r2, [sp, #20]
10000fda:	4641      	mov	r1, r8
10000fdc:	431a      	orrs	r2, r3
10000fde:	6022      	str	r2, [r4, #0]
10000fe0:	4870      	ldr	r0, [pc, #448]	; (100011a4 <backscatter_program_init+0x2bc>)
10000fe2:	f003 fbbb 	bl	1000475c <__wrap___aeabi_uidiv>
10000fe6:	1f03      	subs	r3, r0, #4
10000fe8:	4649      	mov	r1, r9
10000fea:	0018      	movs	r0, r3
10000fec:	469b      	mov	fp, r3
10000fee:	f003 fbb5 	bl	1000475c <__wrap___aeabi_uidiv>
10000ff2:	0039      	movs	r1, r7
10000ff4:	1e43      	subs	r3, r0, #1
10000ff6:	4658      	mov	r0, fp
10000ff8:	469a      	mov	sl, r3
10000ffa:	f003 fbaf 	bl	1000475c <__wrap___aeabi_uidiv>
10000ffe:	002a      	movs	r2, r5
10001000:	2301      	movs	r3, #1
10001002:	3210      	adds	r2, #16
10001004:	4093      	lsls	r3, r2
10001006:	3801      	subs	r0, #1
10001008:	6862      	ldr	r2, [r4, #4]
1000100a:	4213      	tst	r3, r2
1000100c:	d1fc      	bne.n	10001008 <backscatter_program_init+0x120>
1000100e:	4652      	mov	r2, sl
10001010:	00ad      	lsls	r5, r5, #2
10001012:	1965      	adds	r5, r4, r5
10001014:	612a      	str	r2, [r5, #16]
10001016:	6862      	ldr	r2, [r4, #4]
10001018:	4213      	tst	r3, r2
1000101a:	d1fc      	bne.n	10001016 <backscatter_program_init+0x12e>
1000101c:	6128      	str	r0, [r5, #16]
1000101e:	4649      	mov	r1, r9
10001020:	4860      	ldr	r0, [pc, #384]	; (100011a4 <backscatter_program_init+0x2bc>)
10001022:	f003 fb73 	bl	1000470c <__wrap___aeabi_idiv>
10001026:	0039      	movs	r1, r7
10001028:	0004      	movs	r4, r0
1000102a:	485e      	ldr	r0, [pc, #376]	; (100011a4 <backscatter_program_init+0x2bc>)
1000102c:	f003 fb6e 	bl	1000470c <__wrap___aeabi_idiv>
10001030:	1824      	adds	r4, r4, r0
10001032:	1063      	asrs	r3, r4, #1
10001034:	0038      	movs	r0, r7
10001036:	469a      	mov	sl, r3
10001038:	f003 fe74 	bl	10004d24 <__wrap___aeabi_ui2d>
1000103c:	0002      	movs	r2, r0
1000103e:	000b      	movs	r3, r1
10001040:	2000      	movs	r0, #0
10001042:	495b      	ldr	r1, [pc, #364]	; (100011b0 <backscatter_program_init+0x2c8>)
10001044:	f003 fde3 	bl	10004c0e <__wrap___aeabi_ddiv>
10001048:	0004      	movs	r4, r0
1000104a:	4650      	mov	r0, sl
1000104c:	000d      	movs	r5, r1
1000104e:	f003 fe69 	bl	10004d24 <__wrap___aeabi_ui2d>
10001052:	0002      	movs	r2, r0
10001054:	000b      	movs	r3, r1
10001056:	0020      	movs	r0, r4
10001058:	0029      	movs	r1, r5
1000105a:	f003 fdc6 	bl	10004bea <__wrap___aeabi_dsub>
1000105e:	f003 ff3b 	bl	10004ed8 <__wrap_round>
10001062:	0005      	movs	r5, r0
10001064:	000c      	movs	r4, r1
10001066:	2200      	movs	r2, #0
10001068:	2300      	movs	r3, #0
1000106a:	0028      	movs	r0, r5
1000106c:	0021      	movs	r1, r4
1000106e:	f003 fe45 	bl	10004cfc <__wrap___aeabi_dcmpgt>
10001072:	2800      	cmp	r0, #0
10001074:	d059      	beq.n	1000112a <backscatter_program_init+0x242>
10001076:	0021      	movs	r1, r4
10001078:	0028      	movs	r0, r5
1000107a:	f003 fe93 	bl	10004da4 <__wrap___aeabi_d2uiz>
1000107e:	0004      	movs	r4, r0
10001080:	4643      	mov	r3, r8
10001082:	6033      	str	r3, [r6, #0]
10001084:	4653      	mov	r3, sl
10001086:	6073      	str	r3, [r6, #4]
10001088:	0063      	lsls	r3, r4, #1
1000108a:	4443      	add	r3, r8
1000108c:	60f3      	str	r3, [r6, #12]
1000108e:	4b49      	ldr	r3, [pc, #292]	; (100011b4 <backscatter_program_init+0x2cc>)
10001090:	60b4      	str	r4, [r6, #8]
10001092:	429c      	cmp	r4, r3
10001094:	d900      	bls.n	10001098 <backscatter_program_init+0x1b0>
10001096:	e07a      	b.n	1000118e <backscatter_program_init+0x2a6>
10001098:	45b9      	cmp	r9, r7
1000109a:	d200      	bcs.n	1000109e <backscatter_program_init+0x1b6>
1000109c:	e073      	b.n	10001186 <backscatter_program_init+0x29e>
1000109e:	68f0      	ldr	r0, [r6, #12]
100010a0:	68b3      	ldr	r3, [r6, #8]
100010a2:	6872      	ldr	r2, [r6, #4]
100010a4:	6831      	ldr	r1, [r6, #0]
100010a6:	9000      	str	r0, [sp, #0]
100010a8:	4843      	ldr	r0, [pc, #268]	; (100011b8 <backscatter_program_init+0x2d0>)
100010aa:	f005 faa9 	bl	10006600 <__wrap_printf>
100010ae:	b011      	add	sp, #68	; 0x44
100010b0:	bcf0      	pop	{r4, r5, r6, r7}
100010b2:	46bb      	mov	fp, r7
100010b4:	46b2      	mov	sl, r6
100010b6:	46a9      	mov	r9, r5
100010b8:	46a0      	mov	r8, r4
100010ba:	bdf0      	pop	{r4, r5, r6, r7, pc}
100010bc:	9b04      	ldr	r3, [sp, #16]
100010be:	4651      	mov	r1, sl
100010c0:	469a      	mov	sl, r3
100010c2:	0018      	movs	r0, r3
100010c4:	f000 f9ca 	bl	1000145c <gpio_set_function>
100010c8:	2301      	movs	r3, #1
100010ca:	4652      	mov	r2, sl
100010cc:	0029      	movs	r1, r5
100010ce:	0020      	movs	r0, r4
100010d0:	9300      	str	r3, [sp, #0]
100010d2:	9204      	str	r2, [sp, #16]
100010d4:	f007 fc82 	bl	100089dc <pio_sm_set_consecutive_pindirs>
100010d8:	2300      	movs	r3, #0
100010da:	2280      	movs	r2, #128	; 0x80
100010dc:	930b      	str	r3, [sp, #44]	; 0x2c
100010de:	23f8      	movs	r3, #248	; 0xf8
100010e0:	0252      	lsls	r2, r2, #9
100010e2:	025b      	lsls	r3, r3, #9
100010e4:	9208      	str	r2, [sp, #32]
100010e6:	9309      	str	r3, [sp, #36]	; 0x24
100010e8:	23c0      	movs	r3, #192	; 0xc0
100010ea:	031b      	lsls	r3, r3, #12
100010ec:	930a      	str	r3, [sp, #40]	; 0x28
100010ee:	ab0c      	add	r3, sp, #48	; 0x30
100010f0:	469a      	mov	sl, r3
100010f2:	2210      	movs	r2, #16
100010f4:	0018      	movs	r0, r3
100010f6:	a908      	add	r1, sp, #32
100010f8:	f005 f87c 	bl	100061f4 <__wrap___aeabi_memcpy>
100010fc:	ab04      	add	r3, sp, #16
100010fe:	7b1b      	ldrb	r3, [r3, #12]
10001100:	4a2e      	ldr	r2, [pc, #184]	; (100011bc <backscatter_program_init+0x2d4>)
10001102:	3b01      	subs	r3, #1
10001104:	031b      	lsls	r3, r3, #12
10001106:	4013      	ands	r3, r2
10001108:	2280      	movs	r2, #128	; 0x80
1000110a:	4651      	mov	r1, sl
1000110c:	05d2      	lsls	r2, r2, #23
1000110e:	4313      	orrs	r3, r2
10001110:	604b      	str	r3, [r1, #4]
10001112:	465b      	mov	r3, fp
10001114:	4a2a      	ldr	r2, [pc, #168]	; (100011c0 <backscatter_program_init+0x2d8>)
10001116:	015b      	lsls	r3, r3, #5
10001118:	401a      	ands	r2, r3
1000111a:	9b04      	ldr	r3, [sp, #16]
1000111c:	029b      	lsls	r3, r3, #10
1000111e:	4313      	orrs	r3, r2
10001120:	2288      	movs	r2, #136	; 0x88
10001122:	05d2      	lsls	r2, r2, #23
10001124:	4313      	orrs	r3, r2
10001126:	60cb      	str	r3, [r1, #12]
10001128:	e74c      	b.n	10000fc4 <backscatter_program_init+0xdc>
1000112a:	2380      	movs	r3, #128	; 0x80
1000112c:	061b      	lsls	r3, r3, #24
1000112e:	18e1      	adds	r1, r4, r3
10001130:	0028      	movs	r0, r5
10001132:	f003 fe37 	bl	10004da4 <__wrap___aeabi_d2uiz>
10001136:	0004      	movs	r4, r0
10001138:	e7a2      	b.n	10001080 <backscatter_program_init+0x198>
1000113a:	4640      	mov	r0, r8
1000113c:	f003 fdf2 	bl	10004d24 <__wrap___aeabi_ui2d>
10001140:	0002      	movs	r2, r0
10001142:	000b      	movs	r3, r1
10001144:	2000      	movs	r0, #0
10001146:	491a      	ldr	r1, [pc, #104]	; (100011b0 <backscatter_program_init+0x2c8>)
10001148:	f003 fd61 	bl	10004c0e <__wrap___aeabi_ddiv>
1000114c:	f003 fec4 	bl	10004ed8 <__wrap_round>
10001150:	0002      	movs	r2, r0
10001152:	000b      	movs	r3, r1
10001154:	2000      	movs	r0, #0
10001156:	4916      	ldr	r1, [pc, #88]	; (100011b0 <backscatter_program_init+0x2c8>)
10001158:	f003 fd59 	bl	10004c0e <__wrap___aeabi_ddiv>
1000115c:	f003 febc 	bl	10004ed8 <__wrap_round>
10001160:	f003 fe20 	bl	10004da4 <__wrap___aeabi_d2uiz>
10001164:	4682      	mov	sl, r0
10001166:	0003      	movs	r3, r0
10001168:	4641      	mov	r1, r8
1000116a:	227d      	movs	r2, #125	; 0x7d
1000116c:	4815      	ldr	r0, [pc, #84]	; (100011c4 <backscatter_program_init+0x2dc>)
1000116e:	f005 fa47 	bl	10006600 <__wrap_printf>
10001172:	46d0      	mov	r8, sl
10001174:	e6e3      	b.n	10000f3e <backscatter_program_init+0x56>
10001176:	4814      	ldr	r0, [pc, #80]	; (100011c8 <backscatter_program_init+0x2e0>)
10001178:	f005 fa42 	bl	10006600 <__wrap_printf>
1000117c:	e6d8      	b.n	10000f30 <backscatter_program_init+0x48>
1000117e:	4813      	ldr	r0, [pc, #76]	; (100011cc <backscatter_program_init+0x2e4>)
10001180:	f005 fa3e 	bl	10006600 <__wrap_printf>
10001184:	e6d1      	b.n	10000f2a <backscatter_program_init+0x42>
10001186:	4812      	ldr	r0, [pc, #72]	; (100011d0 <backscatter_program_init+0x2e8>)
10001188:	f005 f998 	bl	100064bc <__wrap_puts>
1000118c:	e787      	b.n	1000109e <backscatter_program_init+0x1b6>
1000118e:	4811      	ldr	r0, [pc, #68]	; (100011d4 <backscatter_program_init+0x2ec>)
10001190:	f005 f994 	bl	100064bc <__wrap_puts>
10001194:	4b10      	ldr	r3, [pc, #64]	; (100011d8 <backscatter_program_init+0x2f0>)
10001196:	429c      	cmp	r4, r3
10001198:	d800      	bhi.n	1000119c <backscatter_program_init+0x2b4>
1000119a:	e77d      	b.n	10001098 <backscatter_program_init+0x1b0>
1000119c:	480f      	ldr	r0, [pc, #60]	; (100011dc <backscatter_program_init+0x2f4>)
1000119e:	f005 f98d 	bl	100064bc <__wrap_puts>
100011a2:	e779      	b.n	10001098 <backscatter_program_init+0x1b0>
100011a4:	07735940 	.word	0x07735940
100011a8:	afe00000 	.word	0xafe00000
100011ac:	40060000 	.word	0x40060000
100011b0:	419dcd65 	.word	0x419dcd65
100011b4:	0005cc60 	.word	0x0005cc60
100011b8:	10009cac 	.word	0x10009cac
100011bc:	9fffffff 	.word	0x9fffffff
100011c0:	1fff83ff 	.word	0x1fff83ff
100011c4:	10009b70 	.word	0x10009b70
100011c8:	10009b08 	.word	0x10009b08
100011cc:	10009aa0 	.word	0x10009aa0
100011d0:	10009c64 	.word	0x10009c64
100011d4:	10009bfc 	.word	0x10009bfc
100011d8:	000f4240 	.word	0x000f4240
100011dc:	10009c30 	.word	0x10009c30

100011e0 <backscatter_send>:
100011e0:	b570      	push	{r4, r5, r6, lr}
100011e2:	000e      	movs	r6, r1
100011e4:	0011      	movs	r1, r2
100011e6:	2b00      	cmp	r3, #0
100011e8:	d00f      	beq.n	1000120a <backscatter_send+0x2a>
100011ea:	0034      	movs	r4, r6
100011ec:	2201      	movs	r2, #1
100011ee:	3410      	adds	r4, #16
100011f0:	40a2      	lsls	r2, r4
100011f2:	009d      	lsls	r5, r3, #2
100011f4:	3604      	adds	r6, #4
100011f6:	194d      	adds	r5, r1, r5
100011f8:	00b6      	lsls	r6, r6, #2
100011fa:	680c      	ldr	r4, [r1, #0]
100011fc:	6843      	ldr	r3, [r0, #4]
100011fe:	421a      	tst	r2, r3
10001200:	d1fc      	bne.n	100011fc <backscatter_send+0x1c>
10001202:	3104      	adds	r1, #4
10001204:	5034      	str	r4, [r6, r0]
10001206:	42a9      	cmp	r1, r5
10001208:	d1f7      	bne.n	100011fa <backscatter_send+0x1a>
1000120a:	2001      	movs	r0, #1
1000120c:	f001 f854 	bl	100022b8 <sleep_ms>
10001210:	bd70      	pop	{r4, r5, r6, pc}
10001212:	46c0      	nop			; (mov r8, r8)

10001214 <gpio_default_irq_handler>:
10001214:	23d0      	movs	r3, #208	; 0xd0
10001216:	061b      	lsls	r3, r3, #24
10001218:	681b      	ldr	r3, [r3, #0]
1000121a:	b5f0      	push	{r4, r5, r6, r7, lr}
1000121c:	009a      	lsls	r2, r3, #2
1000121e:	4645      	mov	r5, r8
10001220:	4690      	mov	r8, r2
10001222:	4641      	mov	r1, r8
10001224:	4a89      	ldr	r2, [pc, #548]	; (1000144c <gpio_default_irq_handler+0x238>)
10001226:	46de      	mov	lr, fp
10001228:	5852      	ldr	r2, [r2, r1]
1000122a:	4657      	mov	r7, sl
1000122c:	4693      	mov	fp, r2
1000122e:	1e5a      	subs	r2, r3, #1
10001230:	4193      	sbcs	r3, r2
10001232:	2230      	movs	r2, #48	; 0x30
10001234:	464e      	mov	r6, r9
10001236:	425b      	negs	r3, r3
10001238:	401a      	ands	r2, r3
1000123a:	0013      	movs	r3, r2
1000123c:	4a84      	ldr	r2, [pc, #528]	; (10001450 <gpio_default_irq_handler+0x23c>)
1000123e:	b5e0      	push	{r5, r6, r7, lr}
10001240:	4694      	mov	ip, r2
10001242:	b083      	sub	sp, #12
10001244:	4463      	add	r3, ip
10001246:	9301      	str	r3, [sp, #4]
10001248:	4b82      	ldr	r3, [pc, #520]	; (10001454 <gpio_default_irq_handler+0x240>)
1000124a:	2608      	movs	r6, #8
1000124c:	469a      	mov	sl, r3
1000124e:	0035      	movs	r5, r6
10001250:	3d08      	subs	r5, #8
10001252:	08ea      	lsrs	r2, r5, #3
10001254:	0013      	movs	r3, r2
10001256:	9901      	ldr	r1, [sp, #4]
10001258:	3308      	adds	r3, #8
1000125a:	009b      	lsls	r3, r3, #2
1000125c:	585c      	ldr	r4, [r3, r1]
1000125e:	2c00      	cmp	r4, #0
10001260:	d023      	beq.n	100012aa <gpio_default_irq_handler+0x96>
10001262:	465b      	mov	r3, fp
10001264:	2b00      	cmp	r3, #0
10001266:	d02a      	beq.n	100012be <gpio_default_irq_handler+0xaa>
10001268:	2301      	movs	r3, #1
1000126a:	270f      	movs	r7, #15
1000126c:	4699      	mov	r9, r3
1000126e:	0039      	movs	r1, r7
10001270:	4021      	ands	r1, r4
10001272:	4227      	tst	r7, r4
10001274:	d013      	beq.n	1000129e <gpio_default_irq_handler+0x8a>
10001276:	464b      	mov	r3, r9
10001278:	4652      	mov	r2, sl
1000127a:	4640      	mov	r0, r8
1000127c:	40ab      	lsls	r3, r5
1000127e:	5812      	ldr	r2, [r2, r0]
10001280:	421a      	tst	r2, r3
10001282:	d10c      	bne.n	1000129e <gpio_default_irq_handler+0x8a>
10001284:	2207      	movs	r2, #7
10001286:	0008      	movs	r0, r1
10001288:	402a      	ands	r2, r5
1000128a:	0092      	lsls	r2, r2, #2
1000128c:	4090      	lsls	r0, r2
1000128e:	0002      	movs	r2, r0
10001290:	08eb      	lsrs	r3, r5, #3
10001292:	4871      	ldr	r0, [pc, #452]	; (10001458 <gpio_default_irq_handler+0x244>)
10001294:	333c      	adds	r3, #60	; 0x3c
10001296:	009b      	lsls	r3, r3, #2
10001298:	501a      	str	r2, [r3, r0]
1000129a:	0028      	movs	r0, r5
1000129c:	47d8      	blx	fp
1000129e:	0924      	lsrs	r4, r4, #4
100012a0:	3501      	adds	r5, #1
100012a2:	2c00      	cmp	r4, #0
100012a4:	d001      	beq.n	100012aa <gpio_default_irq_handler+0x96>
100012a6:	42b5      	cmp	r5, r6
100012a8:	d3e1      	bcc.n	1000126e <gpio_default_irq_handler+0x5a>
100012aa:	3608      	adds	r6, #8
100012ac:	2e28      	cmp	r6, #40	; 0x28
100012ae:	d1ce      	bne.n	1000124e <gpio_default_irq_handler+0x3a>
100012b0:	b003      	add	sp, #12
100012b2:	bcf0      	pop	{r4, r5, r6, r7}
100012b4:	46bb      	mov	fp, r7
100012b6:	46b2      	mov	sl, r6
100012b8:	46a9      	mov	r9, r5
100012ba:	46a0      	mov	r8, r4
100012bc:	bdf0      	pop	{r4, r5, r6, r7, pc}
100012be:	230f      	movs	r3, #15
100012c0:	0019      	movs	r1, r3
100012c2:	4021      	ands	r1, r4
100012c4:	4223      	tst	r3, r4
100012c6:	d007      	beq.n	100012d8 <gpio_default_irq_handler+0xc4>
100012c8:	4647      	mov	r7, r8
100012ca:	3b0e      	subs	r3, #14
100012cc:	40ab      	lsls	r3, r5
100012ce:	4861      	ldr	r0, [pc, #388]	; (10001454 <gpio_default_irq_handler+0x240>)
100012d0:	59c0      	ldr	r0, [r0, r7]
100012d2:	4218      	tst	r0, r3
100012d4:	d100      	bne.n	100012d8 <gpio_default_irq_handler+0xc4>
100012d6:	e08d      	b.n	100013f4 <gpio_default_irq_handler+0x1e0>
100012d8:	0923      	lsrs	r3, r4, #4
100012da:	1ff1      	subs	r1, r6, #7
100012dc:	2b00      	cmp	r3, #0
100012de:	d0e4      	beq.n	100012aa <gpio_default_irq_handler+0x96>
100012e0:	220f      	movs	r2, #15
100012e2:	0010      	movs	r0, r2
100012e4:	4018      	ands	r0, r3
100012e6:	421a      	tst	r2, r3
100012e8:	d00f      	beq.n	1000130a <gpio_default_irq_handler+0xf6>
100012ea:	2301      	movs	r3, #1
100012ec:	4645      	mov	r5, r8
100012ee:	408b      	lsls	r3, r1
100012f0:	4a58      	ldr	r2, [pc, #352]	; (10001454 <gpio_default_irq_handler+0x240>)
100012f2:	5952      	ldr	r2, [r2, r5]
100012f4:	421a      	tst	r2, r3
100012f6:	d108      	bne.n	1000130a <gpio_default_irq_handler+0xf6>
100012f8:	2207      	movs	r2, #7
100012fa:	08cb      	lsrs	r3, r1, #3
100012fc:	4011      	ands	r1, r2
100012fe:	0089      	lsls	r1, r1, #2
10001300:	4088      	lsls	r0, r1
10001302:	4a55      	ldr	r2, [pc, #340]	; (10001458 <gpio_default_irq_handler+0x244>)
10001304:	333c      	adds	r3, #60	; 0x3c
10001306:	009b      	lsls	r3, r3, #2
10001308:	5098      	str	r0, [r3, r2]
1000130a:	0a23      	lsrs	r3, r4, #8
1000130c:	1fb1      	subs	r1, r6, #6
1000130e:	2b00      	cmp	r3, #0
10001310:	d0cb      	beq.n	100012aa <gpio_default_irq_handler+0x96>
10001312:	220f      	movs	r2, #15
10001314:	0010      	movs	r0, r2
10001316:	4018      	ands	r0, r3
10001318:	421a      	tst	r2, r3
1000131a:	d00f      	beq.n	1000133c <gpio_default_irq_handler+0x128>
1000131c:	2301      	movs	r3, #1
1000131e:	4645      	mov	r5, r8
10001320:	408b      	lsls	r3, r1
10001322:	4a4c      	ldr	r2, [pc, #304]	; (10001454 <gpio_default_irq_handler+0x240>)
10001324:	5952      	ldr	r2, [r2, r5]
10001326:	421a      	tst	r2, r3
10001328:	d108      	bne.n	1000133c <gpio_default_irq_handler+0x128>
1000132a:	2207      	movs	r2, #7
1000132c:	08cb      	lsrs	r3, r1, #3
1000132e:	4011      	ands	r1, r2
10001330:	0089      	lsls	r1, r1, #2
10001332:	4088      	lsls	r0, r1
10001334:	4a48      	ldr	r2, [pc, #288]	; (10001458 <gpio_default_irq_handler+0x244>)
10001336:	333c      	adds	r3, #60	; 0x3c
10001338:	009b      	lsls	r3, r3, #2
1000133a:	5098      	str	r0, [r3, r2]
1000133c:	0b23      	lsrs	r3, r4, #12
1000133e:	1f71      	subs	r1, r6, #5
10001340:	2b00      	cmp	r3, #0
10001342:	d0b2      	beq.n	100012aa <gpio_default_irq_handler+0x96>
10001344:	220f      	movs	r2, #15
10001346:	0010      	movs	r0, r2
10001348:	4018      	ands	r0, r3
1000134a:	421a      	tst	r2, r3
1000134c:	d141      	bne.n	100013d2 <gpio_default_irq_handler+0x1be>
1000134e:	0c23      	lsrs	r3, r4, #16
10001350:	1f31      	subs	r1, r6, #4
10001352:	2b00      	cmp	r3, #0
10001354:	d0a9      	beq.n	100012aa <gpio_default_irq_handler+0x96>
10001356:	220f      	movs	r2, #15
10001358:	0010      	movs	r0, r2
1000135a:	4018      	ands	r0, r3
1000135c:	421a      	tst	r2, r3
1000135e:	d152      	bne.n	10001406 <gpio_default_irq_handler+0x1f2>
10001360:	0d23      	lsrs	r3, r4, #20
10001362:	1ef1      	subs	r1, r6, #3
10001364:	2b00      	cmp	r3, #0
10001366:	d0a0      	beq.n	100012aa <gpio_default_irq_handler+0x96>
10001368:	220f      	movs	r2, #15
1000136a:	0010      	movs	r0, r2
1000136c:	4018      	ands	r0, r3
1000136e:	421a      	tst	r2, r3
10001370:	d15a      	bne.n	10001428 <gpio_default_irq_handler+0x214>
10001372:	0e23      	lsrs	r3, r4, #24
10001374:	1eb1      	subs	r1, r6, #2
10001376:	2b00      	cmp	r3, #0
10001378:	d097      	beq.n	100012aa <gpio_default_irq_handler+0x96>
1000137a:	220f      	movs	r2, #15
1000137c:	0010      	movs	r0, r2
1000137e:	4018      	ands	r0, r3
10001380:	421a      	tst	r2, r3
10001382:	d00f      	beq.n	100013a4 <gpio_default_irq_handler+0x190>
10001384:	2301      	movs	r3, #1
10001386:	4645      	mov	r5, r8
10001388:	408b      	lsls	r3, r1
1000138a:	4a32      	ldr	r2, [pc, #200]	; (10001454 <gpio_default_irq_handler+0x240>)
1000138c:	5952      	ldr	r2, [r2, r5]
1000138e:	421a      	tst	r2, r3
10001390:	d108      	bne.n	100013a4 <gpio_default_irq_handler+0x190>
10001392:	2207      	movs	r2, #7
10001394:	08cb      	lsrs	r3, r1, #3
10001396:	4011      	ands	r1, r2
10001398:	0089      	lsls	r1, r1, #2
1000139a:	4088      	lsls	r0, r1
1000139c:	4a2e      	ldr	r2, [pc, #184]	; (10001458 <gpio_default_irq_handler+0x244>)
1000139e:	333c      	adds	r3, #60	; 0x3c
100013a0:	009b      	lsls	r3, r3, #2
100013a2:	5098      	str	r0, [r3, r2]
100013a4:	0f24      	lsrs	r4, r4, #28
100013a6:	1e72      	subs	r2, r6, #1
100013a8:	2c00      	cmp	r4, #0
100013aa:	d100      	bne.n	100013ae <gpio_default_irq_handler+0x19a>
100013ac:	e77d      	b.n	100012aa <gpio_default_irq_handler+0x96>
100013ae:	2301      	movs	r3, #1
100013b0:	4651      	mov	r1, sl
100013b2:	4640      	mov	r0, r8
100013b4:	4093      	lsls	r3, r2
100013b6:	5809      	ldr	r1, [r1, r0]
100013b8:	4219      	tst	r1, r3
100013ba:	d000      	beq.n	100013be <gpio_default_irq_handler+0x1aa>
100013bc:	e775      	b.n	100012aa <gpio_default_irq_handler+0x96>
100013be:	2107      	movs	r1, #7
100013c0:	08d3      	lsrs	r3, r2, #3
100013c2:	400a      	ands	r2, r1
100013c4:	0092      	lsls	r2, r2, #2
100013c6:	4094      	lsls	r4, r2
100013c8:	333c      	adds	r3, #60	; 0x3c
100013ca:	4a23      	ldr	r2, [pc, #140]	; (10001458 <gpio_default_irq_handler+0x244>)
100013cc:	009b      	lsls	r3, r3, #2
100013ce:	509c      	str	r4, [r3, r2]
100013d0:	e76b      	b.n	100012aa <gpio_default_irq_handler+0x96>
100013d2:	2301      	movs	r3, #1
100013d4:	4645      	mov	r5, r8
100013d6:	408b      	lsls	r3, r1
100013d8:	4a1e      	ldr	r2, [pc, #120]	; (10001454 <gpio_default_irq_handler+0x240>)
100013da:	5952      	ldr	r2, [r2, r5]
100013dc:	421a      	tst	r2, r3
100013de:	d1b6      	bne.n	1000134e <gpio_default_irq_handler+0x13a>
100013e0:	2207      	movs	r2, #7
100013e2:	08cb      	lsrs	r3, r1, #3
100013e4:	4011      	ands	r1, r2
100013e6:	0089      	lsls	r1, r1, #2
100013e8:	4088      	lsls	r0, r1
100013ea:	4a1b      	ldr	r2, [pc, #108]	; (10001458 <gpio_default_irq_handler+0x244>)
100013ec:	333c      	adds	r3, #60	; 0x3c
100013ee:	009b      	lsls	r3, r3, #2
100013f0:	5098      	str	r0, [r3, r2]
100013f2:	e7ac      	b.n	1000134e <gpio_default_irq_handler+0x13a>
100013f4:	2307      	movs	r3, #7
100013f6:	401d      	ands	r5, r3
100013f8:	00ad      	lsls	r5, r5, #2
100013fa:	40a9      	lsls	r1, r5
100013fc:	4b16      	ldr	r3, [pc, #88]	; (10001458 <gpio_default_irq_handler+0x244>)
100013fe:	323c      	adds	r2, #60	; 0x3c
10001400:	0092      	lsls	r2, r2, #2
10001402:	50d1      	str	r1, [r2, r3]
10001404:	e768      	b.n	100012d8 <gpio_default_irq_handler+0xc4>
10001406:	2301      	movs	r3, #1
10001408:	4645      	mov	r5, r8
1000140a:	408b      	lsls	r3, r1
1000140c:	4a11      	ldr	r2, [pc, #68]	; (10001454 <gpio_default_irq_handler+0x240>)
1000140e:	5952      	ldr	r2, [r2, r5]
10001410:	421a      	tst	r2, r3
10001412:	d1a5      	bne.n	10001360 <gpio_default_irq_handler+0x14c>
10001414:	2207      	movs	r2, #7
10001416:	08cb      	lsrs	r3, r1, #3
10001418:	4011      	ands	r1, r2
1000141a:	0089      	lsls	r1, r1, #2
1000141c:	4088      	lsls	r0, r1
1000141e:	4a0e      	ldr	r2, [pc, #56]	; (10001458 <gpio_default_irq_handler+0x244>)
10001420:	333c      	adds	r3, #60	; 0x3c
10001422:	009b      	lsls	r3, r3, #2
10001424:	5098      	str	r0, [r3, r2]
10001426:	e79b      	b.n	10001360 <gpio_default_irq_handler+0x14c>
10001428:	2301      	movs	r3, #1
1000142a:	4645      	mov	r5, r8
1000142c:	408b      	lsls	r3, r1
1000142e:	4a09      	ldr	r2, [pc, #36]	; (10001454 <gpio_default_irq_handler+0x240>)
10001430:	5952      	ldr	r2, [r2, r5]
10001432:	421a      	tst	r2, r3
10001434:	d19d      	bne.n	10001372 <gpio_default_irq_handler+0x15e>
10001436:	2207      	movs	r2, #7
10001438:	08cb      	lsrs	r3, r1, #3
1000143a:	4011      	ands	r1, r2
1000143c:	0089      	lsls	r1, r1, #2
1000143e:	4088      	lsls	r0, r1
10001440:	4a05      	ldr	r2, [pc, #20]	; (10001458 <gpio_default_irq_handler+0x244>)
10001442:	333c      	adds	r3, #60	; 0x3c
10001444:	009b      	lsls	r3, r3, #2
10001446:	5098      	str	r0, [r3, r2]
10001448:	e793      	b.n	10001372 <gpio_default_irq_handler+0x15e>
1000144a:	46c0      	nop			; (mov r8, r8)
1000144c:	20002120 	.word	0x20002120
10001450:	40014100 	.word	0x40014100
10001454:	20002628 	.word	0x20002628
10001458:	40014000 	.word	0x40014000

1000145c <gpio_set_function>:
1000145c:	4a09      	ldr	r2, [pc, #36]	; (10001484 <gpio_set_function+0x28>)
1000145e:	0083      	lsls	r3, r0, #2
10001460:	4694      	mov	ip, r2
10001462:	2240      	movs	r2, #64	; 0x40
10001464:	4463      	add	r3, ip
10001466:	b510      	push	{r4, lr}
10001468:	681c      	ldr	r4, [r3, #0]
1000146a:	00c0      	lsls	r0, r0, #3
1000146c:	4062      	eors	r2, r4
1000146e:	24c0      	movs	r4, #192	; 0xc0
10001470:	4014      	ands	r4, r2
10001472:	2280      	movs	r2, #128	; 0x80
10001474:	0152      	lsls	r2, r2, #5
10001476:	4313      	orrs	r3, r2
10001478:	601c      	str	r4, [r3, #0]
1000147a:	4b03      	ldr	r3, [pc, #12]	; (10001488 <gpio_set_function+0x2c>)
1000147c:	469c      	mov	ip, r3
1000147e:	4460      	add	r0, ip
10001480:	6041      	str	r1, [r0, #4]
10001482:	bd10      	pop	{r4, pc}
10001484:	4001c004 	.word	0x4001c004
10001488:	40014000 	.word	0x40014000

1000148c <gpio_set_irq_enabled_with_callback>:
1000148c:	b5f8      	push	{r3, r4, r5, r6, r7, lr}
1000148e:	001e      	movs	r6, r3
10001490:	23d0      	movs	r3, #208	; 0xd0
10001492:	061b      	lsls	r3, r3, #24
10001494:	681c      	ldr	r4, [r3, #0]
10001496:	0007      	movs	r7, r0
10001498:	1e63      	subs	r3, r4, #1
1000149a:	419c      	sbcs	r4, r3
1000149c:	2330      	movs	r3, #48	; 0x30
1000149e:	4264      	negs	r4, r4
100014a0:	401c      	ands	r4, r3
100014a2:	4b22      	ldr	r3, [pc, #136]	; (1000152c <gpio_set_irq_enabled_with_callback+0xa0>)
100014a4:	0015      	movs	r5, r2
100014a6:	469c      	mov	ip, r3
100014a8:	08c3      	lsrs	r3, r0, #3
100014aa:	2007      	movs	r0, #7
100014ac:	001a      	movs	r2, r3
100014ae:	4038      	ands	r0, r7
100014b0:	0080      	lsls	r0, r0, #2
100014b2:	4081      	lsls	r1, r0
100014b4:	323c      	adds	r2, #60	; 0x3c
100014b6:	481e      	ldr	r0, [pc, #120]	; (10001530 <gpio_set_irq_enabled_with_callback+0xa4>)
100014b8:	4464      	add	r4, ip
100014ba:	0092      	lsls	r2, r2, #2
100014bc:	009b      	lsls	r3, r3, #2
100014be:	5011      	str	r1, [r2, r0]
100014c0:	18e4      	adds	r4, r4, r3
100014c2:	2d00      	cmp	r5, #0
100014c4:	d011      	beq.n	100014ea <gpio_set_irq_enabled_with_callback+0x5e>
100014c6:	2380      	movs	r3, #128	; 0x80
100014c8:	019b      	lsls	r3, r3, #6
100014ca:	431c      	orrs	r4, r3
100014cc:	23d0      	movs	r3, #208	; 0xd0
100014ce:	6021      	str	r1, [r4, #0]
100014d0:	061b      	lsls	r3, r3, #24
100014d2:	681c      	ldr	r4, [r3, #0]
100014d4:	4f17      	ldr	r7, [pc, #92]	; (10001534 <gpio_set_irq_enabled_with_callback+0xa8>)
100014d6:	00a4      	lsls	r4, r4, #2
100014d8:	593b      	ldr	r3, [r7, r4]
100014da:	2b00      	cmp	r3, #0
100014dc:	d011      	beq.n	10001502 <gpio_set_irq_enabled_with_callback+0x76>
100014de:	2e00      	cmp	r6, #0
100014e0:	d01e      	beq.n	10001520 <gpio_set_irq_enabled_with_callback+0x94>
100014e2:	513e      	str	r6, [r7, r4]
100014e4:	2d00      	cmp	r5, #0
100014e6:	d116      	bne.n	10001516 <gpio_set_irq_enabled_with_callback+0x8a>
100014e8:	bdf8      	pop	{r3, r4, r5, r6, r7, pc}
100014ea:	23c0      	movs	r3, #192	; 0xc0
100014ec:	019b      	lsls	r3, r3, #6
100014ee:	431c      	orrs	r4, r3
100014f0:	23d0      	movs	r3, #208	; 0xd0
100014f2:	6021      	str	r1, [r4, #0]
100014f4:	061b      	lsls	r3, r3, #24
100014f6:	681c      	ldr	r4, [r3, #0]
100014f8:	4f0e      	ldr	r7, [pc, #56]	; (10001534 <gpio_set_irq_enabled_with_callback+0xa8>)
100014fa:	00a4      	lsls	r4, r4, #2
100014fc:	593b      	ldr	r3, [r7, r4]
100014fe:	2b00      	cmp	r3, #0
10001500:	d1ed      	bne.n	100014de <gpio_set_irq_enabled_with_callback+0x52>
10001502:	2e00      	cmp	r6, #0
10001504:	d0ee      	beq.n	100014e4 <gpio_set_irq_enabled_with_callback+0x58>
10001506:	2200      	movs	r2, #0
10001508:	200d      	movs	r0, #13
1000150a:	490b      	ldr	r1, [pc, #44]	; (10001538 <gpio_set_irq_enabled_with_callback+0xac>)
1000150c:	513e      	str	r6, [r7, r4]
1000150e:	f000 f94d 	bl	100017ac <irq_add_shared_handler>
10001512:	2d00      	cmp	r5, #0
10001514:	d0e8      	beq.n	100014e8 <gpio_set_irq_enabled_with_callback+0x5c>
10001516:	2101      	movs	r1, #1
10001518:	200d      	movs	r0, #13
1000151a:	f000 f8e5 	bl	100016e8 <irq_set_enabled>
1000151e:	e7e3      	b.n	100014e8 <gpio_set_irq_enabled_with_callback+0x5c>
10001520:	200d      	movs	r0, #13
10001522:	4905      	ldr	r1, [pc, #20]	; (10001538 <gpio_set_irq_enabled_with_callback+0xac>)
10001524:	f000 fa36 	bl	10001994 <irq_remove_handler>
10001528:	e7db      	b.n	100014e2 <gpio_set_irq_enabled_with_callback+0x56>
1000152a:	46c0      	nop			; (mov r8, r8)
1000152c:	40014100 	.word	0x40014100
10001530:	40014000 	.word	0x40014000
10001534:	20002120 	.word	0x20002120
10001538:	10001215 	.word	0x10001215

1000153c <gpio_init>:
1000153c:	2301      	movs	r3, #1
1000153e:	22d0      	movs	r2, #208	; 0xd0
10001540:	4083      	lsls	r3, r0
10001542:	0612      	lsls	r2, r2, #24
10001544:	6293      	str	r3, [r2, #40]	; 0x28
10001546:	6193      	str	r3, [r2, #24]
10001548:	4a09      	ldr	r2, [pc, #36]	; (10001570 <gpio_init+0x34>)
1000154a:	0083      	lsls	r3, r0, #2
1000154c:	4694      	mov	ip, r2
1000154e:	2240      	movs	r2, #64	; 0x40
10001550:	4463      	add	r3, ip
10001552:	6819      	ldr	r1, [r3, #0]
10001554:	00c0      	lsls	r0, r0, #3
10001556:	404a      	eors	r2, r1
10001558:	21c0      	movs	r1, #192	; 0xc0
1000155a:	4011      	ands	r1, r2
1000155c:	2280      	movs	r2, #128	; 0x80
1000155e:	0152      	lsls	r2, r2, #5
10001560:	4313      	orrs	r3, r2
10001562:	6019      	str	r1, [r3, #0]
10001564:	4b03      	ldr	r3, [pc, #12]	; (10001574 <gpio_init+0x38>)
10001566:	469c      	mov	ip, r3
10001568:	2305      	movs	r3, #5
1000156a:	4460      	add	r0, ip
1000156c:	6043      	str	r3, [r0, #4]
1000156e:	4770      	bx	lr
10001570:	4001c004 	.word	0x4001c004
10001574:	40014000 	.word	0x40014000

10001578 <running_on_fpga>:
10001578:	4b02      	ldr	r3, [pc, #8]	; (10001584 <running_on_fpga+0xc>)
1000157a:	6818      	ldr	r0, [r3, #0]
1000157c:	0780      	lsls	r0, r0, #30
1000157e:	0fc0      	lsrs	r0, r0, #31
10001580:	4770      	bx	lr
10001582:	46c0      	nop			; (mov r8, r8)
10001584:	4006c000 	.word	0x4006c000

10001588 <hw_claim_lock>:
10001588:	f3ef 8010 	mrs	r0, PRIMASK
1000158c:	b672      	cpsid	i
1000158e:	4a03      	ldr	r2, [pc, #12]	; (1000159c <hw_claim_lock+0x14>)
10001590:	6813      	ldr	r3, [r2, #0]
10001592:	2b00      	cmp	r3, #0
10001594:	d0fc      	beq.n	10001590 <hw_claim_lock+0x8>
10001596:	f3bf 8f5f 	dmb	sy
1000159a:	4770      	bx	lr
1000159c:	d000012c 	.word	0xd000012c

100015a0 <hw_claim_unlock>:
100015a0:	f3bf 8f5f 	dmb	sy
100015a4:	2200      	movs	r2, #0
100015a6:	4b02      	ldr	r3, [pc, #8]	; (100015b0 <hw_claim_unlock+0x10>)
100015a8:	601a      	str	r2, [r3, #0]
100015aa:	f380 8810 	msr	PRIMASK, r0
100015ae:	4770      	bx	lr
100015b0:	d000012c 	.word	0xd000012c

100015b4 <hw_claim_or_assert>:
100015b4:	b570      	push	{r4, r5, r6, lr}
100015b6:	f3ef 8c10 	mrs	ip, PRIMASK
100015ba:	b672      	cpsid	i
100015bc:	4d0d      	ldr	r5, [pc, #52]	; (100015f4 <hw_claim_or_assert+0x40>)
100015be:	682b      	ldr	r3, [r5, #0]
100015c0:	2b00      	cmp	r3, #0
100015c2:	d0fc      	beq.n	100015be <hw_claim_or_assert+0xa>
100015c4:	f3bf 8f5f 	dmb	sy
100015c8:	2407      	movs	r4, #7
100015ca:	08cb      	lsrs	r3, r1, #3
100015cc:	18c6      	adds	r6, r0, r3
100015ce:	5cc0      	ldrb	r0, [r0, r3]
100015d0:	2301      	movs	r3, #1
100015d2:	400c      	ands	r4, r1
100015d4:	40a3      	lsls	r3, r4
100015d6:	001c      	movs	r4, r3
100015d8:	4004      	ands	r4, r0
100015da:	4203      	tst	r3, r0
100015dc:	d107      	bne.n	100015ee <hw_claim_or_assert+0x3a>
100015de:	4303      	orrs	r3, r0
100015e0:	7033      	strb	r3, [r6, #0]
100015e2:	f3bf 8f5f 	dmb	sy
100015e6:	602c      	str	r4, [r5, #0]
100015e8:	f38c 8810 	msr	PRIMASK, ip
100015ec:	bd70      	pop	{r4, r5, r6, pc}
100015ee:	0010      	movs	r0, r2
100015f0:	f001 fd52 	bl	10003098 <panic>
100015f4:	d000012c 	.word	0xd000012c

100015f8 <hw_claim_unused_from_range>:
100015f8:	b5f8      	push	{r3, r4, r5, r6, r7, lr}
100015fa:	4647      	mov	r7, r8
100015fc:	46ce      	mov	lr, r9
100015fe:	4688      	mov	r8, r1
10001600:	b580      	push	{r7, lr}
10001602:	f3ef 8c10 	mrs	ip, PRIMASK
10001606:	b672      	cpsid	i
10001608:	4d21      	ldr	r5, [pc, #132]	; (10001690 <hw_claim_unused_from_range+0x98>)
1000160a:	682c      	ldr	r4, [r5, #0]
1000160c:	2c00      	cmp	r4, #0
1000160e:	d0fc      	beq.n	1000160a <hw_claim_unused_from_range+0x12>
10001610:	f3bf 8f5f 	dmb	sy
10001614:	429a      	cmp	r2, r3
10001616:	d82c      	bhi.n	10001672 <hw_claim_unused_from_range+0x7a>
10001618:	08d4      	lsrs	r4, r2, #3
1000161a:	2707      	movs	r7, #7
1000161c:	5d05      	ldrb	r5, [r0, r4]
1000161e:	1906      	adds	r6, r0, r4
10001620:	2401      	movs	r4, #1
10001622:	4017      	ands	r7, r2
10001624:	40bc      	lsls	r4, r7
10001626:	422c      	tst	r4, r5
10001628:	d01f      	beq.n	1000166a <hw_claim_unused_from_range+0x72>
1000162a:	2107      	movs	r1, #7
1000162c:	2701      	movs	r7, #1
1000162e:	4689      	mov	r9, r1
10001630:	e009      	b.n	10001646 <hw_claim_unused_from_range+0x4e>
10001632:	08d4      	lsrs	r4, r2, #3
10001634:	5d05      	ldrb	r5, [r0, r4]
10001636:	1906      	adds	r6, r0, r4
10001638:	464c      	mov	r4, r9
1000163a:	0039      	movs	r1, r7
1000163c:	4014      	ands	r4, r2
1000163e:	40a1      	lsls	r1, r4
10001640:	000c      	movs	r4, r1
10001642:	4229      	tst	r1, r5
10001644:	d011      	beq.n	1000166a <hw_claim_unused_from_range+0x72>
10001646:	3201      	adds	r2, #1
10001648:	4293      	cmp	r3, r2
1000164a:	d2f2      	bcs.n	10001632 <hw_claim_unused_from_range+0x3a>
1000164c:	2001      	movs	r0, #1
1000164e:	4240      	negs	r0, r0
10001650:	f3bf 8f5f 	dmb	sy
10001654:	2200      	movs	r2, #0
10001656:	4b0e      	ldr	r3, [pc, #56]	; (10001690 <hw_claim_unused_from_range+0x98>)
10001658:	601a      	str	r2, [r3, #0]
1000165a:	f38c 8810 	msr	PRIMASK, ip
1000165e:	2800      	cmp	r0, #0
10001660:	db0f      	blt.n	10001682 <hw_claim_unused_from_range+0x8a>
10001662:	bcc0      	pop	{r6, r7}
10001664:	46b9      	mov	r9, r7
10001666:	46b0      	mov	r8, r6
10001668:	bdf8      	pop	{r3, r4, r5, r6, r7, pc}
1000166a:	432c      	orrs	r4, r5
1000166c:	0010      	movs	r0, r2
1000166e:	7034      	strb	r4, [r6, #0]
10001670:	e7ee      	b.n	10001650 <hw_claim_unused_from_range+0x58>
10001672:	f3bf 8f5f 	dmb	sy
10001676:	2300      	movs	r3, #0
10001678:	602b      	str	r3, [r5, #0]
1000167a:	f38c 8810 	msr	PRIMASK, ip
1000167e:	2001      	movs	r0, #1
10001680:	4240      	negs	r0, r0
10001682:	4643      	mov	r3, r8
10001684:	2b00      	cmp	r3, #0
10001686:	d0ec      	beq.n	10001662 <hw_claim_unused_from_range+0x6a>
10001688:	9808      	ldr	r0, [sp, #32]
1000168a:	f001 fd05 	bl	10003098 <panic>
1000168e:	46c0      	nop			; (mov r8, r8)
10001690:	d000012c 	.word	0xd000012c

10001694 <spin_locks_reset>:
10001694:	2100      	movs	r1, #0
10001696:	4b04      	ldr	r3, [pc, #16]	; (100016a8 <spin_locks_reset+0x14>)
10001698:	4a04      	ldr	r2, [pc, #16]	; (100016ac <spin_locks_reset+0x18>)
1000169a:	f3bf 8f5f 	dmb	sy
1000169e:	c302      	stmia	r3!, {r1}
100016a0:	4293      	cmp	r3, r2
100016a2:	d1fa      	bne.n	1000169a <spin_locks_reset+0x6>
100016a4:	4770      	bx	lr
100016a6:	46c0      	nop			; (mov r8, r8)
100016a8:	d0000100 	.word	0xd0000100
100016ac:	d0000180 	.word	0xd0000180

100016b0 <next_striped_spin_lock_num>:
100016b0:	4a04      	ldr	r2, [pc, #16]	; (100016c4 <next_striped_spin_lock_num+0x14>)
100016b2:	7810      	ldrb	r0, [r2, #0]
100016b4:	1c43      	adds	r3, r0, #1
100016b6:	b2db      	uxtb	r3, r3
100016b8:	2b17      	cmp	r3, #23
100016ba:	d900      	bls.n	100016be <next_striped_spin_lock_num+0xe>
100016bc:	2310      	movs	r3, #16
100016be:	7013      	strb	r3, [r2, #0]
100016c0:	4770      	bx	lr
100016c2:	46c0      	nop			; (mov r8, r8)
100016c4:	20000f1c 	.word	0x20000f1c

100016c8 <spin_lock_claim_unused>:
100016c8:	b500      	push	{lr}
100016ca:	4b05      	ldr	r3, [pc, #20]	; (100016e0 <spin_lock_claim_unused+0x18>)
100016cc:	b083      	sub	sp, #12
100016ce:	0001      	movs	r1, r0
100016d0:	9300      	str	r3, [sp, #0]
100016d2:	2218      	movs	r2, #24
100016d4:	231f      	movs	r3, #31
100016d6:	4803      	ldr	r0, [pc, #12]	; (100016e4 <spin_lock_claim_unused+0x1c>)
100016d8:	f7ff ff8e 	bl	100015f8 <hw_claim_unused_from_range>
100016dc:	b003      	add	sp, #12
100016de:	bd00      	pop	{pc}
100016e0:	10009d10 	.word	0x10009d10
100016e4:	20002130 	.word	0x20002130

100016e8 <irq_set_enabled>:
100016e8:	2301      	movs	r3, #1
100016ea:	4083      	lsls	r3, r0
100016ec:	2900      	cmp	r1, #0
100016ee:	d004      	beq.n	100016fa <irq_set_enabled+0x12>
100016f0:	4a03      	ldr	r2, [pc, #12]	; (10001700 <irq_set_enabled+0x18>)
100016f2:	6013      	str	r3, [r2, #0]
100016f4:	4a03      	ldr	r2, [pc, #12]	; (10001704 <irq_set_enabled+0x1c>)
100016f6:	6013      	str	r3, [r2, #0]
100016f8:	4770      	bx	lr
100016fa:	4a03      	ldr	r2, [pc, #12]	; (10001708 <irq_set_enabled+0x20>)
100016fc:	6013      	str	r3, [r2, #0]
100016fe:	e7fb      	b.n	100016f8 <irq_set_enabled+0x10>
10001700:	e000e280 	.word	0xe000e280
10001704:	e000e100 	.word	0xe000e100
10001708:	e000e180 	.word	0xe000e180

1000170c <irq_set_pending>:
1000170c:	2301      	movs	r3, #1
1000170e:	4083      	lsls	r3, r0
10001710:	4a01      	ldr	r2, [pc, #4]	; (10001718 <irq_set_pending+0xc>)
10001712:	6013      	str	r3, [r2, #0]
10001714:	4770      	bx	lr
10001716:	46c0      	nop			; (mov r8, r8)
10001718:	e000e200 	.word	0xe000e200

1000171c <irq_has_shared_handler>:
1000171c:	4b08      	ldr	r3, [pc, #32]	; (10001740 <irq_has_shared_handler+0x24>)
1000171e:	3010      	adds	r0, #16
10001720:	689b      	ldr	r3, [r3, #8]
10001722:	0080      	lsls	r0, r0, #2
10001724:	58c3      	ldr	r3, [r0, r3]
10001726:	2b00      	cmp	r3, #0
10001728:	d007      	beq.n	1000173a <irq_has_shared_handler+0x1e>
1000172a:	4a06      	ldr	r2, [pc, #24]	; (10001744 <irq_has_shared_handler+0x28>)
1000172c:	2000      	movs	r0, #0
1000172e:	1a9b      	subs	r3, r3, r2
10001730:	222f      	movs	r2, #47	; 0x2f
10001732:	429a      	cmp	r2, r3
10001734:	4140      	adcs	r0, r0
10001736:	b2c0      	uxtb	r0, r0
10001738:	4770      	bx	lr
1000173a:	2000      	movs	r0, #0
1000173c:	e7fc      	b.n	10001738 <irq_has_shared_handler+0x1c>
1000173e:	46c0      	nop			; (mov r8, r8)
10001740:	e000ed00 	.word	0xe000ed00
10001744:	20000f20 	.word	0x20000f20

10001748 <irq_get_vtable_handler>:
10001748:	4b02      	ldr	r3, [pc, #8]	; (10001754 <irq_get_vtable_handler+0xc>)
1000174a:	3010      	adds	r0, #16
1000174c:	689b      	ldr	r3, [r3, #8]
1000174e:	0080      	lsls	r0, r0, #2
10001750:	58c0      	ldr	r0, [r0, r3]
10001752:	4770      	bx	lr
10001754:	e000ed00 	.word	0xe000ed00

10001758 <irq_set_exclusive_handler>:
10001758:	b570      	push	{r4, r5, r6, lr}
1000175a:	000d      	movs	r5, r1
1000175c:	f3ef 8610 	mrs	r6, PRIMASK
10001760:	b672      	cpsid	i
10001762:	4a0f      	ldr	r2, [pc, #60]	; (100017a0 <irq_set_exclusive_handler+0x48>)
10001764:	6813      	ldr	r3, [r2, #0]
10001766:	2b00      	cmp	r3, #0
10001768:	d0fc      	beq.n	10001764 <irq_set_exclusive_handler+0xc>
1000176a:	f3bf 8f5f 	dmb	sy
1000176e:	4b0d      	ldr	r3, [pc, #52]	; (100017a4 <irq_set_exclusive_handler+0x4c>)
10001770:	3010      	adds	r0, #16
10001772:	689b      	ldr	r3, [r3, #8]
10001774:	0084      	lsls	r4, r0, #2
10001776:	591b      	ldr	r3, [r3, r4]
10001778:	4a0b      	ldr	r2, [pc, #44]	; (100017a8 <irq_set_exclusive_handler+0x50>)
1000177a:	4293      	cmp	r3, r2
1000177c:	d003      	beq.n	10001786 <irq_set_exclusive_handler+0x2e>
1000177e:	429d      	cmp	r5, r3
10001780:	d001      	beq.n	10001786 <irq_set_exclusive_handler+0x2e>
10001782:	f001 fca1 	bl	100030c8 <hard_assertion_failure>
10001786:	4b07      	ldr	r3, [pc, #28]	; (100017a4 <irq_set_exclusive_handler+0x4c>)
10001788:	689b      	ldr	r3, [r3, #8]
1000178a:	511d      	str	r5, [r3, r4]
1000178c:	f3bf 8f5f 	dmb	sy
10001790:	f3bf 8f5f 	dmb	sy
10001794:	2200      	movs	r2, #0
10001796:	4b02      	ldr	r3, [pc, #8]	; (100017a0 <irq_set_exclusive_handler+0x48>)
10001798:	601a      	str	r2, [r3, #0]
1000179a:	f386 8810 	msr	PRIMASK, r6
1000179e:	bd70      	pop	{r4, r5, r6, pc}
100017a0:	d0000124 	.word	0xd0000124
100017a4:	e000ed00 	.word	0xe000ed00
100017a8:	100001cd 	.word	0x100001cd

100017ac <irq_add_shared_handler>:
100017ac:	b5f0      	push	{r4, r5, r6, r7, lr}
100017ae:	4657      	mov	r7, sl
100017b0:	464e      	mov	r6, r9
100017b2:	46de      	mov	lr, fp
100017b4:	4645      	mov	r5, r8
100017b6:	b5e0      	push	{r5, r6, r7, lr}
100017b8:	b085      	sub	sp, #20
100017ba:	0006      	movs	r6, r0
100017bc:	9102      	str	r1, [sp, #8]
100017be:	0017      	movs	r7, r2
100017c0:	f3ef 8b10 	mrs	fp, PRIMASK
100017c4:	b672      	cpsid	i
100017c6:	4a67      	ldr	r2, [pc, #412]	; (10001964 <irq_add_shared_handler+0x1b8>)
100017c8:	6813      	ldr	r3, [r2, #0]
100017ca:	2b00      	cmp	r3, #0
100017cc:	d0fc      	beq.n	100017c8 <irq_add_shared_handler+0x1c>
100017ce:	f3bf 8f5f 	dmb	sy
100017d2:	2500      	movs	r5, #0
100017d4:	4b64      	ldr	r3, [pc, #400]	; (10001968 <irq_add_shared_handler+0x1bc>)
100017d6:	575d      	ldrsb	r5, [r3, r5]
100017d8:	469a      	mov	sl, r3
100017da:	2d00      	cmp	r5, #0
100017dc:	da00      	bge.n	100017e0 <irq_add_shared_handler+0x34>
100017de:	e0a4      	b.n	1000192a <irq_add_shared_handler+0x17e>
100017e0:	006b      	lsls	r3, r5, #1
100017e2:	4c62      	ldr	r4, [pc, #392]	; (1000196c <irq_add_shared_handler+0x1c0>)
100017e4:	9303      	str	r3, [sp, #12]
100017e6:	195b      	adds	r3, r3, r5
100017e8:	009b      	lsls	r3, r3, #2
100017ea:	4698      	mov	r8, r3
100017ec:	46a1      	mov	r9, r4
100017ee:	44c1      	add	r9, r8
100017f0:	464b      	mov	r3, r9
100017f2:	4652      	mov	r2, sl
100017f4:	799b      	ldrb	r3, [r3, #6]
100017f6:	3610      	adds	r6, #16
100017f8:	7013      	strb	r3, [r2, #0]
100017fa:	4b5d      	ldr	r3, [pc, #372]	; (10001970 <irq_add_shared_handler+0x1c4>)
100017fc:	00b2      	lsls	r2, r6, #2
100017fe:	689b      	ldr	r3, [r3, #8]
10001800:	9201      	str	r2, [sp, #4]
10001802:	5899      	ldr	r1, [r3, r2]
10001804:	1b0b      	subs	r3, r1, r4
10001806:	2b2f      	cmp	r3, #47	; 0x2f
10001808:	d934      	bls.n	10001874 <irq_add_shared_handler+0xc8>
1000180a:	4b5a      	ldr	r3, [pc, #360]	; (10001974 <irq_add_shared_handler+0x1c8>)
1000180c:	4299      	cmp	r1, r3
1000180e:	d000      	beq.n	10001812 <irq_add_shared_handler+0x66>
10001810:	e0a4      	b.n	1000195c <irq_add_shared_handler+0x1b0>
10001812:	9b03      	ldr	r3, [sp, #12]
10001814:	4a58      	ldr	r2, [pc, #352]	; (10001978 <irq_add_shared_handler+0x1cc>)
10001816:	469c      	mov	ip, r3
10001818:	4b58      	ldr	r3, [pc, #352]	; (1000197c <irq_add_shared_handler+0x1d0>)
1000181a:	4465      	add	r5, ip
1000181c:	00ad      	lsls	r5, r5, #2
1000181e:	5363      	strh	r3, [r4, r5]
10001820:	4643      	mov	r3, r8
10001822:	3302      	adds	r3, #2
10001824:	1965      	adds	r5, r4, r5
10001826:	18e4      	adds	r4, r4, r3
10001828:	4b55      	ldr	r3, [pc, #340]	; (10001980 <irq_add_shared_handler+0x1d4>)
1000182a:	2101      	movs	r1, #1
1000182c:	3b04      	subs	r3, #4
1000182e:	1b1b      	subs	r3, r3, r4
10001830:	051b      	lsls	r3, r3, #20
10001832:	0d5b      	lsrs	r3, r3, #21
10001834:	4313      	orrs	r3, r2
10001836:	806b      	strh	r3, [r5, #2]
10001838:	4b52      	ldr	r3, [pc, #328]	; (10001984 <irq_add_shared_handler+0x1d8>)
1000183a:	71ef      	strb	r7, [r5, #7]
1000183c:	80ab      	strh	r3, [r5, #4]
1000183e:	23ff      	movs	r3, #255	; 0xff
10001840:	71ab      	strb	r3, [r5, #6]
10001842:	9b02      	ldr	r3, [sp, #8]
10001844:	60ab      	str	r3, [r5, #8]
10001846:	464b      	mov	r3, r9
10001848:	430b      	orrs	r3, r1
1000184a:	0019      	movs	r1, r3
1000184c:	4b48      	ldr	r3, [pc, #288]	; (10001970 <irq_add_shared_handler+0x1c4>)
1000184e:	9a01      	ldr	r2, [sp, #4]
10001850:	689b      	ldr	r3, [r3, #8]
10001852:	5099      	str	r1, [r3, r2]
10001854:	f3bf 8f5f 	dmb	sy
10001858:	f3bf 8f5f 	dmb	sy
1000185c:	2200      	movs	r2, #0
1000185e:	4b41      	ldr	r3, [pc, #260]	; (10001964 <irq_add_shared_handler+0x1b8>)
10001860:	601a      	str	r2, [r3, #0]
10001862:	f38b 8810 	msr	PRIMASK, fp
10001866:	b005      	add	sp, #20
10001868:	bcf0      	pop	{r4, r5, r6, r7}
1000186a:	46bb      	mov	fp, r7
1000186c:	46b2      	mov	sl, r6
1000186e:	46a9      	mov	r9, r5
10001870:	46a0      	mov	r8, r4
10001872:	bdf0      	pop	{r4, r5, r6, r7, pc}
10001874:	2001      	movs	r0, #1
10001876:	000a      	movs	r2, r1
10001878:	4382      	bics	r2, r0
1000187a:	79d3      	ldrb	r3, [r2, #7]
1000187c:	42bb      	cmp	r3, r7
1000187e:	d82f      	bhi.n	100018e0 <irq_add_shared_handler+0x134>
10001880:	4645      	mov	r5, r8
10001882:	464e      	mov	r6, r9
10001884:	0013      	movs	r3, r2
10001886:	4940      	ldr	r1, [pc, #256]	; (10001988 <irq_add_shared_handler+0x1dc>)
10001888:	1b1b      	subs	r3, r3, r4
1000188a:	415b      	adcs	r3, r3
1000188c:	4359      	muls	r1, r3
1000188e:	0d09      	lsrs	r1, r1, #20
10001890:	4b3a      	ldr	r3, [pc, #232]	; (1000197c <irq_add_shared_handler+0x1d0>)
10001892:	5363      	strh	r3, [r4, r5]
10001894:	4b3a      	ldr	r3, [pc, #232]	; (10001980 <irq_add_shared_handler+0x1d4>)
10001896:	3502      	adds	r5, #2
10001898:	1965      	adds	r5, r4, r5
1000189a:	3b04      	subs	r3, #4
1000189c:	1b5b      	subs	r3, r3, r5
1000189e:	051b      	lsls	r3, r3, #20
100018a0:	4d35      	ldr	r5, [pc, #212]	; (10001978 <irq_add_shared_handler+0x1cc>)
100018a2:	0d5b      	lsrs	r3, r3, #21
100018a4:	432b      	orrs	r3, r5
100018a6:	8073      	strh	r3, [r6, #2]
100018a8:	2604      	movs	r6, #4
100018aa:	46b4      	mov	ip, r6
100018ac:	44e0      	add	r8, ip
100018ae:	4444      	add	r4, r8
100018b0:	1f13      	subs	r3, r2, #4
100018b2:	1b1b      	subs	r3, r3, r4
100018b4:	464c      	mov	r4, r9
100018b6:	71a1      	strb	r1, [r4, #6]
100018b8:	9902      	ldr	r1, [sp, #8]
100018ba:	051b      	lsls	r3, r3, #20
100018bc:	60a1      	str	r1, [r4, #8]
100018be:	4649      	mov	r1, r9
100018c0:	0d5b      	lsrs	r3, r3, #21
100018c2:	432b      	orrs	r3, r5
100018c4:	80a3      	strh	r3, [r4, #4]
100018c6:	4b31      	ldr	r3, [pc, #196]	; (1000198c <irq_add_shared_handler+0x1e0>)
100018c8:	71e7      	strb	r7, [r4, #7]
100018ca:	4301      	orrs	r1, r0
100018cc:	6013      	str	r3, [r2, #0]
100018ce:	e7bd      	b.n	1000184c <irq_add_shared_handler+0xa0>
100018d0:	0058      	lsls	r0, r3, #1
100018d2:	18c0      	adds	r0, r0, r3
100018d4:	0080      	lsls	r0, r0, #2
100018d6:	1820      	adds	r0, r4, r0
100018d8:	79c6      	ldrb	r6, [r0, #7]
100018da:	42be      	cmp	r6, r7
100018dc:	d92b      	bls.n	10001936 <irq_add_shared_handler+0x18a>
100018de:	0002      	movs	r2, r0
100018e0:	2306      	movs	r3, #6
100018e2:	56d3      	ldrsb	r3, [r2, r3]
100018e4:	2b00      	cmp	r3, #0
100018e6:	daf3      	bge.n	100018d0 <irq_add_shared_handler+0x124>
100018e8:	1d10      	adds	r0, r2, #4
100018ea:	4682      	mov	sl, r0
100018ec:	4828      	ldr	r0, [pc, #160]	; (10001990 <irq_add_shared_handler+0x1e4>)
100018ee:	4680      	mov	r8, r0
100018f0:	2604      	movs	r6, #4
100018f2:	4276      	negs	r6, r6
100018f4:	46b4      	mov	ip, r6
100018f6:	44e1      	add	r9, ip
100018f8:	4650      	mov	r0, sl
100018fa:	464e      	mov	r6, r9
100018fc:	1a36      	subs	r6, r6, r0
100018fe:	0530      	lsls	r0, r6, #20
10001900:	0d40      	lsrs	r0, r0, #21
10001902:	4682      	mov	sl, r0
10001904:	4656      	mov	r6, sl
10001906:	481c      	ldr	r0, [pc, #112]	; (10001978 <irq_add_shared_handler+0x1cc>)
10001908:	7195      	strb	r5, [r2, #6]
1000190a:	4306      	orrs	r6, r0
1000190c:	8096      	strh	r6, [r2, #4]
1000190e:	9a03      	ldr	r2, [sp, #12]
10001910:	4694      	mov	ip, r2
10001912:	4465      	add	r5, ip
10001914:	4a1d      	ldr	r2, [pc, #116]	; (1000198c <irq_add_shared_handler+0x1e0>)
10001916:	00ad      	lsls	r5, r5, #2
10001918:	1964      	adds	r4, r4, r5
1000191a:	6022      	str	r2, [r4, #0]
1000191c:	4642      	mov	r2, r8
1000191e:	71a3      	strb	r3, [r4, #6]
10001920:	9b02      	ldr	r3, [sp, #8]
10001922:	80a2      	strh	r2, [r4, #4]
10001924:	71e7      	strb	r7, [r4, #7]
10001926:	60a3      	str	r3, [r4, #8]
10001928:	e790      	b.n	1000184c <irq_add_shared_handler+0xa0>
1000192a:	f001 fbcd 	bl	100030c8 <hard_assertion_failure>
1000192e:	2500      	movs	r5, #0
10001930:	4653      	mov	r3, sl
10001932:	575d      	ldrsb	r5, [r3, r5]
10001934:	e754      	b.n	100017e0 <irq_add_shared_handler+0x34>
10001936:	1d10      	adds	r0, r2, #4
10001938:	4682      	mov	sl, r0
1000193a:	8890      	ldrh	r0, [r2, #4]
1000193c:	0540      	lsls	r0, r0, #21
1000193e:	1500      	asrs	r0, r0, #20
10001940:	4684      	mov	ip, r0
10001942:	4640      	mov	r0, r8
10001944:	44d4      	add	ip, sl
10001946:	4666      	mov	r6, ip
10001948:	3004      	adds	r0, #4
1000194a:	1820      	adds	r0, r4, r0
1000194c:	1a30      	subs	r0, r6, r0
1000194e:	26e0      	movs	r6, #224	; 0xe0
10001950:	0500      	lsls	r0, r0, #20
10001952:	0d40      	lsrs	r0, r0, #21
10001954:	0236      	lsls	r6, r6, #8
10001956:	4330      	orrs	r0, r6
10001958:	4680      	mov	r8, r0
1000195a:	e7c9      	b.n	100018f0 <irq_add_shared_handler+0x144>
1000195c:	f001 fbb4 	bl	100030c8 <hard_assertion_failure>
10001960:	e757      	b.n	10001812 <irq_add_shared_handler+0x66>
10001962:	46c0      	nop			; (mov r8, r8)
10001964:	d0000124 	.word	0xd0000124
10001968:	20002670 	.word	0x20002670
1000196c:	20000f20 	.word	0x20000f20
10001970:	e000ed00 	.word	0xe000ed00
10001974:	100001cd 	.word	0x100001cd
10001978:	ffffe000 	.word	0xffffe000
1000197c:	ffffa100 	.word	0xffffa100
10001980:	20000f50 	.word	0x20000f50
10001984:	ffffbd01 	.word	0xffffbd01
10001988:	0000aaaa 	.word	0x0000aaaa
1000198c:	47804801 	.word	0x47804801
10001990:	0000bd01 	.word	0x0000bd01

10001994 <irq_remove_handler>:
10001994:	b5f0      	push	{r4, r5, r6, r7, lr}
10001996:	46de      	mov	lr, fp
10001998:	4657      	mov	r7, sl
1000199a:	464e      	mov	r6, r9
1000199c:	4645      	mov	r5, r8
1000199e:	b5e0      	push	{r5, r6, r7, lr}
100019a0:	000c      	movs	r4, r1
100019a2:	b083      	sub	sp, #12
100019a4:	f3ef 8910 	mrs	r9, PRIMASK
100019a8:	b672      	cpsid	i
100019aa:	4a58      	ldr	r2, [pc, #352]	; (10001b0c <irq_remove_handler+0x178>)
100019ac:	6813      	ldr	r3, [r2, #0]
100019ae:	2b00      	cmp	r3, #0
100019b0:	d0fc      	beq.n	100019ac <irq_remove_handler+0x18>
100019b2:	f3bf 8f5f 	dmb	sy
100019b6:	4b56      	ldr	r3, [pc, #344]	; (10001b10 <irq_remove_handler+0x17c>)
100019b8:	689a      	ldr	r2, [r3, #8]
100019ba:	0003      	movs	r3, r0
100019bc:	3310      	adds	r3, #16
100019be:	009f      	lsls	r7, r3, #2
100019c0:	59d5      	ldr	r5, [r2, r7]
100019c2:	4a54      	ldr	r2, [pc, #336]	; (10001b14 <irq_remove_handler+0x180>)
100019c4:	4690      	mov	r8, r2
100019c6:	4295      	cmp	r5, r2
100019c8:	d032      	beq.n	10001a30 <irq_remove_handler+0x9c>
100019ca:	42a5      	cmp	r5, r4
100019cc:	d043      	beq.n	10001a56 <irq_remove_handler+0xc2>
100019ce:	4e52      	ldr	r6, [pc, #328]	; (10001b18 <irq_remove_handler+0x184>)
100019d0:	1baa      	subs	r2, r5, r6
100019d2:	2a2f      	cmp	r2, #47	; 0x2f
100019d4:	d82c      	bhi.n	10001a30 <irq_remove_handler+0x9c>
100019d6:	2201      	movs	r2, #1
100019d8:	4082      	lsls	r2, r0
100019da:	4692      	mov	sl, r2
100019dc:	4651      	mov	r1, sl
100019de:	4a4f      	ldr	r2, [pc, #316]	; (10001b1c <irq_remove_handler+0x188>)
100019e0:	6812      	ldr	r2, [r2, #0]
100019e2:	4011      	ands	r1, r2
100019e4:	9101      	str	r1, [sp, #4]
100019e6:	4651      	mov	r1, sl
100019e8:	4a4d      	ldr	r2, [pc, #308]	; (10001b20 <irq_remove_handler+0x18c>)
100019ea:	6011      	str	r1, [r2, #0]
100019ec:	f3bf 8f5f 	dmb	sy
100019f0:	f3ef 8205 	mrs	r2, IPSR
100019f4:	4693      	mov	fp, r2
100019f6:	2a00      	cmp	r2, #0
100019f8:	d133      	bne.n	10001a62 <irq_remove_handler+0xce>
100019fa:	2301      	movs	r3, #1
100019fc:	002a      	movs	r2, r5
100019fe:	439a      	bics	r2, r3
10001a00:	6893      	ldr	r3, [r2, #8]
10001a02:	429c      	cmp	r4, r3
10001a04:	d108      	bne.n	10001a18 <irq_remove_handler+0x84>
10001a06:	e077      	b.n	10001af8 <irq_remove_handler+0x164>
10001a08:	004b      	lsls	r3, r1, #1
10001a0a:	185b      	adds	r3, r3, r1
10001a0c:	009b      	lsls	r3, r3, #2
10001a0e:	18f3      	adds	r3, r6, r3
10001a10:	6899      	ldr	r1, [r3, #8]
10001a12:	42a1      	cmp	r1, r4
10001a14:	d02a      	beq.n	10001a6c <irq_remove_handler+0xd8>
10001a16:	001a      	movs	r2, r3
10001a18:	2106      	movs	r1, #6
10001a1a:	5651      	ldrsb	r1, [r2, r1]
10001a1c:	2900      	cmp	r1, #0
10001a1e:	daf3      	bge.n	10001a08 <irq_remove_handler+0x74>
10001a20:	9b01      	ldr	r3, [sp, #4]
10001a22:	2b00      	cmp	r3, #0
10001a24:	d019      	beq.n	10001a5a <irq_remove_handler+0xc6>
10001a26:	4652      	mov	r2, sl
10001a28:	4b3e      	ldr	r3, [pc, #248]	; (10001b24 <irq_remove_handler+0x190>)
10001a2a:	601a      	str	r2, [r3, #0]
10001a2c:	4b3b      	ldr	r3, [pc, #236]	; (10001b1c <irq_remove_handler+0x188>)
10001a2e:	601a      	str	r2, [r3, #0]
10001a30:	4b37      	ldr	r3, [pc, #220]	; (10001b10 <irq_remove_handler+0x17c>)
10001a32:	689b      	ldr	r3, [r3, #8]
10001a34:	51dd      	str	r5, [r3, r7]
10001a36:	f3bf 8f5f 	dmb	sy
10001a3a:	f3bf 8f5f 	dmb	sy
10001a3e:	2200      	movs	r2, #0
10001a40:	4b32      	ldr	r3, [pc, #200]	; (10001b0c <irq_remove_handler+0x178>)
10001a42:	601a      	str	r2, [r3, #0]
10001a44:	f389 8810 	msr	PRIMASK, r9
10001a48:	b003      	add	sp, #12
10001a4a:	bcf0      	pop	{r4, r5, r6, r7}
10001a4c:	46bb      	mov	fp, r7
10001a4e:	46b2      	mov	sl, r6
10001a50:	46a9      	mov	r9, r5
10001a52:	46a0      	mov	r8, r4
10001a54:	bdf0      	pop	{r4, r5, r6, r7, pc}
10001a56:	0015      	movs	r5, r2
10001a58:	e7ea      	b.n	10001a30 <irq_remove_handler+0x9c>
10001a5a:	4652      	mov	r2, sl
10001a5c:	4b30      	ldr	r3, [pc, #192]	; (10001b20 <irq_remove_handler+0x18c>)
10001a5e:	601a      	str	r2, [r3, #0]
10001a60:	e7e6      	b.n	10001a30 <irq_remove_handler+0x9c>
10001a62:	4293      	cmp	r3, r2
10001a64:	d0c9      	beq.n	100019fa <irq_remove_handler+0x66>
10001a66:	f001 fb2f 	bl	100030c8 <hard_assertion_failure>
10001a6a:	e7c6      	b.n	100019fa <irq_remove_handler+0x66>
10001a6c:	2106      	movs	r1, #6
10001a6e:	5659      	ldrsb	r1, [r3, r1]
10001a70:	2900      	cmp	r1, #0
10001a72:	db21      	blt.n	10001ab8 <irq_remove_handler+0x124>
10001a74:	004a      	lsls	r2, r1, #1
10001a76:	1850      	adds	r0, r2, r1
10001a78:	0080      	lsls	r0, r0, #2
10001a7a:	1834      	adds	r4, r6, r0
10001a7c:	4680      	mov	r8, r0
10001a7e:	68a0      	ldr	r0, [r4, #8]
10001a80:	6098      	str	r0, [r3, #8]
10001a82:	79e0      	ldrb	r0, [r4, #7]
10001a84:	71d8      	strb	r0, [r3, #7]
10001a86:	2006      	movs	r0, #6
10001a88:	5620      	ldrsb	r0, [r4, r0]
10001a8a:	7198      	strb	r0, [r3, #6]
10001a8c:	2800      	cmp	r0, #0
10001a8e:	db24      	blt.n	10001ada <irq_remove_handler+0x146>
10001a90:	88a4      	ldrh	r4, [r4, #4]
10001a92:	1af0      	subs	r0, r6, r3
10001a94:	0564      	lsls	r4, r4, #21
10001a96:	1524      	asrs	r4, r4, #20
10001a98:	4444      	add	r4, r8
10001a9a:	1900      	adds	r0, r0, r4
10001a9c:	24e0      	movs	r4, #224	; 0xe0
10001a9e:	0500      	lsls	r0, r0, #20
10001aa0:	0d40      	lsrs	r0, r0, #21
10001aa2:	0224      	lsls	r4, r4, #8
10001aa4:	4320      	orrs	r0, r4
10001aa6:	8098      	strh	r0, [r3, #4]
10001aa8:	1852      	adds	r2, r2, r1
10001aaa:	4b1f      	ldr	r3, [pc, #124]	; (10001b28 <irq_remove_handler+0x194>)
10001aac:	0092      	lsls	r2, r2, #2
10001aae:	18b6      	adds	r6, r6, r2
10001ab0:	781a      	ldrb	r2, [r3, #0]
10001ab2:	7019      	strb	r1, [r3, #0]
10001ab4:	71b2      	strb	r2, [r6, #6]
10001ab6:	e7b3      	b.n	10001a20 <irq_remove_handler+0x8c>
10001ab8:	4659      	mov	r1, fp
10001aba:	2900      	cmp	r1, #0
10001abc:	d10f      	bne.n	10001ade <irq_remove_handler+0x14a>
10001abe:	31ff      	adds	r1, #255	; 0xff
10001ac0:	7191      	strb	r1, [r2, #6]
10001ac2:	491a      	ldr	r1, [pc, #104]	; (10001b2c <irq_remove_handler+0x198>)
10001ac4:	8091      	strh	r1, [r2, #4]
10001ac6:	4918      	ldr	r1, [pc, #96]	; (10001b28 <irq_remove_handler+0x194>)
10001ac8:	780a      	ldrb	r2, [r1, #0]
10001aca:	719a      	strb	r2, [r3, #6]
10001acc:	4a18      	ldr	r2, [pc, #96]	; (10001b30 <irq_remove_handler+0x19c>)
10001ace:	1b9b      	subs	r3, r3, r6
10001ad0:	415b      	adcs	r3, r3
10001ad2:	435a      	muls	r2, r3
10001ad4:	0d12      	lsrs	r2, r2, #20
10001ad6:	700a      	strb	r2, [r1, #0]
10001ad8:	e7a2      	b.n	10001a20 <irq_remove_handler+0x8c>
10001ada:	4816      	ldr	r0, [pc, #88]	; (10001b34 <irq_remove_handler+0x1a0>)
10001adc:	e7e3      	b.n	10001aa6 <irq_remove_handler+0x112>
10001ade:	4a16      	ldr	r2, [pc, #88]	; (10001b38 <irq_remove_handler+0x1a4>)
10001ae0:	4916      	ldr	r1, [pc, #88]	; (10001b3c <irq_remove_handler+0x1a8>)
10001ae2:	1ad2      	subs	r2, r2, r3
10001ae4:	3a08      	subs	r2, #8
10001ae6:	0250      	lsls	r0, r2, #9
10001ae8:	0d40      	lsrs	r0, r0, #21
10001aea:	4301      	orrs	r1, r0
10001aec:	8099      	strh	r1, [r3, #4]
10001aee:	4914      	ldr	r1, [pc, #80]	; (10001b40 <irq_remove_handler+0x1ac>)
10001af0:	0852      	lsrs	r2, r2, #1
10001af2:	430a      	orrs	r2, r1
10001af4:	80da      	strh	r2, [r3, #6]
10001af6:	e793      	b.n	10001a20 <irq_remove_handler+0x8c>
10001af8:	2106      	movs	r1, #6
10001afa:	5651      	ldrsb	r1, [r2, r1]
10001afc:	0013      	movs	r3, r2
10001afe:	2900      	cmp	r1, #0
10001b00:	dab8      	bge.n	10001a74 <irq_remove_handler+0xe0>
10001b02:	465a      	mov	r2, fp
10001b04:	2a00      	cmp	r2, #0
10001b06:	d1ea      	bne.n	10001ade <irq_remove_handler+0x14a>
10001b08:	4645      	mov	r5, r8
10001b0a:	e7dc      	b.n	10001ac6 <irq_remove_handler+0x132>
10001b0c:	d0000124 	.word	0xd0000124
10001b10:	e000ed00 	.word	0xe000ed00
10001b14:	100001cd 	.word	0x100001cd
10001b18:	20000f20 	.word	0x20000f20
10001b1c:	e000e100 	.word	0xe000e100
10001b20:	e000e180 	.word	0xe000e180
10001b24:	e000e280 	.word	0xe000e280
10001b28:	20002670 	.word	0x20002670
10001b2c:	ffffbd01 	.word	0xffffbd01
10001b30:	0000aaaa 	.word	0x0000aaaa
10001b34:	0000bd01 	.word	0x0000bd01
10001b38:	20000f5a 	.word	0x20000f5a
10001b3c:	fffff000 	.word	0xfffff000
10001b40:	fffff800 	.word	0xfffff800

10001b44 <irq_add_tail_to_free_list>:
10001b44:	b570      	push	{r4, r5, r6, lr}
10001b46:	f3ef 8105 	mrs	r1, IPSR
10001b4a:	2401      	movs	r4, #1
10001b4c:	4304      	orrs	r4, r0
10001b4e:	f3ef 8c10 	mrs	ip, PRIMASK
10001b52:	b672      	cpsid	i
10001b54:	4a21      	ldr	r2, [pc, #132]	; (10001bdc <irq_add_tail_to_free_list+0x98>)
10001b56:	6813      	ldr	r3, [r2, #0]
10001b58:	2b00      	cmp	r3, #0
10001b5a:	d0fc      	beq.n	10001b56 <irq_add_tail_to_free_list+0x12>
10001b5c:	f3bf 8f5f 	dmb	sy
10001b60:	4b1f      	ldr	r3, [pc, #124]	; (10001be0 <irq_add_tail_to_free_list+0x9c>)
10001b62:	0005      	movs	r5, r0
10001b64:	4a1f      	ldr	r2, [pc, #124]	; (10001be4 <irq_add_tail_to_free_list+0xa0>)
10001b66:	1aed      	subs	r5, r5, r3
10001b68:	416d      	adcs	r5, r5
10001b6a:	436a      	muls	r2, r5
10001b6c:	0d12      	lsrs	r2, r2, #20
10001b6e:	4d1e      	ldr	r5, [pc, #120]	; (10001be8 <irq_add_tail_to_free_list+0xa4>)
10001b70:	0089      	lsls	r1, r1, #2
10001b72:	68ae      	ldr	r6, [r5, #8]
10001b74:	b252      	sxtb	r2, r2
10001b76:	5876      	ldr	r6, [r6, r1]
10001b78:	42a6      	cmp	r6, r4
10001b7a:	d01c      	beq.n	10001bb6 <irq_add_tail_to_free_list+0x72>
10001b7c:	2106      	movs	r1, #6
10001b7e:	5659      	ldrsb	r1, [r3, r1]
10001b80:	4291      	cmp	r1, r2
10001b82:	d01c      	beq.n	10001bbe <irq_add_tail_to_free_list+0x7a>
10001b84:	2112      	movs	r1, #18
10001b86:	5659      	ldrsb	r1, [r3, r1]
10001b88:	4291      	cmp	r1, r2
10001b8a:	d022      	beq.n	10001bd2 <irq_add_tail_to_free_list+0x8e>
10001b8c:	211e      	movs	r1, #30
10001b8e:	5659      	ldrsb	r1, [r3, r1]
10001b90:	4291      	cmp	r1, r2
10001b92:	d020      	beq.n	10001bd6 <irq_add_tail_to_free_list+0x92>
10001b94:	212a      	movs	r1, #42	; 0x2a
10001b96:	5659      	ldrsb	r1, [r3, r1]
10001b98:	2403      	movs	r4, #3
10001b9a:	4291      	cmp	r1, r2
10001b9c:	d010      	beq.n	10001bc0 <irq_add_tail_to_free_list+0x7c>
10001b9e:	4b13      	ldr	r3, [pc, #76]	; (10001bec <irq_add_tail_to_free_list+0xa8>)
10001ba0:	7819      	ldrb	r1, [r3, #0]
10001ba2:	701a      	strb	r2, [r3, #0]
10001ba4:	7181      	strb	r1, [r0, #6]
10001ba6:	f3bf 8f5f 	dmb	sy
10001baa:	2200      	movs	r2, #0
10001bac:	4b0b      	ldr	r3, [pc, #44]	; (10001bdc <irq_add_tail_to_free_list+0x98>)
10001bae:	601a      	str	r2, [r3, #0]
10001bb0:	f38c 8810 	msr	PRIMASK, ip
10001bb4:	bd70      	pop	{r4, r5, r6, pc}
10001bb6:	68ab      	ldr	r3, [r5, #8]
10001bb8:	4c0d      	ldr	r4, [pc, #52]	; (10001bf0 <irq_add_tail_to_free_list+0xac>)
10001bba:	505c      	str	r4, [r3, r1]
10001bbc:	e7ef      	b.n	10001b9e <irq_add_tail_to_free_list+0x5a>
10001bbe:	2400      	movs	r4, #0
10001bc0:	0061      	lsls	r1, r4, #1
10001bc2:	1909      	adds	r1, r1, r4
10001bc4:	0089      	lsls	r1, r1, #2
10001bc6:	185b      	adds	r3, r3, r1
10001bc8:	21ff      	movs	r1, #255	; 0xff
10001bca:	7199      	strb	r1, [r3, #6]
10001bcc:	4909      	ldr	r1, [pc, #36]	; (10001bf4 <irq_add_tail_to_free_list+0xb0>)
10001bce:	8099      	strh	r1, [r3, #4]
10001bd0:	e7e5      	b.n	10001b9e <irq_add_tail_to_free_list+0x5a>
10001bd2:	2401      	movs	r4, #1
10001bd4:	e7f4      	b.n	10001bc0 <irq_add_tail_to_free_list+0x7c>
10001bd6:	2402      	movs	r4, #2
10001bd8:	e7f2      	b.n	10001bc0 <irq_add_tail_to_free_list+0x7c>
10001bda:	46c0      	nop			; (mov r8, r8)
10001bdc:	d0000124 	.word	0xd0000124
10001be0:	20000f20 	.word	0x20000f20
10001be4:	0000aaaa 	.word	0x0000aaaa
10001be8:	e000ed00 	.word	0xe000ed00
10001bec:	20002670 	.word	0x20002670
10001bf0:	100001cd 	.word	0x100001cd
10001bf4:	ffffbd01 	.word	0xffffbd01

10001bf8 <irq_init_priorities>:
10001bf8:	4b05      	ldr	r3, [pc, #20]	; (10001c10 <irq_init_priorities+0x18>)
10001bfa:	4a06      	ldr	r2, [pc, #24]	; (10001c14 <irq_init_priorities+0x1c>)
10001bfc:	6013      	str	r3, [r2, #0]
10001bfe:	4a06      	ldr	r2, [pc, #24]	; (10001c18 <irq_init_priorities+0x20>)
10001c00:	6013      	str	r3, [r2, #0]
10001c02:	6053      	str	r3, [r2, #4]
10001c04:	6093      	str	r3, [r2, #8]
10001c06:	60d3      	str	r3, [r2, #12]
10001c08:	6113      	str	r3, [r2, #16]
10001c0a:	6153      	str	r3, [r2, #20]
10001c0c:	6193      	str	r3, [r2, #24]
10001c0e:	4770      	bx	lr
10001c10:	80808080 	.word	0x80808080
10001c14:	e000e400 	.word	0xe000e400
10001c18:	e000e404 	.word	0xe000e404

10001c1c <user_irq_claim_unused>:
10001c1c:	b500      	push	{lr}
10001c1e:	4b07      	ldr	r3, [pc, #28]	; (10001c3c <user_irq_claim_unused+0x20>)
10001c20:	b083      	sub	sp, #12
10001c22:	0001      	movs	r1, r0
10001c24:	9300      	str	r3, [sp, #0]
10001c26:	2200      	movs	r2, #0
10001c28:	2305      	movs	r3, #5
10001c2a:	4805      	ldr	r0, [pc, #20]	; (10001c40 <user_irq_claim_unused+0x24>)
10001c2c:	f7ff fce4 	bl	100015f8 <hw_claim_unused_from_range>
10001c30:	2800      	cmp	r0, #0
10001c32:	db01      	blt.n	10001c38 <user_irq_claim_unused+0x1c>
10001c34:	231f      	movs	r3, #31
10001c36:	1a18      	subs	r0, r3, r0
10001c38:	b003      	add	sp, #12
10001c3a:	bd00      	pop	{pc}
10001c3c:	10009d2c 	.word	0x10009d2c
10001c40:	20002676 	.word	0x20002676

10001c44 <lock_init>:
10001c44:	4b02      	ldr	r3, [pc, #8]	; (10001c50 <lock_init+0xc>)
10001c46:	469c      	mov	ip, r3
10001c48:	4461      	add	r1, ip
10001c4a:	0089      	lsls	r1, r1, #2
10001c4c:	6001      	str	r1, [r0, #0]
10001c4e:	4770      	bx	lr
10001c50:	34000040 	.word	0x34000040

10001c54 <mutex_init>:
10001c54:	b510      	push	{r4, lr}
10001c56:	0004      	movs	r4, r0
10001c58:	f7ff fd2a 	bl	100016b0 <next_striped_spin_lock_num>
10001c5c:	0001      	movs	r1, r0
10001c5e:	0020      	movs	r0, r4
10001c60:	f7ff fff0 	bl	10001c44 <lock_init>
10001c64:	23ff      	movs	r3, #255	; 0xff
10001c66:	7123      	strb	r3, [r4, #4]
10001c68:	f3bf 8f5f 	dmb	sy
10001c6c:	bd10      	pop	{r4, pc}
10001c6e:	46c0      	nop			; (mov r8, r8)

10001c70 <recursive_mutex_init>:
10001c70:	b510      	push	{r4, lr}
10001c72:	0004      	movs	r4, r0
10001c74:	f7ff fd1c 	bl	100016b0 <next_striped_spin_lock_num>
10001c78:	0001      	movs	r1, r0
10001c7a:	0020      	movs	r0, r4
10001c7c:	f7ff ffe2 	bl	10001c44 <lock_init>
10001c80:	23ff      	movs	r3, #255	; 0xff
10001c82:	80a3      	strh	r3, [r4, #4]
10001c84:	f3bf 8f5f 	dmb	sy
10001c88:	bd10      	pop	{r4, pc}
10001c8a:	46c0      	nop			; (mov r8, r8)

10001c8c <critical_section_init>:
10001c8c:	b510      	push	{r4, lr}
10001c8e:	0004      	movs	r4, r0
10001c90:	2001      	movs	r0, #1
10001c92:	f7ff fd19 	bl	100016c8 <spin_lock_claim_unused>
10001c96:	4b04      	ldr	r3, [pc, #16]	; (10001ca8 <critical_section_init+0x1c>)
10001c98:	469c      	mov	ip, r3
10001c9a:	4460      	add	r0, ip
10001c9c:	0080      	lsls	r0, r0, #2
10001c9e:	6020      	str	r0, [r4, #0]
10001ca0:	f3bf 8f5f 	dmb	sy
10001ca4:	bd10      	pop	{r4, pc}
10001ca6:	46c0      	nop			; (mov r8, r8)
10001ca8:	34000040 	.word	0x34000040

10001cac <critical_section_init_with_lock_num>:
10001cac:	4b03      	ldr	r3, [pc, #12]	; (10001cbc <critical_section_init_with_lock_num+0x10>)
10001cae:	469c      	mov	ip, r3
10001cb0:	4461      	add	r1, ip
10001cb2:	0089      	lsls	r1, r1, #2
10001cb4:	6001      	str	r1, [r0, #0]
10001cb6:	f3bf 8f5f 	dmb	sy
10001cba:	4770      	bx	lr
10001cbc:	34000040 	.word	0x34000040

10001cc0 <timer_pool_entry_comparator>:
10001cc0:	6883      	ldr	r3, [r0, #8]
10001cc2:	480b      	ldr	r0, [pc, #44]	; (10001cf0 <timer_pool_entry_comparator+0x30>)
10001cc4:	b510      	push	{r4, lr}
10001cc6:	4684      	mov	ip, r0
10001cc8:	4461      	add	r1, ip
10001cca:	4462      	add	r2, ip
10001ccc:	0109      	lsls	r1, r1, #4
10001cce:	0112      	lsls	r2, r2, #4
10001cd0:	189a      	adds	r2, r3, r2
10001cd2:	1859      	adds	r1, r3, r1
10001cd4:	6854      	ldr	r4, [r2, #4]
10001cd6:	684b      	ldr	r3, [r1, #4]
10001cd8:	2001      	movs	r0, #1
10001cda:	429c      	cmp	r4, r3
10001cdc:	d801      	bhi.n	10001ce2 <timer_pool_entry_comparator+0x22>
10001cde:	d002      	beq.n	10001ce6 <timer_pool_entry_comparator+0x26>
10001ce0:	2000      	movs	r0, #0
10001ce2:	b2c0      	uxtb	r0, r0
10001ce4:	bd10      	pop	{r4, pc}
10001ce6:	6812      	ldr	r2, [r2, #0]
10001ce8:	680b      	ldr	r3, [r1, #0]
10001cea:	429a      	cmp	r2, r3
10001cec:	d8f9      	bhi.n	10001ce2 <timer_pool_entry_comparator+0x22>
10001cee:	e7f7      	b.n	10001ce0 <timer_pool_entry_comparator+0x20>
10001cf0:	0fffffff 	.word	0x0fffffff

10001cf4 <sleep_until_callback>:
10001cf4:	4b0a      	ldr	r3, [pc, #40]	; (10001d20 <sleep_until_callback+0x2c>)
10001cf6:	6819      	ldr	r1, [r3, #0]
10001cf8:	f3ef 8010 	mrs	r0, PRIMASK
10001cfc:	b672      	cpsid	i
10001cfe:	680a      	ldr	r2, [r1, #0]
10001d00:	2a00      	cmp	r2, #0
10001d02:	d0fc      	beq.n	10001cfe <sleep_until_callback+0xa>
10001d04:	f3bf 8f5f 	dmb	sy
10001d08:	681b      	ldr	r3, [r3, #0]
10001d0a:	f3bf 8f5f 	dmb	sy
10001d0e:	2200      	movs	r2, #0
10001d10:	601a      	str	r2, [r3, #0]
10001d12:	f380 8810 	msr	PRIMASK, r0
10001d16:	bf40      	sev
10001d18:	2000      	movs	r0, #0
10001d1a:	2100      	movs	r1, #0
10001d1c:	4770      	bx	lr
10001d1e:	46c0      	nop			; (mov r8, r8)
10001d20:	2000263c 	.word	0x2000263c

10001d24 <add_alarm_under_lock.isra.0>:
10001d24:	b5f8      	push	{r3, r4, r5, r6, r7, lr}
10001d26:	4657      	mov	r7, sl
10001d28:	464e      	mov	r6, r9
10001d2a:	4645      	mov	r5, r8
10001d2c:	46de      	mov	lr, fp
10001d2e:	b5e0      	push	{r5, r6, r7, lr}
10001d30:	4699      	mov	r9, r3
10001d32:	ab0c      	add	r3, sp, #48	; 0x30
10001d34:	781c      	ldrb	r4, [r3, #0]
10001d36:	ab0d      	add	r3, sp, #52	; 0x34
10001d38:	781b      	ldrb	r3, [r3, #0]
10001d3a:	0006      	movs	r6, r0
10001d3c:	4690      	mov	r8, r2
10001d3e:	469a      	mov	sl, r3
10001d40:	6807      	ldr	r7, [r0, #0]
10001d42:	2c00      	cmp	r4, #0
10001d44:	d111      	bne.n	10001d6a <add_alarm_under_lock.isra.0+0x46>
10001d46:	7bbc      	ldrb	r4, [r7, #14]
10001d48:	2c00      	cmp	r4, #0
10001d4a:	d042      	beq.n	10001dd2 <add_alarm_under_lock.isra.0+0xae>
10001d4c:	0065      	lsls	r5, r4, #1
10001d4e:	683b      	ldr	r3, [r7, #0]
10001d50:	192d      	adds	r5, r5, r4
10001d52:	3d03      	subs	r5, #3
10001d54:	1959      	adds	r1, r3, r5
10001d56:	784b      	ldrb	r3, [r1, #1]
10001d58:	73bb      	strb	r3, [r7, #14]
10001d5a:	2b00      	cmp	r3, #0
10001d5c:	d100      	bne.n	10001d60 <add_alarm_under_lock.isra.0+0x3c>
10001d5e:	73fb      	strb	r3, [r7, #15]
10001d60:	2300      	movs	r3, #0
10001d62:	708b      	strb	r3, [r1, #2]
10001d64:	704b      	strb	r3, [r1, #1]
10001d66:	700b      	strb	r3, [r1, #0]
10001d68:	e004      	b.n	10001d74 <add_alarm_under_lock.isra.0+0x50>
10001d6a:	0065      	lsls	r5, r4, #1
10001d6c:	683b      	ldr	r3, [r7, #0]
10001d6e:	192d      	adds	r5, r5, r4
10001d70:	3d03      	subs	r5, #3
10001d72:	1959      	adds	r1, r3, r5
10001d74:	68b2      	ldr	r2, [r6, #8]
10001d76:	4b2a      	ldr	r3, [pc, #168]	; (10001e20 <add_alarm_under_lock.isra.0+0xfc>)
10001d78:	4694      	mov	ip, r2
10001d7a:	4642      	mov	r2, r8
10001d7c:	18e3      	adds	r3, r4, r3
10001d7e:	011b      	lsls	r3, r3, #4
10001d80:	4463      	add	r3, ip
10001d82:	601a      	str	r2, [r3, #0]
10001d84:	464a      	mov	r2, r9
10001d86:	605a      	str	r2, [r3, #4]
10001d88:	9a0a      	ldr	r2, [sp, #40]	; 0x28
10001d8a:	609a      	str	r2, [r3, #8]
10001d8c:	9a0b      	ldr	r2, [sp, #44]	; 0x2c
10001d8e:	60da      	str	r2, [r3, #12]
10001d90:	2300      	movs	r3, #0
10001d92:	708b      	strb	r3, [r1, #2]
10001d94:	704b      	strb	r3, [r1, #1]
10001d96:	700b      	strb	r3, [r1, #0]
10001d98:	7b7b      	ldrb	r3, [r7, #13]
10001d9a:	469b      	mov	fp, r3
10001d9c:	2b00      	cmp	r3, #0
10001d9e:	d02b      	beq.n	10001df8 <add_alarm_under_lock.isra.0+0xd4>
10001da0:	0022      	movs	r2, r4
10001da2:	4659      	mov	r1, fp
10001da4:	68b8      	ldr	r0, [r7, #8]
10001da6:	687b      	ldr	r3, [r7, #4]
10001da8:	4798      	blx	r3
10001daa:	683a      	ldr	r2, [r7, #0]
10001dac:	2800      	cmp	r0, #0
10001dae:	d016      	beq.n	10001dde <add_alarm_under_lock.isra.0+0xba>
10001db0:	465b      	mov	r3, fp
10001db2:	4658      	mov	r0, fp
10001db4:	005b      	lsls	r3, r3, #1
10001db6:	445b      	add	r3, fp
10001db8:	1955      	adds	r5, r2, r5
10001dba:	3b03      	subs	r3, #3
10001dbc:	70a8      	strb	r0, [r5, #2]
10001dbe:	18d1      	adds	r1, r2, r3
10001dc0:	5cd3      	ldrb	r3, [r2, r3]
10001dc2:	2b00      	cmp	r3, #0
10001dc4:	d000      	beq.n	10001dc8 <add_alarm_under_lock.isra.0+0xa4>
10001dc6:	706b      	strb	r3, [r5, #1]
10001dc8:	465b      	mov	r3, fp
10001dca:	700c      	strb	r4, [r1, #0]
10001dcc:	737b      	strb	r3, [r7, #13]
10001dce:	45a3      	cmp	fp, r4
10001dd0:	d013      	beq.n	10001dfa <add_alarm_under_lock.isra.0+0xd6>
10001dd2:	bcf0      	pop	{r4, r5, r6, r7}
10001dd4:	46bb      	mov	fp, r7
10001dd6:	46b2      	mov	sl, r6
10001dd8:	46a9      	mov	r9, r5
10001dda:	46a0      	mov	r8, r4
10001ddc:	bdf8      	pop	{r3, r4, r5, r6, r7, pc}
10001dde:	465b      	mov	r3, fp
10001de0:	005b      	lsls	r3, r3, #1
10001de2:	445b      	add	r3, fp
10001de4:	3b03      	subs	r3, #3
10001de6:	18d3      	adds	r3, r2, r3
10001de8:	709c      	strb	r4, [r3, #2]
10001dea:	1951      	adds	r1, r2, r5
10001dec:	5d52      	ldrb	r2, [r2, r5]
10001dee:	2a00      	cmp	r2, #0
10001df0:	d000      	beq.n	10001df4 <add_alarm_under_lock.isra.0+0xd0>
10001df2:	705a      	strb	r2, [r3, #1]
10001df4:	465b      	mov	r3, fp
10001df6:	700b      	strb	r3, [r1, #0]
10001df8:	737c      	strb	r4, [r7, #13]
10001dfa:	4642      	mov	r2, r8
10001dfc:	464b      	mov	r3, r9
10001dfe:	7d30      	ldrb	r0, [r6, #20]
10001e00:	f000 fba8 	bl	10002554 <hardware_alarm_set_target>
10001e04:	1e05      	subs	r5, r0, #0
10001e06:	d006      	beq.n	10001e16 <add_alarm_under_lock.isra.0+0xf2>
10001e08:	4653      	mov	r3, sl
10001e0a:	2b00      	cmp	r3, #0
10001e0c:	d103      	bne.n	10001e16 <add_alarm_under_lock.isra.0+0xf2>
10001e0e:	0021      	movs	r1, r4
10001e10:	6830      	ldr	r0, [r6, #0]
10001e12:	f000 fdc3 	bl	1000299c <ph_remove_and_free_node>
10001e16:	9b0e      	ldr	r3, [sp, #56]	; 0x38
10001e18:	2b00      	cmp	r3, #0
10001e1a:	d0da      	beq.n	10001dd2 <add_alarm_under_lock.isra.0+0xae>
10001e1c:	701d      	strb	r5, [r3, #0]
10001e1e:	e7d8      	b.n	10001dd2 <add_alarm_under_lock.isra.0+0xae>
10001e20:	0fffffff 	.word	0x0fffffff

10001e24 <alarm_pool_alarm_callback>:
10001e24:	b5f0      	push	{r4, r5, r6, r7, lr}
10001e26:	46de      	mov	lr, fp
10001e28:	4657      	mov	r7, sl
10001e2a:	464e      	mov	r6, r9
10001e2c:	4645      	mov	r5, r8
10001e2e:	2300      	movs	r3, #0
10001e30:	b5e0      	push	{r5, r6, r7, lr}
10001e32:	b08b      	sub	sp, #44	; 0x2c
10001e34:	9308      	str	r3, [sp, #32]
10001e36:	4b67      	ldr	r3, [pc, #412]	; (10001fd4 <alarm_pool_alarm_callback+0x1b0>)
10001e38:	0082      	lsls	r2, r0, #2
10001e3a:	58d4      	ldr	r4, [r2, r3]
10001e3c:	2300      	movs	r3, #0
10001e3e:	469b      	mov	fp, r3
10001e40:	9009      	str	r0, [sp, #36]	; 0x24
10001e42:	f000 fb27 	bl	10002494 <time_us_64>
10001e46:	6862      	ldr	r2, [r4, #4]
10001e48:	0006      	movs	r6, r0
10001e4a:	000f      	movs	r7, r1
10001e4c:	f3ef 8510 	mrs	r5, PRIMASK
10001e50:	b672      	cpsid	i
10001e52:	6813      	ldr	r3, [r2, #0]
10001e54:	2b00      	cmp	r3, #0
10001e56:	d0fc      	beq.n	10001e52 <alarm_pool_alarm_callback+0x2e>
10001e58:	f3bf 8f5f 	dmb	sy
10001e5c:	6823      	ldr	r3, [r4, #0]
10001e5e:	469c      	mov	ip, r3
10001e60:	7b5b      	ldrb	r3, [r3, #13]
10001e62:	4699      	mov	r9, r3
10001e64:	2b00      	cmp	r3, #0
10001e66:	d100      	bne.n	10001e6a <alarm_pool_alarm_callback+0x46>
10001e68:	e069      	b.n	10001f3e <alarm_pool_alarm_callback+0x11a>
10001e6a:	68a2      	ldr	r2, [r4, #8]
10001e6c:	4b5a      	ldr	r3, [pc, #360]	; (10001fd8 <alarm_pool_alarm_callback+0x1b4>)
10001e6e:	4690      	mov	r8, r2
10001e70:	444b      	add	r3, r9
10001e72:	011b      	lsls	r3, r3, #4
10001e74:	4498      	add	r8, r3
10001e76:	4643      	mov	r3, r8
10001e78:	681a      	ldr	r2, [r3, #0]
10001e7a:	685b      	ldr	r3, [r3, #4]
10001e7c:	0010      	movs	r0, r2
10001e7e:	0019      	movs	r1, r3
10001e80:	1b80      	subs	r0, r0, r6
10001e82:	41b9      	sbcs	r1, r7
10001e84:	2900      	cmp	r1, #0
10001e86:	dc00      	bgt.n	10001e8a <alarm_pool_alarm_callback+0x66>
10001e88:	e063      	b.n	10001f52 <alarm_pool_alarm_callback+0x12e>
10001e8a:	9809      	ldr	r0, [sp, #36]	; 0x24
10001e8c:	f000 fb62 	bl	10002554 <hardware_alarm_set_target>
10001e90:	2300      	movs	r3, #0
10001e92:	2200      	movs	r2, #0
10001e94:	4698      	mov	r8, r3
10001e96:	2300      	movs	r3, #0
10001e98:	9206      	str	r2, [sp, #24]
10001e9a:	9307      	str	r3, [sp, #28]
10001e9c:	2300      	movs	r3, #0
10001e9e:	469a      	mov	sl, r3
10001ea0:	6863      	ldr	r3, [r4, #4]
10001ea2:	f3bf 8f5f 	dmb	sy
10001ea6:	465a      	mov	r2, fp
10001ea8:	601a      	str	r2, [r3, #0]
10001eaa:	f385 8810 	msr	PRIMASK, r5
10001eae:	4653      	mov	r3, sl
10001eb0:	2b00      	cmp	r3, #0
10001eb2:	d108      	bne.n	10001ec6 <alarm_pool_alarm_callback+0xa2>
10001eb4:	2800      	cmp	r0, #0
10001eb6:	d1c4      	bne.n	10001e42 <alarm_pool_alarm_callback+0x1e>
10001eb8:	b00b      	add	sp, #44	; 0x2c
10001eba:	bcf0      	pop	{r4, r5, r6, r7}
10001ebc:	46bb      	mov	fp, r7
10001ebe:	46b2      	mov	sl, r6
10001ec0:	46a9      	mov	r9, r5
10001ec2:	46a0      	mov	r8, r4
10001ec4:	bdf0      	pop	{r4, r5, r6, r7, pc}
10001ec6:	9b08      	ldr	r3, [sp, #32]
10001ec8:	4641      	mov	r1, r8
10001eca:	0218      	lsls	r0, r3, #8
10001ecc:	464b      	mov	r3, r9
10001ece:	4318      	orrs	r0, r3
10001ed0:	47d0      	blx	sl
10001ed2:	6862      	ldr	r2, [r4, #4]
10001ed4:	0006      	movs	r6, r0
10001ed6:	000f      	movs	r7, r1
10001ed8:	f3ef 8510 	mrs	r5, PRIMASK
10001edc:	b672      	cpsid	i
10001ede:	6813      	ldr	r3, [r2, #0]
10001ee0:	2b00      	cmp	r3, #0
10001ee2:	d0fc      	beq.n	10001ede <alarm_pool_alarm_callback+0xba>
10001ee4:	f3bf 8f5f 	dmb	sy
10001ee8:	2f00      	cmp	r7, #0
10001eea:	db50      	blt.n	10001f8e <alarm_pool_alarm_callback+0x16a>
10001eec:	0033      	movs	r3, r6
10001eee:	433b      	orrs	r3, r7
10001ef0:	d002      	beq.n	10001ef8 <alarm_pool_alarm_callback+0xd4>
10001ef2:	6923      	ldr	r3, [r4, #16]
10001ef4:	2b00      	cmp	r3, #0
10001ef6:	d161      	bne.n	10001fbc <alarm_pool_alarm_callback+0x198>
10001ef8:	6823      	ldr	r3, [r4, #0]
10001efa:	7bd9      	ldrb	r1, [r3, #15]
10001efc:	2900      	cmp	r1, #0
10001efe:	d007      	beq.n	10001f10 <alarm_pool_alarm_callback+0xec>
10001f00:	004a      	lsls	r2, r1, #1
10001f02:	1852      	adds	r2, r2, r1
10001f04:	6819      	ldr	r1, [r3, #0]
10001f06:	468c      	mov	ip, r1
10001f08:	4649      	mov	r1, r9
10001f0a:	4462      	add	r2, ip
10001f0c:	3a03      	subs	r2, #3
10001f0e:	7051      	strb	r1, [r2, #1]
10001f10:	7b9a      	ldrb	r2, [r3, #14]
10001f12:	2a00      	cmp	r2, #0
10001f14:	d101      	bne.n	10001f1a <alarm_pool_alarm_callback+0xf6>
10001f16:	464a      	mov	r2, r9
10001f18:	739a      	strb	r2, [r3, #14]
10001f1a:	464a      	mov	r2, r9
10001f1c:	73da      	strb	r2, [r3, #15]
10001f1e:	464b      	mov	r3, r9
10001f20:	68e1      	ldr	r1, [r4, #12]
10001f22:	3b01      	subs	r3, #1
10001f24:	5cca      	ldrb	r2, [r1, r3]
10001f26:	3201      	adds	r2, #1
10001f28:	54ca      	strb	r2, [r1, r3]
10001f2a:	465b      	mov	r3, fp
10001f2c:	6123      	str	r3, [r4, #16]
10001f2e:	6863      	ldr	r3, [r4, #4]
10001f30:	f3bf 8f5f 	dmb	sy
10001f34:	465a      	mov	r2, fp
10001f36:	601a      	str	r2, [r3, #0]
10001f38:	f385 8810 	msr	PRIMASK, r5
10001f3c:	e781      	b.n	10001e42 <alarm_pool_alarm_callback+0x1e>
10001f3e:	2300      	movs	r3, #0
10001f40:	2200      	movs	r2, #0
10001f42:	4698      	mov	r8, r3
10001f44:	2300      	movs	r3, #0
10001f46:	9206      	str	r2, [sp, #24]
10001f48:	9307      	str	r3, [sp, #28]
10001f4a:	2300      	movs	r3, #0
10001f4c:	2000      	movs	r0, #0
10001f4e:	469a      	mov	sl, r3
10001f50:	e7a6      	b.n	10001ea0 <alarm_pool_alarm_callback+0x7c>
10001f52:	2900      	cmp	r1, #0
10001f54:	d102      	bne.n	10001f5c <alarm_pool_alarm_callback+0x138>
10001f56:	2800      	cmp	r0, #0
10001f58:	d000      	beq.n	10001f5c <alarm_pool_alarm_callback+0x138>
10001f5a:	e796      	b.n	10001e8a <alarm_pool_alarm_callback+0x66>
10001f5c:	2100      	movs	r1, #0
10001f5e:	4660      	mov	r0, ip
10001f60:	f000 fc9a 	bl	10002898 <ph_remove_head>
10001f64:	4643      	mov	r3, r8
10001f66:	681a      	ldr	r2, [r3, #0]
10001f68:	685b      	ldr	r3, [r3, #4]
10001f6a:	9206      	str	r2, [sp, #24]
10001f6c:	9307      	str	r3, [sp, #28]
10001f6e:	4643      	mov	r3, r8
10001f70:	689b      	ldr	r3, [r3, #8]
10001f72:	469a      	mov	sl, r3
10001f74:	4643      	mov	r3, r8
10001f76:	68db      	ldr	r3, [r3, #12]
10001f78:	4698      	mov	r8, r3
10001f7a:	68e3      	ldr	r3, [r4, #12]
10001f7c:	444b      	add	r3, r9
10001f7e:	3b01      	subs	r3, #1
10001f80:	781b      	ldrb	r3, [r3, #0]
10001f82:	9308      	str	r3, [sp, #32]
10001f84:	021b      	lsls	r3, r3, #8
10001f86:	4303      	orrs	r3, r0
10001f88:	6123      	str	r3, [r4, #16]
10001f8a:	2000      	movs	r0, #0
10001f8c:	e788      	b.n	10001ea0 <alarm_pool_alarm_callback+0x7c>
10001f8e:	6923      	ldr	r3, [r4, #16]
10001f90:	2b00      	cmp	r3, #0
10001f92:	d0b1      	beq.n	10001ef8 <alarm_pool_alarm_callback+0xd4>
10001f94:	9a06      	ldr	r2, [sp, #24]
10001f96:	9b07      	ldr	r3, [sp, #28]
10001f98:	1b92      	subs	r2, r2, r6
10001f9a:	41bb      	sbcs	r3, r7
10001f9c:	2b00      	cmp	r3, #0
10001f9e:	db15      	blt.n	10001fcc <alarm_pool_alarm_callback+0x1a8>
10001fa0:	4659      	mov	r1, fp
10001fa2:	9104      	str	r1, [sp, #16]
10001fa4:	2101      	movs	r1, #1
10001fa6:	9103      	str	r1, [sp, #12]
10001fa8:	4649      	mov	r1, r9
10001faa:	9102      	str	r1, [sp, #8]
10001fac:	4641      	mov	r1, r8
10001fae:	9101      	str	r1, [sp, #4]
10001fb0:	4651      	mov	r1, sl
10001fb2:	0020      	movs	r0, r4
10001fb4:	9100      	str	r1, [sp, #0]
10001fb6:	f7ff feb5 	bl	10001d24 <add_alarm_under_lock.isra.0>
10001fba:	e7b6      	b.n	10001f2a <alarm_pool_alarm_callback+0x106>
10001fbc:	f000 fa6a 	bl	10002494 <time_us_64>
10001fc0:	0032      	movs	r2, r6
10001fc2:	003b      	movs	r3, r7
10001fc4:	1812      	adds	r2, r2, r0
10001fc6:	414b      	adcs	r3, r1
10001fc8:	2b00      	cmp	r3, #0
10001fca:	dae9      	bge.n	10001fa0 <alarm_pool_alarm_callback+0x17c>
10001fcc:	2201      	movs	r2, #1
10001fce:	4b03      	ldr	r3, [pc, #12]	; (10001fdc <alarm_pool_alarm_callback+0x1b8>)
10001fd0:	4252      	negs	r2, r2
10001fd2:	e7e5      	b.n	10001fa0 <alarm_pool_alarm_callback+0x17c>
10001fd4:	20002618 	.word	0x20002618
10001fd8:	0fffffff 	.word	0x0fffffff
10001fdc:	7fffffff 	.word	0x7fffffff

10001fe0 <alarm_pool_init_default>:
10001fe0:	b510      	push	{r4, lr}
10001fe2:	4c14      	ldr	r4, [pc, #80]	; (10002034 <alarm_pool_init_default+0x54>)
10001fe4:	6863      	ldr	r3, [r4, #4]
10001fe6:	2b00      	cmp	r3, #0
10001fe8:	d004      	beq.n	10001ff4 <alarm_pool_init_default+0x14>
10001fea:	210a      	movs	r1, #10
10001fec:	4812      	ldr	r0, [pc, #72]	; (10002038 <alarm_pool_init_default+0x58>)
10001fee:	f7ff fe29 	bl	10001c44 <lock_init>
10001ff2:	bd10      	pop	{r4, pc}
10001ff4:	0023      	movs	r3, r4
10001ff6:	4a11      	ldr	r2, [pc, #68]	; (1000203c <alarm_pool_init_default+0x5c>)
10001ff8:	2110      	movs	r1, #16
10001ffa:	6820      	ldr	r0, [r4, #0]
10001ffc:	f000 fb66 	bl	100026cc <ph_post_alloc_init>
10002000:	2003      	movs	r0, #3
10002002:	f000 fa3b 	bl	1000247c <hardware_alarm_claim>
10002006:	2003      	movs	r0, #3
10002008:	f000 fb0e 	bl	10002628 <hardware_alarm_cancel>
1000200c:	2003      	movs	r0, #3
1000200e:	490c      	ldr	r1, [pc, #48]	; (10002040 <alarm_pool_init_default+0x60>)
10002010:	f000 fa5a 	bl	100024c8 <hardware_alarm_set_callback>
10002014:	f7ff fb4c 	bl	100016b0 <next_striped_spin_lock_num>
10002018:	4b0a      	ldr	r3, [pc, #40]	; (10002044 <alarm_pool_init_default+0x64>)
1000201a:	469c      	mov	ip, r3
1000201c:	2303      	movs	r3, #3
1000201e:	7523      	strb	r3, [r4, #20]
10002020:	23d0      	movs	r3, #208	; 0xd0
10002022:	061b      	lsls	r3, r3, #24
10002024:	681b      	ldr	r3, [r3, #0]
10002026:	4460      	add	r0, ip
10002028:	7563      	strb	r3, [r4, #21]
1000202a:	4b07      	ldr	r3, [pc, #28]	; (10002048 <alarm_pool_init_default+0x68>)
1000202c:	0080      	lsls	r0, r0, #2
1000202e:	6060      	str	r0, [r4, #4]
10002030:	60dc      	str	r4, [r3, #12]
10002032:	e7da      	b.n	10001fea <alarm_pool_init_default+0xa>
10002034:	20000f68 	.word	0x20000f68
10002038:	2000263c 	.word	0x2000263c
1000203c:	10001cc1 	.word	0x10001cc1
10002040:	10001e25 	.word	0x10001e25
10002044:	34000040 	.word	0x34000040
10002048:	20002618 	.word	0x20002618

1000204c <alarm_pool_get_default>:
1000204c:	4800      	ldr	r0, [pc, #0]	; (10002050 <alarm_pool_get_default+0x4>)
1000204e:	4770      	bx	lr
10002050:	20000f68 	.word	0x20000f68

10002054 <alarm_pool_add_alarm_at>:
10002054:	b5f0      	push	{r4, r5, r6, r7, lr}
10002056:	464e      	mov	r6, r9
10002058:	4645      	mov	r5, r8
1000205a:	46de      	mov	lr, fp
1000205c:	4657      	mov	r7, sl
1000205e:	b5e0      	push	{r5, r6, r7, lr}
10002060:	b085      	sub	sp, #20
10002062:	9301      	str	r3, [sp, #4]
10002064:	ab10      	add	r3, sp, #64	; 0x40
10002066:	781b      	ldrb	r3, [r3, #0]
10002068:	0006      	movs	r6, r0
1000206a:	9303      	str	r3, [sp, #12]
1000206c:	2300      	movs	r3, #0
1000206e:	4699      	mov	r9, r3
10002070:	4698      	mov	r8, r3
10002072:	9200      	str	r2, [sp, #0]
10002074:	6872      	ldr	r2, [r6, #4]
10002076:	f3ef 8b10 	mrs	fp, PRIMASK
1000207a:	b672      	cpsid	i
1000207c:	6813      	ldr	r3, [r2, #0]
1000207e:	2b00      	cmp	r3, #0
10002080:	d0fc      	beq.n	1000207c <alarm_pool_add_alarm_at+0x28>
10002082:	f3bf 8f5f 	dmb	sy
10002086:	6835      	ldr	r5, [r6, #0]
10002088:	7bac      	ldrb	r4, [r5, #14]
1000208a:	2c00      	cmp	r4, #0
1000208c:	d03d      	beq.n	1000210a <alarm_pool_add_alarm_at+0xb6>
1000208e:	0067      	lsls	r7, r4, #1
10002090:	682b      	ldr	r3, [r5, #0]
10002092:	193f      	adds	r7, r7, r4
10002094:	3f03      	subs	r7, #3
10002096:	19db      	adds	r3, r3, r7
10002098:	785a      	ldrb	r2, [r3, #1]
1000209a:	73aa      	strb	r2, [r5, #14]
1000209c:	2a00      	cmp	r2, #0
1000209e:	d100      	bne.n	100020a2 <alarm_pool_add_alarm_at+0x4e>
100020a0:	73ea      	strb	r2, [r5, #15]
100020a2:	68b1      	ldr	r1, [r6, #8]
100020a4:	4a47      	ldr	r2, [pc, #284]	; (100021c4 <alarm_pool_add_alarm_at+0x170>)
100020a6:	468c      	mov	ip, r1
100020a8:	9800      	ldr	r0, [sp, #0]
100020aa:	9901      	ldr	r1, [sp, #4]
100020ac:	18a2      	adds	r2, r4, r2
100020ae:	0112      	lsls	r2, r2, #4
100020b0:	4462      	add	r2, ip
100020b2:	6010      	str	r0, [r2, #0]
100020b4:	6051      	str	r1, [r2, #4]
100020b6:	990e      	ldr	r1, [sp, #56]	; 0x38
100020b8:	6091      	str	r1, [r2, #8]
100020ba:	990f      	ldr	r1, [sp, #60]	; 0x3c
100020bc:	60d1      	str	r1, [r2, #12]
100020be:	4642      	mov	r2, r8
100020c0:	709a      	strb	r2, [r3, #2]
100020c2:	705a      	strb	r2, [r3, #1]
100020c4:	701a      	strb	r2, [r3, #0]
100020c6:	7b6b      	ldrb	r3, [r5, #13]
100020c8:	469a      	mov	sl, r3
100020ca:	2b00      	cmp	r3, #0
100020cc:	d067      	beq.n	1000219e <alarm_pool_add_alarm_at+0x14a>
100020ce:	0022      	movs	r2, r4
100020d0:	0019      	movs	r1, r3
100020d2:	68a8      	ldr	r0, [r5, #8]
100020d4:	686b      	ldr	r3, [r5, #4]
100020d6:	4798      	blx	r3
100020d8:	682a      	ldr	r2, [r5, #0]
100020da:	2800      	cmp	r0, #0
100020dc:	d052      	beq.n	10002184 <alarm_pool_add_alarm_at+0x130>
100020de:	4653      	mov	r3, sl
100020e0:	4650      	mov	r0, sl
100020e2:	005b      	lsls	r3, r3, #1
100020e4:	4453      	add	r3, sl
100020e6:	19d7      	adds	r7, r2, r7
100020e8:	3b03      	subs	r3, #3
100020ea:	70b8      	strb	r0, [r7, #2]
100020ec:	18d1      	adds	r1, r2, r3
100020ee:	5cd3      	ldrb	r3, [r2, r3]
100020f0:	2b00      	cmp	r3, #0
100020f2:	d000      	beq.n	100020f6 <alarm_pool_add_alarm_at+0xa2>
100020f4:	707b      	strb	r3, [r7, #1]
100020f6:	4653      	mov	r3, sl
100020f8:	700c      	strb	r4, [r1, #0]
100020fa:	736b      	strb	r3, [r5, #13]
100020fc:	4554      	cmp	r4, sl
100020fe:	d04f      	beq.n	100021a0 <alarm_pool_add_alarm_at+0x14c>
10002100:	68f3      	ldr	r3, [r6, #12]
10002102:	191b      	adds	r3, r3, r4
10002104:	3b01      	subs	r3, #1
10002106:	7818      	ldrb	r0, [r3, #0]
10002108:	e000      	b.n	1000210c <alarm_pool_add_alarm_at+0xb8>
1000210a:	2000      	movs	r0, #0
1000210c:	6873      	ldr	r3, [r6, #4]
1000210e:	f3bf 8f5f 	dmb	sy
10002112:	4642      	mov	r2, r8
10002114:	601a      	str	r2, [r3, #0]
10002116:	f38b 8810 	msr	PRIMASK, fp
1000211a:	2c00      	cmp	r4, #0
1000211c:	d04f      	beq.n	100021be <alarm_pool_add_alarm_at+0x16a>
1000211e:	464b      	mov	r3, r9
10002120:	2b00      	cmp	r3, #0
10002122:	d108      	bne.n	10002136 <alarm_pool_add_alarm_at+0xe2>
10002124:	0200      	lsls	r0, r0, #8
10002126:	4320      	orrs	r0, r4
10002128:	b005      	add	sp, #20
1000212a:	bcf0      	pop	{r4, r5, r6, r7}
1000212c:	46bb      	mov	fp, r7
1000212e:	46b2      	mov	sl, r6
10002130:	46a9      	mov	r9, r5
10002132:	46a0      	mov	r8, r4
10002134:	bdf0      	pop	{r4, r5, r6, r7, pc}
10002136:	9b03      	ldr	r3, [sp, #12]
10002138:	2b00      	cmp	r3, #0
1000213a:	d03e      	beq.n	100021ba <alarm_pool_add_alarm_at+0x166>
1000213c:	9b0e      	ldr	r3, [sp, #56]	; 0x38
1000213e:	2000      	movs	r0, #0
10002140:	990f      	ldr	r1, [sp, #60]	; 0x3c
10002142:	4798      	blx	r3
10002144:	0003      	movs	r3, r0
10002146:	0004      	movs	r4, r0
10002148:	000d      	movs	r5, r1
1000214a:	430b      	orrs	r3, r1
1000214c:	d035      	beq.n	100021ba <alarm_pool_add_alarm_at+0x166>
1000214e:	2900      	cmp	r1, #0
10002150:	da0a      	bge.n	10002168 <alarm_pool_add_alarm_at+0x114>
10002152:	9a00      	ldr	r2, [sp, #0]
10002154:	9b01      	ldr	r3, [sp, #4]
10002156:	1b12      	subs	r2, r2, r4
10002158:	41ab      	sbcs	r3, r5
1000215a:	9200      	str	r2, [sp, #0]
1000215c:	9301      	str	r3, [sp, #4]
1000215e:	2b00      	cmp	r3, #0
10002160:	db0a      	blt.n	10002178 <alarm_pool_add_alarm_at+0x124>
10002162:	9b03      	ldr	r3, [sp, #12]
10002164:	4699      	mov	r9, r3
10002166:	e785      	b.n	10002074 <alarm_pool_add_alarm_at+0x20>
10002168:	f000 f994 	bl	10002494 <time_us_64>
1000216c:	1824      	adds	r4, r4, r0
1000216e:	414d      	adcs	r5, r1
10002170:	9400      	str	r4, [sp, #0]
10002172:	9501      	str	r5, [sp, #4]
10002174:	2d00      	cmp	r5, #0
10002176:	daf4      	bge.n	10002162 <alarm_pool_add_alarm_at+0x10e>
10002178:	2301      	movs	r3, #1
1000217a:	4c13      	ldr	r4, [pc, #76]	; (100021c8 <alarm_pool_add_alarm_at+0x174>)
1000217c:	425b      	negs	r3, r3
1000217e:	9300      	str	r3, [sp, #0]
10002180:	9401      	str	r4, [sp, #4]
10002182:	e7ee      	b.n	10002162 <alarm_pool_add_alarm_at+0x10e>
10002184:	4653      	mov	r3, sl
10002186:	005b      	lsls	r3, r3, #1
10002188:	4453      	add	r3, sl
1000218a:	3b03      	subs	r3, #3
1000218c:	18d3      	adds	r3, r2, r3
1000218e:	709c      	strb	r4, [r3, #2]
10002190:	19d1      	adds	r1, r2, r7
10002192:	5dd2      	ldrb	r2, [r2, r7]
10002194:	2a00      	cmp	r2, #0
10002196:	d000      	beq.n	1000219a <alarm_pool_add_alarm_at+0x146>
10002198:	705a      	strb	r2, [r3, #1]
1000219a:	4653      	mov	r3, sl
1000219c:	700b      	strb	r3, [r1, #0]
1000219e:	736c      	strb	r4, [r5, #13]
100021a0:	7d30      	ldrb	r0, [r6, #20]
100021a2:	9a00      	ldr	r2, [sp, #0]
100021a4:	9b01      	ldr	r3, [sp, #4]
100021a6:	f000 f9d5 	bl	10002554 <hardware_alarm_set_target>
100021aa:	4681      	mov	r9, r0
100021ac:	2800      	cmp	r0, #0
100021ae:	d0a7      	beq.n	10002100 <alarm_pool_add_alarm_at+0xac>
100021b0:	0021      	movs	r1, r4
100021b2:	6830      	ldr	r0, [r6, #0]
100021b4:	f000 fbf2 	bl	1000299c <ph_remove_and_free_node>
100021b8:	e7a2      	b.n	10002100 <alarm_pool_add_alarm_at+0xac>
100021ba:	2000      	movs	r0, #0
100021bc:	e7b4      	b.n	10002128 <alarm_pool_add_alarm_at+0xd4>
100021be:	2001      	movs	r0, #1
100021c0:	4240      	negs	r0, r0
100021c2:	e7b1      	b.n	10002128 <alarm_pool_add_alarm_at+0xd4>
100021c4:	0fffffff 	.word	0x0fffffff
100021c8:	7fffffff 	.word	0x7fffffff

100021cc <alarm_pool_core_num>:
100021cc:	7d40      	ldrb	r0, [r0, #21]
100021ce:	4770      	bx	lr

100021d0 <sleep_until>:
100021d0:	b5f0      	push	{r4, r5, r6, r7, lr}
100021d2:	0004      	movs	r4, r0
100021d4:	000d      	movs	r5, r1
100021d6:	2606      	movs	r6, #6
100021d8:	4276      	negs	r6, r6
100021da:	17f7      	asrs	r7, r6, #31
100021dc:	46c6      	mov	lr, r8
100021de:	1936      	adds	r6, r6, r4
100021e0:	416f      	adcs	r7, r5
100021e2:	b500      	push	{lr}
100021e4:	b084      	sub	sp, #16
100021e6:	428f      	cmp	r7, r1
100021e8:	d814      	bhi.n	10002214 <sleep_until+0x44>
100021ea:	d011      	beq.n	10002210 <sleep_until+0x40>
100021ec:	f000 f952 	bl	10002494 <time_us_64>
100021f0:	0032      	movs	r2, r6
100021f2:	003b      	movs	r3, r7
100021f4:	1a12      	subs	r2, r2, r0
100021f6:	418b      	sbcs	r3, r1
100021f8:	2b00      	cmp	r3, #0
100021fa:	dc15      	bgt.n	10002228 <sleep_until+0x58>
100021fc:	2b00      	cmp	r3, #0
100021fe:	d03e      	beq.n	1000227e <sleep_until+0xae>
10002200:	0020      	movs	r0, r4
10002202:	0029      	movs	r1, r5
10002204:	f000 f950 	bl	100024a8 <busy_wait_until>
10002208:	b004      	add	sp, #16
1000220a:	bc80      	pop	{r7}
1000220c:	46b8      	mov	r8, r7
1000220e:	bdf0      	pop	{r4, r5, r6, r7, pc}
10002210:	4286      	cmp	r6, r0
10002212:	d9eb      	bls.n	100021ec <sleep_until+0x1c>
10002214:	2600      	movs	r6, #0
10002216:	2700      	movs	r7, #0
10002218:	f000 f93c 	bl	10002494 <time_us_64>
1000221c:	0032      	movs	r2, r6
1000221e:	003b      	movs	r3, r7
10002220:	1a12      	subs	r2, r2, r0
10002222:	418b      	sbcs	r3, r1
10002224:	2b00      	cmp	r3, #0
10002226:	dde9      	ble.n	100021fc <sleep_until+0x2c>
10002228:	2300      	movs	r3, #0
1000222a:	9302      	str	r3, [sp, #8]
1000222c:	9301      	str	r3, [sp, #4]
1000222e:	4b15      	ldr	r3, [pc, #84]	; (10002284 <sleep_until+0xb4>)
10002230:	0032      	movs	r2, r6
10002232:	9300      	str	r3, [sp, #0]
10002234:	4814      	ldr	r0, [pc, #80]	; (10002288 <sleep_until+0xb8>)
10002236:	003b      	movs	r3, r7
10002238:	f7ff ff0c 	bl	10002054 <alarm_pool_add_alarm_at>
1000223c:	2800      	cmp	r0, #0
1000223e:	dbdf      	blt.n	10002200 <sleep_until+0x30>
10002240:	2300      	movs	r3, #0
10002242:	4698      	mov	r8, r3
10002244:	46bc      	mov	ip, r7
10002246:	4a11      	ldr	r2, [pc, #68]	; (1000228c <sleep_until+0xbc>)
10002248:	4f11      	ldr	r7, [pc, #68]	; (10002290 <sleep_until+0xc0>)
1000224a:	6a7b      	ldr	r3, [r7, #36]	; 0x24
1000224c:	459c      	cmp	ip, r3
1000224e:	d804      	bhi.n	1000225a <sleep_until+0x8a>
10002250:	6ab9      	ldr	r1, [r7, #40]	; 0x28
10002252:	428e      	cmp	r6, r1
10002254:	d9d4      	bls.n	10002200 <sleep_until+0x30>
10002256:	459c      	cmp	ip, r3
10002258:	d1d2      	bne.n	10002200 <sleep_until+0x30>
1000225a:	6811      	ldr	r1, [r2, #0]
1000225c:	f3ef 8010 	mrs	r0, PRIMASK
10002260:	b672      	cpsid	i
10002262:	680b      	ldr	r3, [r1, #0]
10002264:	2b00      	cmp	r3, #0
10002266:	d0fc      	beq.n	10002262 <sleep_until+0x92>
10002268:	f3bf 8f5f 	dmb	sy
1000226c:	6813      	ldr	r3, [r2, #0]
1000226e:	f3bf 8f5f 	dmb	sy
10002272:	4641      	mov	r1, r8
10002274:	6019      	str	r1, [r3, #0]
10002276:	f380 8810 	msr	PRIMASK, r0
1000227a:	bf20      	wfe
1000227c:	e7e5      	b.n	1000224a <sleep_until+0x7a>
1000227e:	2a00      	cmp	r2, #0
10002280:	d0be      	beq.n	10002200 <sleep_until+0x30>
10002282:	e7d1      	b.n	10002228 <sleep_until+0x58>
10002284:	10001cf5 	.word	0x10001cf5
10002288:	20000f68 	.word	0x20000f68
1000228c:	2000263c 	.word	0x2000263c
10002290:	40054000 	.word	0x40054000

10002294 <sleep_us>:
10002294:	b570      	push	{r4, r5, r6, lr}
10002296:	0004      	movs	r4, r0
10002298:	000d      	movs	r5, r1
1000229a:	f000 f8fb 	bl	10002494 <time_us_64>
1000229e:	1900      	adds	r0, r0, r4
100022a0:	4169      	adcs	r1, r5
100022a2:	2900      	cmp	r1, #0
100022a4:	db02      	blt.n	100022ac <sleep_us+0x18>
100022a6:	f7ff ff93 	bl	100021d0 <sleep_until>
100022aa:	bd70      	pop	{r4, r5, r6, pc}
100022ac:	2001      	movs	r0, #1
100022ae:	4901      	ldr	r1, [pc, #4]	; (100022b4 <sleep_us+0x20>)
100022b0:	4240      	negs	r0, r0
100022b2:	e7f8      	b.n	100022a6 <sleep_us+0x12>
100022b4:	7fffffff 	.word	0x7fffffff

100022b8 <sleep_ms>:
100022b8:	b570      	push	{r4, r5, r6, lr}
100022ba:	0006      	movs	r6, r0
100022bc:	f000 f8ea 	bl	10002494 <time_us_64>
100022c0:	22fa      	movs	r2, #250	; 0xfa
100022c2:	0004      	movs	r4, r0
100022c4:	000d      	movs	r5, r1
100022c6:	2300      	movs	r3, #0
100022c8:	0030      	movs	r0, r6
100022ca:	2100      	movs	r1, #0
100022cc:	0092      	lsls	r2, r2, #2
100022ce:	f003 ff0f 	bl	100060f0 <__wrap___aeabi_lmul>
100022d2:	1900      	adds	r0, r0, r4
100022d4:	4169      	adcs	r1, r5
100022d6:	2900      	cmp	r1, #0
100022d8:	db02      	blt.n	100022e0 <sleep_ms+0x28>
100022da:	f7ff ff79 	bl	100021d0 <sleep_until>
100022de:	bd70      	pop	{r4, r5, r6, pc}
100022e0:	2001      	movs	r0, #1
100022e2:	4901      	ldr	r1, [pc, #4]	; (100022e8 <sleep_ms+0x30>)
100022e4:	4240      	negs	r0, r0
100022e6:	e7f8      	b.n	100022da <sleep_ms+0x22>
100022e8:	7fffffff 	.word	0x7fffffff

100022ec <best_effort_wfe_or_timeout>:
100022ec:	b5f0      	push	{r4, r5, r6, r7, lr}
100022ee:	f3ef 8305 	mrs	r3, IPSR
100022f2:	46ce      	mov	lr, r9
100022f4:	4647      	mov	r7, r8
100022f6:	b580      	push	{r7, lr}
100022f8:	0005      	movs	r5, r0
100022fa:	000c      	movs	r4, r1
100022fc:	b085      	sub	sp, #20
100022fe:	2b00      	cmp	r3, #0
10002300:	d012      	beq.n	10002328 <best_effort_wfe_or_timeout+0x3c>
10002302:	4a2c      	ldr	r2, [pc, #176]	; (100023b4 <best_effort_wfe_or_timeout+0xc8>)
10002304:	2000      	movs	r0, #0
10002306:	6a53      	ldr	r3, [r2, #36]	; 0x24
10002308:	429c      	cmp	r4, r3
1000230a:	d803      	bhi.n	10002314 <best_effort_wfe_or_timeout+0x28>
1000230c:	6a92      	ldr	r2, [r2, #40]	; 0x28
1000230e:	3001      	adds	r0, #1
10002310:	42aa      	cmp	r2, r5
10002312:	d304      	bcc.n	1000231e <best_effort_wfe_or_timeout+0x32>
10002314:	b005      	add	sp, #20
10002316:	bcc0      	pop	{r6, r7}
10002318:	46b9      	mov	r9, r7
1000231a:	46b0      	mov	r8, r6
1000231c:	bdf0      	pop	{r4, r5, r6, r7, pc}
1000231e:	1ae0      	subs	r0, r4, r3
10002320:	1e42      	subs	r2, r0, #1
10002322:	4190      	sbcs	r0, r2
10002324:	b2c0      	uxtb	r0, r0
10002326:	e7f5      	b.n	10002314 <best_effort_wfe_or_timeout+0x28>
10002328:	4e23      	ldr	r6, [pc, #140]	; (100023b8 <best_effort_wfe_or_timeout+0xcc>)
1000232a:	9302      	str	r3, [sp, #8]
1000232c:	9301      	str	r3, [sp, #4]
1000232e:	4b23      	ldr	r3, [pc, #140]	; (100023bc <best_effort_wfe_or_timeout+0xd0>)
10002330:	0002      	movs	r2, r0
10002332:	9300      	str	r3, [sp, #0]
10002334:	0030      	movs	r0, r6
10002336:	000b      	movs	r3, r1
10002338:	f7ff fe8c 	bl	10002054 <alarm_pool_add_alarm_at>
1000233c:	1e03      	subs	r3, r0, #0
1000233e:	dde0      	ble.n	10002302 <best_effort_wfe_or_timeout+0x16>
10002340:	bf20      	wfe
10002342:	6871      	ldr	r1, [r6, #4]
10002344:	f3ef 8710 	mrs	r7, PRIMASK
10002348:	b672      	cpsid	i
1000234a:	680a      	ldr	r2, [r1, #0]
1000234c:	2a00      	cmp	r2, #0
1000234e:	d0fc      	beq.n	1000234a <best_effort_wfe_or_timeout+0x5e>
10002350:	f3bf 8f5f 	dmb	sy
10002354:	b2da      	uxtb	r2, r3
10002356:	4694      	mov	ip, r2
10002358:	6830      	ldr	r0, [r6, #0]
1000235a:	7b42      	ldrb	r2, [r0, #13]
1000235c:	4562      	cmp	r2, ip
1000235e:	d01d      	beq.n	1000239c <best_effort_wfe_or_timeout+0xb0>
10002360:	22ff      	movs	r2, #255	; 0xff
10002362:	401a      	ands	r2, r3
10002364:	0051      	lsls	r1, r2, #1
10002366:	4689      	mov	r9, r1
10002368:	6801      	ldr	r1, [r0, #0]
1000236a:	4491      	add	r9, r2
1000236c:	4688      	mov	r8, r1
1000236e:	4649      	mov	r1, r9
10002370:	4441      	add	r1, r8
10002372:	3903      	subs	r1, #3
10002374:	7889      	ldrb	r1, [r1, #2]
10002376:	2900      	cmp	r1, #0
10002378:	d013      	beq.n	100023a2 <best_effort_wfe_or_timeout+0xb6>
1000237a:	68f1      	ldr	r1, [r6, #12]
1000237c:	0a1b      	lsrs	r3, r3, #8
1000237e:	4688      	mov	r8, r1
10002380:	4442      	add	r2, r8
10002382:	3a01      	subs	r2, #1
10002384:	7812      	ldrb	r2, [r2, #0]
10002386:	b2db      	uxtb	r3, r3
10002388:	429a      	cmp	r2, r3
1000238a:	d00f      	beq.n	100023ac <best_effort_wfe_or_timeout+0xc0>
1000238c:	6873      	ldr	r3, [r6, #4]
1000238e:	f3bf 8f5f 	dmb	sy
10002392:	2200      	movs	r2, #0
10002394:	601a      	str	r2, [r3, #0]
10002396:	f387 8810 	msr	PRIMASK, r7
1000239a:	e7b2      	b.n	10002302 <best_effort_wfe_or_timeout+0x16>
1000239c:	22ff      	movs	r2, #255	; 0xff
1000239e:	401a      	ands	r2, r3
100023a0:	e7eb      	b.n	1000237a <best_effort_wfe_or_timeout+0x8e>
100023a2:	6932      	ldr	r2, [r6, #16]
100023a4:	4293      	cmp	r3, r2
100023a6:	d1f1      	bne.n	1000238c <best_effort_wfe_or_timeout+0xa0>
100023a8:	6131      	str	r1, [r6, #16]
100023aa:	e7ef      	b.n	1000238c <best_effort_wfe_or_timeout+0xa0>
100023ac:	4661      	mov	r1, ip
100023ae:	f000 faf5 	bl	1000299c <ph_remove_and_free_node>
100023b2:	e7eb      	b.n	1000238c <best_effort_wfe_or_timeout+0xa0>
100023b4:	40054000 	.word	0x40054000
100023b8:	20000f68 	.word	0x20000f68
100023bc:	10001cf5 	.word	0x10001cf5

100023c0 <hardware_alarm_irq_handler>:
100023c0:	b5f0      	push	{r4, r5, r6, r7, lr}
100023c2:	f3ef 8205 	mrs	r2, IPSR
100023c6:	46d6      	mov	lr, sl
100023c8:	464f      	mov	r7, r9
100023ca:	4646      	mov	r6, r8
100023cc:	0010      	movs	r0, r2
100023ce:	b5c0      	push	{r6, r7, lr}
100023d0:	3810      	subs	r0, #16
100023d2:	f3ef 8810 	mrs	r8, PRIMASK
100023d6:	b672      	cpsid	i
100023d8:	4c21      	ldr	r4, [pc, #132]	; (10002460 <hardware_alarm_irq_handler+0xa0>)
100023da:	6823      	ldr	r3, [r4, #0]
100023dc:	2b00      	cmp	r3, #0
100023de:	d0fc      	beq.n	100023da <hardware_alarm_irq_handler+0x1a>
100023e0:	f3bf 8f5f 	dmb	sy
100023e4:	2301      	movs	r3, #1
100023e6:	0019      	movs	r1, r3
100023e8:	4081      	lsls	r1, r0
100023ea:	4d1e      	ldr	r5, [pc, #120]	; (10002464 <hardware_alarm_irq_handler+0xa4>)
100023ec:	001f      	movs	r7, r3
100023ee:	6369      	str	r1, [r5, #52]	; 0x34
100023f0:	46aa      	mov	sl, r5
100023f2:	4d1d      	ldr	r5, [pc, #116]	; (10002468 <hardware_alarm_irq_handler+0xa8>)
100023f4:	6029      	str	r1, [r5, #0]
100023f6:	4d1d      	ldr	r5, [pc, #116]	; (1000246c <hardware_alarm_irq_handler+0xac>)
100023f8:	782e      	ldrb	r6, [r5, #0]
100023fa:	46ac      	mov	ip, r5
100023fc:	0035      	movs	r5, r6
100023fe:	40c5      	lsrs	r5, r0
10002400:	402f      	ands	r7, r5
10002402:	422b      	tst	r3, r5
10002404:	d109      	bne.n	1000241a <hardware_alarm_irq_handler+0x5a>
10002406:	f3bf 8f5f 	dmb	sy
1000240a:	6027      	str	r7, [r4, #0]
1000240c:	f388 8810 	msr	PRIMASK, r8
10002410:	bce0      	pop	{r5, r6, r7}
10002412:	46ba      	mov	sl, r7
10002414:	46b1      	mov	r9, r6
10002416:	46a8      	mov	r8, r5
10002418:	bdf0      	pop	{r4, r5, r6, r7, pc}
1000241a:	4653      	mov	r3, sl
1000241c:	4d14      	ldr	r5, [pc, #80]	; (10002470 <hardware_alarm_irq_handler+0xb0>)
1000241e:	6a5f      	ldr	r7, [r3, #36]	; 0x24
10002420:	0083      	lsls	r3, r0, #2
10002422:	595d      	ldr	r5, [r3, r5]
10002424:	42af      	cmp	r7, r5
10002426:	d30e      	bcc.n	10002446 <hardware_alarm_irq_handler+0x86>
10002428:	4a12      	ldr	r2, [pc, #72]	; (10002474 <hardware_alarm_irq_handler+0xb4>)
1000242a:	438e      	bics	r6, r1
1000242c:	589b      	ldr	r3, [r3, r2]
1000242e:	4662      	mov	r2, ip
10002430:	7016      	strb	r6, [r2, #0]
10002432:	f3bf 8f5f 	dmb	sy
10002436:	2200      	movs	r2, #0
10002438:	6022      	str	r2, [r4, #0]
1000243a:	f388 8810 	msr	PRIMASK, r8
1000243e:	2b00      	cmp	r3, #0
10002440:	d0e6      	beq.n	10002410 <hardware_alarm_irq_handler+0x50>
10002442:	4798      	blx	r3
10002444:	e7e4      	b.n	10002410 <hardware_alarm_irq_handler+0x50>
10002446:	4b0c      	ldr	r3, [pc, #48]	; (10002478 <hardware_alarm_irq_handler+0xb8>)
10002448:	0092      	lsls	r2, r2, #2
1000244a:	469c      	mov	ip, r3
1000244c:	4462      	add	r2, ip
1000244e:	6813      	ldr	r3, [r2, #0]
10002450:	6013      	str	r3, [r2, #0]
10002452:	f3bf 8f5f 	dmb	sy
10002456:	2300      	movs	r3, #0
10002458:	6023      	str	r3, [r4, #0]
1000245a:	f388 8810 	msr	PRIMASK, r8
1000245e:	e7d7      	b.n	10002410 <hardware_alarm_irq_handler+0x50>
10002460:	d0000128 	.word	0xd0000128
10002464:	40054000 	.word	0x40054000
10002468:	4005703c 	.word	0x4005703c
1000246c:	20002675 	.word	0x20002675
10002470:	20002648 	.word	0x20002648
10002474:	20001ff8 	.word	0x20001ff8
10002478:	40053fd0 	.word	0x40053fd0

1000247c <hardware_alarm_claim>:
1000247c:	b510      	push	{r4, lr}
1000247e:	0001      	movs	r1, r0
10002480:	4a02      	ldr	r2, [pc, #8]	; (1000248c <hardware_alarm_claim+0x10>)
10002482:	4803      	ldr	r0, [pc, #12]	; (10002490 <hardware_alarm_claim+0x14>)
10002484:	f7ff f896 	bl	100015b4 <hw_claim_or_assert>
10002488:	bd10      	pop	{r4, pc}
1000248a:	46c0      	nop			; (mov r8, r8)
1000248c:	10009d48 	.word	0x10009d48
10002490:	2000266f 	.word	0x2000266f

10002494 <time_us_64>:
10002494:	4b03      	ldr	r3, [pc, #12]	; (100024a4 <time_us_64+0x10>)
10002496:	6a59      	ldr	r1, [r3, #36]	; 0x24
10002498:	000a      	movs	r2, r1
1000249a:	6a98      	ldr	r0, [r3, #40]	; 0x28
1000249c:	6a59      	ldr	r1, [r3, #36]	; 0x24
1000249e:	428a      	cmp	r2, r1
100024a0:	d1fa      	bne.n	10002498 <time_us_64+0x4>
100024a2:	4770      	bx	lr
100024a4:	40054000 	.word	0x40054000

100024a8 <busy_wait_until>:
100024a8:	4a06      	ldr	r2, [pc, #24]	; (100024c4 <busy_wait_until+0x1c>)
100024aa:	6a53      	ldr	r3, [r2, #36]	; 0x24
100024ac:	4299      	cmp	r1, r3
100024ae:	d8fc      	bhi.n	100024aa <busy_wait_until+0x2>
100024b0:	d107      	bne.n	100024c2 <busy_wait_until+0x1a>
100024b2:	4b04      	ldr	r3, [pc, #16]	; (100024c4 <busy_wait_until+0x1c>)
100024b4:	e002      	b.n	100024bc <busy_wait_until+0x14>
100024b6:	6a5a      	ldr	r2, [r3, #36]	; 0x24
100024b8:	4291      	cmp	r1, r2
100024ba:	d102      	bne.n	100024c2 <busy_wait_until+0x1a>
100024bc:	6a9a      	ldr	r2, [r3, #40]	; 0x28
100024be:	4282      	cmp	r2, r0
100024c0:	d3f9      	bcc.n	100024b6 <busy_wait_until+0xe>
100024c2:	4770      	bx	lr
100024c4:	40054000 	.word	0x40054000

100024c8 <hardware_alarm_set_callback>:
100024c8:	b570      	push	{r4, r5, r6, lr}
100024ca:	0004      	movs	r4, r0
100024cc:	000d      	movs	r5, r1
100024ce:	f3ef 8610 	mrs	r6, PRIMASK
100024d2:	b672      	cpsid	i
100024d4:	4a1a      	ldr	r2, [pc, #104]	; (10002540 <hardware_alarm_set_callback+0x78>)
100024d6:	6813      	ldr	r3, [r2, #0]
100024d8:	2b00      	cmp	r3, #0
100024da:	d0fc      	beq.n	100024d6 <hardware_alarm_set_callback+0xe>
100024dc:	f3bf 8f5f 	dmb	sy
100024e0:	2d00      	cmp	r5, #0
100024e2:	d01b      	beq.n	1000251c <hardware_alarm_set_callback+0x54>
100024e4:	0020      	movs	r0, r4
100024e6:	f7ff f92f 	bl	10001748 <irq_get_vtable_handler>
100024ea:	4916      	ldr	r1, [pc, #88]	; (10002544 <hardware_alarm_set_callback+0x7c>)
100024ec:	4281      	cmp	r1, r0
100024ee:	d00a      	beq.n	10002506 <hardware_alarm_set_callback+0x3e>
100024f0:	0020      	movs	r0, r4
100024f2:	f7ff f931 	bl	10001758 <irq_set_exclusive_handler>
100024f6:	2101      	movs	r1, #1
100024f8:	0020      	movs	r0, r4
100024fa:	f7ff f8f5 	bl	100016e8 <irq_set_enabled>
100024fe:	2301      	movs	r3, #1
10002500:	40a3      	lsls	r3, r4
10002502:	4a11      	ldr	r2, [pc, #68]	; (10002548 <hardware_alarm_set_callback+0x80>)
10002504:	6013      	str	r3, [r2, #0]
10002506:	4b11      	ldr	r3, [pc, #68]	; (1000254c <hardware_alarm_set_callback+0x84>)
10002508:	00a4      	lsls	r4, r4, #2
1000250a:	50e5      	str	r5, [r4, r3]
1000250c:	f3bf 8f5f 	dmb	sy
10002510:	2200      	movs	r2, #0
10002512:	4b0b      	ldr	r3, [pc, #44]	; (10002540 <hardware_alarm_set_callback+0x78>)
10002514:	601a      	str	r2, [r3, #0]
10002516:	f386 8810 	msr	PRIMASK, r6
1000251a:	bd70      	pop	{r4, r5, r6, pc}
1000251c:	4b0b      	ldr	r3, [pc, #44]	; (1000254c <hardware_alarm_set_callback+0x84>)
1000251e:	00a2      	lsls	r2, r4, #2
10002520:	50d5      	str	r5, [r2, r3]
10002522:	2201      	movs	r2, #1
10002524:	40a2      	lsls	r2, r4
10002526:	490a      	ldr	r1, [pc, #40]	; (10002550 <hardware_alarm_set_callback+0x88>)
10002528:	0020      	movs	r0, r4
1000252a:	780b      	ldrb	r3, [r1, #0]
1000252c:	4393      	bics	r3, r2
1000252e:	700b      	strb	r3, [r1, #0]
10002530:	4904      	ldr	r1, [pc, #16]	; (10002544 <hardware_alarm_set_callback+0x7c>)
10002532:	f7ff fa2f 	bl	10001994 <irq_remove_handler>
10002536:	2100      	movs	r1, #0
10002538:	0020      	movs	r0, r4
1000253a:	f7ff f8d5 	bl	100016e8 <irq_set_enabled>
1000253e:	e7e5      	b.n	1000250c <hardware_alarm_set_callback+0x44>
10002540:	d0000128 	.word	0xd0000128
10002544:	100023c1 	.word	0x100023c1
10002548:	40056038 	.word	0x40056038
1000254c:	20001ff8 	.word	0x20001ff8
10002550:	20002675 	.word	0x20002675

10002554 <hardware_alarm_set_target>:
10002554:	b5f0      	push	{r4, r5, r6, r7, lr}
10002556:	464f      	mov	r7, r9
10002558:	46d6      	mov	lr, sl
1000255a:	4646      	mov	r6, r8
1000255c:	b5c0      	push	{r6, r7, lr}
1000255e:	0007      	movs	r7, r0
10002560:	4c2c      	ldr	r4, [pc, #176]	; (10002614 <hardware_alarm_set_target+0xc0>)
10002562:	6a61      	ldr	r1, [r4, #36]	; 0x24
10002564:	000d      	movs	r5, r1
10002566:	6aa6      	ldr	r6, [r4, #40]	; 0x28
10002568:	6a61      	ldr	r1, [r4, #36]	; 0x24
1000256a:	42a9      	cmp	r1, r5
1000256c:	d1fa      	bne.n	10002564 <hardware_alarm_set_target+0x10>
1000256e:	428b      	cmp	r3, r1
10002570:	d808      	bhi.n	10002584 <hardware_alarm_set_target+0x30>
10002572:	d005      	beq.n	10002580 <hardware_alarm_set_target+0x2c>
10002574:	2001      	movs	r0, #1
10002576:	bce0      	pop	{r5, r6, r7}
10002578:	46ba      	mov	sl, r7
1000257a:	46b1      	mov	r9, r6
1000257c:	46a8      	mov	r8, r5
1000257e:	bdf0      	pop	{r4, r5, r6, r7, pc}
10002580:	42b2      	cmp	r2, r6
10002582:	d9f7      	bls.n	10002574 <hardware_alarm_set_target+0x20>
10002584:	f3ef 8a10 	mrs	sl, PRIMASK
10002588:	b672      	cpsid	i
1000258a:	4823      	ldr	r0, [pc, #140]	; (10002618 <hardware_alarm_set_target+0xc4>)
1000258c:	6801      	ldr	r1, [r0, #0]
1000258e:	2900      	cmp	r1, #0
10002590:	d0fc      	beq.n	1000258c <hardware_alarm_set_target+0x38>
10002592:	f3bf 8f5f 	dmb	sy
10002596:	2501      	movs	r5, #1
10002598:	40bd      	lsls	r5, r7
1000259a:	4920      	ldr	r1, [pc, #128]	; (1000261c <hardware_alarm_set_target+0xc8>)
1000259c:	4c1d      	ldr	r4, [pc, #116]	; (10002614 <hardware_alarm_set_target+0xc0>)
1000259e:	4688      	mov	r8, r1
100025a0:	7809      	ldrb	r1, [r1, #0]
100025a2:	4689      	mov	r9, r1
100025a4:	4329      	orrs	r1, r5
100025a6:	b2c9      	uxtb	r1, r1
100025a8:	468c      	mov	ip, r1
100025aa:	4641      	mov	r1, r8
100025ac:	4660      	mov	r0, ip
100025ae:	7008      	strb	r0, [r1, #0]
100025b0:	1d39      	adds	r1, r7, #4
100025b2:	481b      	ldr	r0, [pc, #108]	; (10002620 <hardware_alarm_set_target+0xcc>)
100025b4:	0089      	lsls	r1, r1, #2
100025b6:	6365      	str	r5, [r4, #52]	; 0x34
100025b8:	510a      	str	r2, [r1, r4]
100025ba:	00b9      	lsls	r1, r7, #2
100025bc:	500b      	str	r3, [r1, r0]
100025be:	6a21      	ldr	r1, [r4, #32]
100025c0:	2000      	movs	r0, #0
100025c2:	4229      	tst	r1, r5
100025c4:	d019      	beq.n	100025fa <hardware_alarm_set_target+0xa6>
100025c6:	6a61      	ldr	r1, [r4, #36]	; 0x24
100025c8:	0008      	movs	r0, r1
100025ca:	6aa6      	ldr	r6, [r4, #40]	; 0x28
100025cc:	6a61      	ldr	r1, [r4, #36]	; 0x24
100025ce:	4281      	cmp	r1, r0
100025d0:	d1fa      	bne.n	100025c8 <hardware_alarm_set_target+0x74>
100025d2:	428b      	cmp	r3, r1
100025d4:	d819      	bhi.n	1000260a <hardware_alarm_set_target+0xb6>
100025d6:	d101      	bne.n	100025dc <hardware_alarm_set_target+0x88>
100025d8:	42b2      	cmp	r2, r6
100025da:	d816      	bhi.n	1000260a <hardware_alarm_set_target+0xb6>
100025dc:	45cc      	cmp	ip, r9
100025de:	d016      	beq.n	1000260e <hardware_alarm_set_target+0xba>
100025e0:	4b0c      	ldr	r3, [pc, #48]	; (10002614 <hardware_alarm_set_target+0xc0>)
100025e2:	201f      	movs	r0, #31
100025e4:	621d      	str	r5, [r3, #32]
100025e6:	635d      	str	r5, [r3, #52]	; 0x34
100025e8:	2301      	movs	r3, #1
100025ea:	4007      	ands	r7, r0
100025ec:	40bb      	lsls	r3, r7
100025ee:	4a0d      	ldr	r2, [pc, #52]	; (10002624 <hardware_alarm_set_target+0xd0>)
100025f0:	381e      	subs	r0, #30
100025f2:	6013      	str	r3, [r2, #0]
100025f4:	4643      	mov	r3, r8
100025f6:	464a      	mov	r2, r9
100025f8:	701a      	strb	r2, [r3, #0]
100025fa:	f3bf 8f5f 	dmb	sy
100025fe:	2200      	movs	r2, #0
10002600:	4b05      	ldr	r3, [pc, #20]	; (10002618 <hardware_alarm_set_target+0xc4>)
10002602:	601a      	str	r2, [r3, #0]
10002604:	f38a 8810 	msr	PRIMASK, sl
10002608:	e7b5      	b.n	10002576 <hardware_alarm_set_target+0x22>
1000260a:	2000      	movs	r0, #0
1000260c:	e7f5      	b.n	100025fa <hardware_alarm_set_target+0xa6>
1000260e:	2001      	movs	r0, #1
10002610:	e7f3      	b.n	100025fa <hardware_alarm_set_target+0xa6>
10002612:	46c0      	nop			; (mov r8, r8)
10002614:	40054000 	.word	0x40054000
10002618:	d0000128 	.word	0xd0000128
1000261c:	20002675 	.word	0x20002675
10002620:	20002648 	.word	0x20002648
10002624:	e000e280 	.word	0xe000e280

10002628 <hardware_alarm_cancel>:
10002628:	f3ef 8c10 	mrs	ip, PRIMASK
1000262c:	b672      	cpsid	i
1000262e:	490a      	ldr	r1, [pc, #40]	; (10002658 <hardware_alarm_cancel+0x30>)
10002630:	680b      	ldr	r3, [r1, #0]
10002632:	2b00      	cmp	r3, #0
10002634:	d0fc      	beq.n	10002630 <hardware_alarm_cancel+0x8>
10002636:	f3bf 8f5f 	dmb	sy
1000263a:	2301      	movs	r3, #1
1000263c:	4083      	lsls	r3, r0
1000263e:	4a07      	ldr	r2, [pc, #28]	; (1000265c <hardware_alarm_cancel+0x34>)
10002640:	4807      	ldr	r0, [pc, #28]	; (10002660 <hardware_alarm_cancel+0x38>)
10002642:	6213      	str	r3, [r2, #32]
10002644:	7802      	ldrb	r2, [r0, #0]
10002646:	439a      	bics	r2, r3
10002648:	7002      	strb	r2, [r0, #0]
1000264a:	f3bf 8f5f 	dmb	sy
1000264e:	2300      	movs	r3, #0
10002650:	600b      	str	r3, [r1, #0]
10002652:	f38c 8810 	msr	PRIMASK, ip
10002656:	4770      	bx	lr
10002658:	d0000128 	.word	0xd0000128
1000265c:	40054000 	.word	0x40054000
10002660:	20002675 	.word	0x20002675

10002664 <ph_merge_nodes>:
10002664:	b570      	push	{r4, r5, r6, lr}
10002666:	0005      	movs	r5, r0
10002668:	0014      	movs	r4, r2
1000266a:	0016      	movs	r6, r2
1000266c:	2900      	cmp	r1, #0
1000266e:	d015      	beq.n	1000269c <ph_merge_nodes+0x38>
10002670:	000c      	movs	r4, r1
10002672:	2a00      	cmp	r2, #0
10002674:	d012      	beq.n	1000269c <ph_merge_nodes+0x38>
10002676:	6880      	ldr	r0, [r0, #8]
10002678:	686b      	ldr	r3, [r5, #4]
1000267a:	4798      	blx	r3
1000267c:	6829      	ldr	r1, [r5, #0]
1000267e:	2800      	cmp	r0, #0
10002680:	d00e      	beq.n	100026a0 <ph_merge_nodes+0x3c>
10002682:	0073      	lsls	r3, r6, #1
10002684:	199b      	adds	r3, r3, r6
10002686:	0062      	lsls	r2, r4, #1
10002688:	3b03      	subs	r3, #3
1000268a:	1912      	adds	r2, r2, r4
1000268c:	18cb      	adds	r3, r1, r3
1000268e:	3a03      	subs	r2, #3
10002690:	709c      	strb	r4, [r3, #2]
10002692:	1888      	adds	r0, r1, r2
10002694:	5c8a      	ldrb	r2, [r1, r2]
10002696:	2a00      	cmp	r2, #0
10002698:	d115      	bne.n	100026c6 <ph_merge_nodes+0x62>
1000269a:	7006      	strb	r6, [r0, #0]
1000269c:	0020      	movs	r0, r4
1000269e:	bd70      	pop	{r4, r5, r6, pc}
100026a0:	0063      	lsls	r3, r4, #1
100026a2:	191b      	adds	r3, r3, r4
100026a4:	0072      	lsls	r2, r6, #1
100026a6:	3b03      	subs	r3, #3
100026a8:	1992      	adds	r2, r2, r6
100026aa:	18cb      	adds	r3, r1, r3
100026ac:	3a03      	subs	r2, #3
100026ae:	709e      	strb	r6, [r3, #2]
100026b0:	1888      	adds	r0, r1, r2
100026b2:	5c8a      	ldrb	r2, [r1, r2]
100026b4:	2a00      	cmp	r2, #0
100026b6:	d102      	bne.n	100026be <ph_merge_nodes+0x5a>
100026b8:	7004      	strb	r4, [r0, #0]
100026ba:	0034      	movs	r4, r6
100026bc:	e7ee      	b.n	1000269c <ph_merge_nodes+0x38>
100026be:	705a      	strb	r2, [r3, #1]
100026c0:	7004      	strb	r4, [r0, #0]
100026c2:	0034      	movs	r4, r6
100026c4:	e7ea      	b.n	1000269c <ph_merge_nodes+0x38>
100026c6:	705a      	strb	r2, [r3, #1]
100026c8:	7006      	strb	r6, [r0, #0]
100026ca:	e7e7      	b.n	1000269c <ph_merge_nodes+0x38>

100026cc <ph_post_alloc_init>:
100026cc:	b530      	push	{r4, r5, lr}
100026ce:	6083      	str	r3, [r0, #8]
100026d0:	2300      	movs	r3, #0
100026d2:	b2cc      	uxtb	r4, r1
100026d4:	7343      	strb	r3, [r0, #13]
100026d6:	3301      	adds	r3, #1
100026d8:	7304      	strb	r4, [r0, #12]
100026da:	6042      	str	r2, [r0, #4]
100026dc:	7383      	strb	r3, [r0, #14]
100026de:	73c4      	strb	r4, [r0, #15]
100026e0:	000d      	movs	r5, r1
100026e2:	6800      	ldr	r0, [r0, #0]
100026e4:	2c01      	cmp	r4, #1
100026e6:	d906      	bls.n	100026f6 <ph_post_alloc_init+0x2a>
100026e8:	1c42      	adds	r2, r0, #1
100026ea:	3301      	adds	r3, #1
100026ec:	b2db      	uxtb	r3, r3
100026ee:	7013      	strb	r3, [r2, #0]
100026f0:	3203      	adds	r2, #3
100026f2:	429c      	cmp	r4, r3
100026f4:	d1f9      	bne.n	100026ea <ph_post_alloc_init+0x1e>
100026f6:	21ff      	movs	r1, #255	; 0xff
100026f8:	4029      	ands	r1, r5
100026fa:	004b      	lsls	r3, r1, #1
100026fc:	1859      	adds	r1, r3, r1
100026fe:	2300      	movs	r3, #0
10002700:	1840      	adds	r0, r0, r1
10002702:	3803      	subs	r0, #3
10002704:	7043      	strb	r3, [r0, #1]
10002706:	bd30      	pop	{r4, r5, pc}

10002708 <ph_merge_two_pass>:
10002708:	b5f8      	push	{r3, r4, r5, r6, r7, lr}
1000270a:	46ce      	mov	lr, r9
1000270c:	4647      	mov	r7, r8
1000270e:	0006      	movs	r6, r0
10002710:	000c      	movs	r4, r1
10002712:	b580      	push	{r7, lr}
10002714:	2900      	cmp	r1, #0
10002716:	d007      	beq.n	10002728 <ph_merge_two_pass+0x20>
10002718:	004d      	lsls	r5, r1, #1
1000271a:	6803      	ldr	r3, [r0, #0]
1000271c:	186d      	adds	r5, r5, r1
1000271e:	3d03      	subs	r5, #3
10002720:	195a      	adds	r2, r3, r5
10002722:	7857      	ldrb	r7, [r2, #1]
10002724:	2f00      	cmp	r7, #0
10002726:	d104      	bne.n	10002732 <ph_merge_two_pass+0x2a>
10002728:	0020      	movs	r0, r4
1000272a:	bcc0      	pop	{r6, r7}
1000272c:	46b9      	mov	r9, r7
1000272e:	46b0      	mov	r8, r6
10002730:	bdf8      	pop	{r3, r4, r5, r6, r7, pc}
10002732:	0079      	lsls	r1, r7, #1
10002734:	19c9      	adds	r1, r1, r7
10002736:	3903      	subs	r1, #3
10002738:	4688      	mov	r8, r1
1000273a:	4443      	add	r3, r8
1000273c:	7859      	ldrb	r1, [r3, #1]
1000273e:	4689      	mov	r9, r1
10002740:	2100      	movs	r1, #0
10002742:	7059      	strb	r1, [r3, #1]
10002744:	7051      	strb	r1, [r2, #1]
10002746:	6873      	ldr	r3, [r6, #4]
10002748:	003a      	movs	r2, r7
1000274a:	0021      	movs	r1, r4
1000274c:	6880      	ldr	r0, [r0, #8]
1000274e:	4798      	blx	r3
10002750:	6833      	ldr	r3, [r6, #0]
10002752:	2800      	cmp	r0, #0
10002754:	d014      	beq.n	10002780 <ph_merge_two_pass+0x78>
10002756:	4642      	mov	r2, r8
10002758:	189a      	adds	r2, r3, r2
1000275a:	7094      	strb	r4, [r2, #2]
1000275c:	1959      	adds	r1, r3, r5
1000275e:	5d5b      	ldrb	r3, [r3, r5]
10002760:	2b00      	cmp	r3, #0
10002762:	d000      	beq.n	10002766 <ph_merge_two_pass+0x5e>
10002764:	7053      	strb	r3, [r2, #1]
10002766:	700f      	strb	r7, [r1, #0]
10002768:	0027      	movs	r7, r4
1000276a:	4649      	mov	r1, r9
1000276c:	0030      	movs	r0, r6
1000276e:	f7ff ffcb 	bl	10002708 <ph_merge_two_pass>
10002772:	0039      	movs	r1, r7
10002774:	0002      	movs	r2, r0
10002776:	0030      	movs	r0, r6
10002778:	f7ff ff74 	bl	10002664 <ph_merge_nodes>
1000277c:	0004      	movs	r4, r0
1000277e:	e7d3      	b.n	10002728 <ph_merge_two_pass+0x20>
10002780:	4642      	mov	r2, r8
10002782:	4641      	mov	r1, r8
10002784:	195d      	adds	r5, r3, r5
10002786:	70af      	strb	r7, [r5, #2]
10002788:	189a      	adds	r2, r3, r2
1000278a:	5c5b      	ldrb	r3, [r3, r1]
1000278c:	2b00      	cmp	r3, #0
1000278e:	d000      	beq.n	10002792 <ph_merge_two_pass+0x8a>
10002790:	706b      	strb	r3, [r5, #1]
10002792:	7014      	strb	r4, [r2, #0]
10002794:	e7e9      	b.n	1000276a <ph_merge_two_pass+0x62>
10002796:	46c0      	nop			; (mov r8, r8)

10002798 <ph_remove_any_head>:
10002798:	b5f0      	push	{r4, r5, r6, r7, lr}
1000279a:	4657      	mov	r7, sl
1000279c:	4645      	mov	r5, r8
1000279e:	46de      	mov	lr, fp
100027a0:	464e      	mov	r6, r9
100027a2:	b5e0      	push	{r5, r6, r7, lr}
100027a4:	000d      	movs	r5, r1
100027a6:	006b      	lsls	r3, r5, #1
100027a8:	6801      	ldr	r1, [r0, #0]
100027aa:	195b      	adds	r3, r3, r5
100027ac:	1edf      	subs	r7, r3, #3
100027ae:	0004      	movs	r4, r0
100027b0:	5dc8      	ldrb	r0, [r1, r7]
100027b2:	b083      	sub	sp, #12
100027b4:	9201      	str	r2, [sp, #4]
100027b6:	19ca      	adds	r2, r1, r7
100027b8:	2800      	cmp	r0, #0
100027ba:	d050      	beq.n	1000285e <ph_remove_any_head+0xc6>
100027bc:	0043      	lsls	r3, r0, #1
100027be:	181b      	adds	r3, r3, r0
100027c0:	3b03      	subs	r3, #3
100027c2:	18cb      	adds	r3, r1, r3
100027c4:	785e      	ldrb	r6, [r3, #1]
100027c6:	46b4      	mov	ip, r6
100027c8:	2e00      	cmp	r6, #0
100027ca:	d11a      	bne.n	10002802 <ph_remove_any_head+0x6a>
100027cc:	9e01      	ldr	r6, [sp, #4]
100027ce:	2e00      	cmp	r6, #0
100027d0:	d042      	beq.n	10002858 <ph_remove_any_head+0xc0>
100027d2:	7be6      	ldrb	r6, [r4, #15]
100027d4:	2e00      	cmp	r6, #0
100027d6:	d004      	beq.n	100027e2 <ph_remove_any_head+0x4a>
100027d8:	0073      	lsls	r3, r6, #1
100027da:	199b      	adds	r3, r3, r6
100027dc:	18cb      	adds	r3, r1, r3
100027de:	3b03      	subs	r3, #3
100027e0:	705d      	strb	r5, [r3, #1]
100027e2:	7ba3      	ldrb	r3, [r4, #14]
100027e4:	2b00      	cmp	r3, #0
100027e6:	d100      	bne.n	100027ea <ph_remove_any_head+0x52>
100027e8:	73a5      	strb	r5, [r4, #14]
100027ea:	73e5      	strb	r5, [r4, #15]
100027ec:	2800      	cmp	r0, #0
100027ee:	d12f      	bne.n	10002850 <ph_remove_any_head+0xb8>
100027f0:	2300      	movs	r3, #0
100027f2:	7053      	strb	r3, [r2, #1]
100027f4:	b003      	add	sp, #12
100027f6:	bcf0      	pop	{r4, r5, r6, r7}
100027f8:	46bb      	mov	fp, r7
100027fa:	46b2      	mov	sl, r6
100027fc:	46a9      	mov	r9, r5
100027fe:	46a0      	mov	r8, r4
10002800:	bdf0      	pop	{r4, r5, r6, r7, pc}
10002802:	0072      	lsls	r2, r6, #1
10002804:	4462      	add	r2, ip
10002806:	3a03      	subs	r2, #3
10002808:	1889      	adds	r1, r1, r2
1000280a:	784a      	ldrb	r2, [r1, #1]
1000280c:	4690      	mov	r8, r2
1000280e:	2200      	movs	r2, #0
10002810:	704a      	strb	r2, [r1, #1]
10002812:	4691      	mov	r9, r2
10002814:	705a      	strb	r2, [r3, #1]
10002816:	0001      	movs	r1, r0
10002818:	0032      	movs	r2, r6
1000281a:	0020      	movs	r0, r4
1000281c:	f7ff ff22 	bl	10002664 <ph_merge_nodes>
10002820:	4643      	mov	r3, r8
10002822:	4682      	mov	sl, r0
10002824:	2b00      	cmp	r3, #0
10002826:	d007      	beq.n	10002838 <ph_remove_any_head+0xa0>
10002828:	005b      	lsls	r3, r3, #1
1000282a:	6821      	ldr	r1, [r4, #0]
1000282c:	4443      	add	r3, r8
1000282e:	3b03      	subs	r3, #3
10002830:	18cb      	adds	r3, r1, r3
10002832:	785a      	ldrb	r2, [r3, #1]
10002834:	2a00      	cmp	r2, #0
10002836:	d116      	bne.n	10002866 <ph_remove_any_head+0xce>
10002838:	4642      	mov	r2, r8
1000283a:	4651      	mov	r1, sl
1000283c:	0020      	movs	r0, r4
1000283e:	f7ff ff11 	bl	10002664 <ph_merge_nodes>
10002842:	6821      	ldr	r1, [r4, #0]
10002844:	9b01      	ldr	r3, [sp, #4]
10002846:	19ca      	adds	r2, r1, r7
10002848:	2b00      	cmp	r3, #0
1000284a:	d1c2      	bne.n	100027d2 <ph_remove_any_head+0x3a>
1000284c:	2800      	cmp	r0, #0
1000284e:	d0cf      	beq.n	100027f0 <ph_remove_any_head+0x58>
10002850:	0043      	lsls	r3, r0, #1
10002852:	181b      	adds	r3, r3, r0
10002854:	3b03      	subs	r3, #3
10002856:	18cb      	adds	r3, r1, r3
10002858:	2100      	movs	r1, #0
1000285a:	7099      	strb	r1, [r3, #2]
1000285c:	e7c8      	b.n	100027f0 <ph_remove_any_head+0x58>
1000285e:	9b01      	ldr	r3, [sp, #4]
10002860:	2b00      	cmp	r3, #0
10002862:	d1b6      	bne.n	100027d2 <ph_remove_any_head+0x3a>
10002864:	e7c4      	b.n	100027f0 <ph_remove_any_head+0x58>
10002866:	0050      	lsls	r0, r2, #1
10002868:	1880      	adds	r0, r0, r2
1000286a:	3803      	subs	r0, #3
1000286c:	1809      	adds	r1, r1, r0
1000286e:	7848      	ldrb	r0, [r1, #1]
10002870:	4683      	mov	fp, r0
10002872:	4648      	mov	r0, r9
10002874:	7048      	strb	r0, [r1, #1]
10002876:	7058      	strb	r0, [r3, #1]
10002878:	4641      	mov	r1, r8
1000287a:	0020      	movs	r0, r4
1000287c:	f7ff fef2 	bl	10002664 <ph_merge_nodes>
10002880:	4659      	mov	r1, fp
10002882:	4680      	mov	r8, r0
10002884:	0020      	movs	r0, r4
10002886:	f7ff ff3f 	bl	10002708 <ph_merge_two_pass>
1000288a:	4641      	mov	r1, r8
1000288c:	0002      	movs	r2, r0
1000288e:	0020      	movs	r0, r4
10002890:	f7ff fee8 	bl	10002664 <ph_merge_nodes>
10002894:	4680      	mov	r8, r0
10002896:	e7cf      	b.n	10002838 <ph_remove_any_head+0xa0>

10002898 <ph_remove_head>:
10002898:	b5f0      	push	{r4, r5, r6, r7, lr}
1000289a:	4657      	mov	r7, sl
1000289c:	4645      	mov	r5, r8
1000289e:	46de      	mov	lr, fp
100028a0:	464e      	mov	r6, r9
100028a2:	b5e0      	push	{r5, r6, r7, lr}
100028a4:	b083      	sub	sp, #12
100028a6:	9101      	str	r1, [sp, #4]
100028a8:	7b45      	ldrb	r5, [r0, #13]
100028aa:	0004      	movs	r4, r0
100028ac:	006b      	lsls	r3, r5, #1
100028ae:	6800      	ldr	r0, [r0, #0]
100028b0:	195b      	adds	r3, r3, r5
100028b2:	1edf      	subs	r7, r3, #3
100028b4:	5dc1      	ldrb	r1, [r0, r7]
100028b6:	19c2      	adds	r2, r0, r7
100028b8:	2900      	cmp	r1, #0
100028ba:	d052      	beq.n	10002962 <ph_remove_head+0xca>
100028bc:	004b      	lsls	r3, r1, #1
100028be:	185b      	adds	r3, r3, r1
100028c0:	3b03      	subs	r3, #3
100028c2:	18c3      	adds	r3, r0, r3
100028c4:	785e      	ldrb	r6, [r3, #1]
100028c6:	46b4      	mov	ip, r6
100028c8:	2e00      	cmp	r6, #0
100028ca:	d11c      	bne.n	10002906 <ph_remove_head+0x6e>
100028cc:	9e01      	ldr	r6, [sp, #4]
100028ce:	2e00      	cmp	r6, #0
100028d0:	d044      	beq.n	1000295c <ph_remove_head+0xc4>
100028d2:	7be6      	ldrb	r6, [r4, #15]
100028d4:	2e00      	cmp	r6, #0
100028d6:	d004      	beq.n	100028e2 <ph_remove_head+0x4a>
100028d8:	0073      	lsls	r3, r6, #1
100028da:	199b      	adds	r3, r3, r6
100028dc:	18c3      	adds	r3, r0, r3
100028de:	3b03      	subs	r3, #3
100028e0:	705d      	strb	r5, [r3, #1]
100028e2:	7ba3      	ldrb	r3, [r4, #14]
100028e4:	2b00      	cmp	r3, #0
100028e6:	d100      	bne.n	100028ea <ph_remove_head+0x52>
100028e8:	73a5      	strb	r5, [r4, #14]
100028ea:	73e5      	strb	r5, [r4, #15]
100028ec:	2900      	cmp	r1, #0
100028ee:	d131      	bne.n	10002954 <ph_remove_head+0xbc>
100028f0:	2300      	movs	r3, #0
100028f2:	0028      	movs	r0, r5
100028f4:	7053      	strb	r3, [r2, #1]
100028f6:	7361      	strb	r1, [r4, #13]
100028f8:	b003      	add	sp, #12
100028fa:	bcf0      	pop	{r4, r5, r6, r7}
100028fc:	46bb      	mov	fp, r7
100028fe:	46b2      	mov	sl, r6
10002900:	46a9      	mov	r9, r5
10002902:	46a0      	mov	r8, r4
10002904:	bdf0      	pop	{r4, r5, r6, r7, pc}
10002906:	0072      	lsls	r2, r6, #1
10002908:	4462      	add	r2, ip
1000290a:	3a03      	subs	r2, #3
1000290c:	1880      	adds	r0, r0, r2
1000290e:	7842      	ldrb	r2, [r0, #1]
10002910:	4690      	mov	r8, r2
10002912:	2200      	movs	r2, #0
10002914:	7042      	strb	r2, [r0, #1]
10002916:	4691      	mov	r9, r2
10002918:	705a      	strb	r2, [r3, #1]
1000291a:	0020      	movs	r0, r4
1000291c:	0032      	movs	r2, r6
1000291e:	f7ff fea1 	bl	10002664 <ph_merge_nodes>
10002922:	4643      	mov	r3, r8
10002924:	4682      	mov	sl, r0
10002926:	2b00      	cmp	r3, #0
10002928:	d007      	beq.n	1000293a <ph_remove_head+0xa2>
1000292a:	005b      	lsls	r3, r3, #1
1000292c:	6821      	ldr	r1, [r4, #0]
1000292e:	4443      	add	r3, r8
10002930:	3b03      	subs	r3, #3
10002932:	18cb      	adds	r3, r1, r3
10002934:	785a      	ldrb	r2, [r3, #1]
10002936:	2a00      	cmp	r2, #0
10002938:	d117      	bne.n	1000296a <ph_remove_head+0xd2>
1000293a:	4642      	mov	r2, r8
1000293c:	4651      	mov	r1, sl
1000293e:	0020      	movs	r0, r4
10002940:	f7ff fe90 	bl	10002664 <ph_merge_nodes>
10002944:	9b01      	ldr	r3, [sp, #4]
10002946:	0001      	movs	r1, r0
10002948:	6820      	ldr	r0, [r4, #0]
1000294a:	19c2      	adds	r2, r0, r7
1000294c:	2b00      	cmp	r3, #0
1000294e:	d1c0      	bne.n	100028d2 <ph_remove_head+0x3a>
10002950:	2900      	cmp	r1, #0
10002952:	d0cd      	beq.n	100028f0 <ph_remove_head+0x58>
10002954:	004b      	lsls	r3, r1, #1
10002956:	185b      	adds	r3, r3, r1
10002958:	3b03      	subs	r3, #3
1000295a:	18c3      	adds	r3, r0, r3
1000295c:	2000      	movs	r0, #0
1000295e:	7098      	strb	r0, [r3, #2]
10002960:	e7c6      	b.n	100028f0 <ph_remove_head+0x58>
10002962:	9b01      	ldr	r3, [sp, #4]
10002964:	2b00      	cmp	r3, #0
10002966:	d1b4      	bne.n	100028d2 <ph_remove_head+0x3a>
10002968:	e7c2      	b.n	100028f0 <ph_remove_head+0x58>
1000296a:	0050      	lsls	r0, r2, #1
1000296c:	1880      	adds	r0, r0, r2
1000296e:	3803      	subs	r0, #3
10002970:	1809      	adds	r1, r1, r0
10002972:	7848      	ldrb	r0, [r1, #1]
10002974:	4683      	mov	fp, r0
10002976:	4648      	mov	r0, r9
10002978:	7048      	strb	r0, [r1, #1]
1000297a:	7058      	strb	r0, [r3, #1]
1000297c:	4641      	mov	r1, r8
1000297e:	0020      	movs	r0, r4
10002980:	f7ff fe70 	bl	10002664 <ph_merge_nodes>
10002984:	4659      	mov	r1, fp
10002986:	4680      	mov	r8, r0
10002988:	0020      	movs	r0, r4
1000298a:	f7ff febd 	bl	10002708 <ph_merge_two_pass>
1000298e:	4641      	mov	r1, r8
10002990:	0002      	movs	r2, r0
10002992:	0020      	movs	r0, r4
10002994:	f7ff fe66 	bl	10002664 <ph_merge_nodes>
10002998:	4680      	mov	r8, r0
1000299a:	e7ce      	b.n	1000293a <ph_remove_head+0xa2>

1000299c <ph_remove_and_free_node>:
1000299c:	b570      	push	{r4, r5, r6, lr}
1000299e:	0004      	movs	r4, r0
100029a0:	2900      	cmp	r1, #0
100029a2:	d02c      	beq.n	100029fe <ph_remove_and_free_node+0x62>
100029a4:	7b43      	ldrb	r3, [r0, #13]
100029a6:	428b      	cmp	r3, r1
100029a8:	d02e      	beq.n	10002a08 <ph_remove_and_free_node+0x6c>
100029aa:	6805      	ldr	r5, [r0, #0]
100029ac:	0048      	lsls	r0, r1, #1
100029ae:	1840      	adds	r0, r0, r1
100029b0:	3803      	subs	r0, #3
100029b2:	1828      	adds	r0, r5, r0
100029b4:	7882      	ldrb	r2, [r0, #2]
100029b6:	2a00      	cmp	r2, #0
100029b8:	d021      	beq.n	100029fe <ph_remove_and_free_node+0x62>
100029ba:	0053      	lsls	r3, r2, #1
100029bc:	189b      	adds	r3, r3, r2
100029be:	3b03      	subs	r3, #3
100029c0:	5cea      	ldrb	r2, [r5, r3]
100029c2:	18ee      	adds	r6, r5, r3
100029c4:	428a      	cmp	r2, r1
100029c6:	d102      	bne.n	100029ce <ph_remove_and_free_node+0x32>
100029c8:	e01b      	b.n	10002a02 <ph_remove_and_free_node+0x66>
100029ca:	2a00      	cmp	r2, #0
100029cc:	d008      	beq.n	100029e0 <ph_remove_and_free_node+0x44>
100029ce:	0053      	lsls	r3, r2, #1
100029d0:	189b      	adds	r3, r3, r2
100029d2:	3b03      	subs	r3, #3
100029d4:	18eb      	adds	r3, r5, r3
100029d6:	785a      	ldrb	r2, [r3, #1]
100029d8:	428a      	cmp	r2, r1
100029da:	d1f6      	bne.n	100029ca <ph_remove_and_free_node+0x2e>
100029dc:	7842      	ldrb	r2, [r0, #1]
100029de:	705a      	strb	r2, [r3, #1]
100029e0:	2300      	movs	r3, #0
100029e2:	2201      	movs	r2, #1
100029e4:	7083      	strb	r3, [r0, #2]
100029e6:	7043      	strb	r3, [r0, #1]
100029e8:	0020      	movs	r0, r4
100029ea:	f7ff fed5 	bl	10002798 <ph_remove_any_head>
100029ee:	7b61      	ldrb	r1, [r4, #13]
100029f0:	0002      	movs	r2, r0
100029f2:	0020      	movs	r0, r4
100029f4:	f7ff fe36 	bl	10002664 <ph_merge_nodes>
100029f8:	7360      	strb	r0, [r4, #13]
100029fa:	2001      	movs	r0, #1
100029fc:	e000      	b.n	10002a00 <ph_remove_and_free_node+0x64>
100029fe:	2000      	movs	r0, #0
10002a00:	bd70      	pop	{r4, r5, r6, pc}
10002a02:	7843      	ldrb	r3, [r0, #1]
10002a04:	7033      	strb	r3, [r6, #0]
10002a06:	e7eb      	b.n	100029e0 <ph_remove_and_free_node+0x44>
10002a08:	2201      	movs	r2, #1
10002a0a:	0019      	movs	r1, r3
10002a0c:	f7ff fec4 	bl	10002798 <ph_remove_any_head>
10002a10:	7360      	strb	r0, [r4, #13]
10002a12:	2001      	movs	r0, #1
10002a14:	e7f4      	b.n	10002a00 <ph_remove_and_free_node+0x64>
10002a16:	46c0      	nop			; (mov r8, r8)

10002a18 <queue_init_with_spinlock>:
10002a18:	b570      	push	{r4, r5, r6, lr}
10002a1a:	0016      	movs	r6, r2
10002a1c:	000d      	movs	r5, r1
10002a1e:	0019      	movs	r1, r3
10002a20:	0004      	movs	r4, r0
10002a22:	f7ff f90f 	bl	10001c44 <lock_init>
10002a26:	0029      	movs	r1, r5
10002a28:	1c70      	adds	r0, r6, #1
10002a2a:	f003 fbc3 	bl	100061b4 <__wrap_calloc>
10002a2e:	2300      	movs	r3, #0
10002a30:	81e6      	strh	r6, [r4, #14]
10002a32:	81a5      	strh	r5, [r4, #12]
10002a34:	6060      	str	r0, [r4, #4]
10002a36:	60a3      	str	r3, [r4, #8]
10002a38:	bd70      	pop	{r4, r5, r6, pc}
10002a3a:	46c0      	nop			; (mov r8, r8)

10002a3c <queue_try_add>:
10002a3c:	b570      	push	{r4, r5, r6, lr}
10002a3e:	6802      	ldr	r2, [r0, #0]
10002a40:	0004      	movs	r4, r0
10002a42:	f3ef 8510 	mrs	r5, PRIMASK
10002a46:	b672      	cpsid	i
10002a48:	6813      	ldr	r3, [r2, #0]
10002a4a:	2b00      	cmp	r3, #0
10002a4c:	d0fc      	beq.n	10002a48 <queue_try_add+0xc>
10002a4e:	f3bf 8f5f 	dmb	sy
10002a52:	8920      	ldrh	r0, [r4, #8]
10002a54:	8963      	ldrh	r3, [r4, #10]
10002a56:	89e2      	ldrh	r2, [r4, #14]
10002a58:	1ac3      	subs	r3, r0, r3
10002a5a:	d501      	bpl.n	10002a60 <queue_try_add+0x24>
10002a5c:	1c56      	adds	r6, r2, #1
10002a5e:	199b      	adds	r3, r3, r6
10002a60:	4293      	cmp	r3, r2
10002a62:	d108      	bne.n	10002a76 <queue_try_add+0x3a>
10002a64:	6823      	ldr	r3, [r4, #0]
10002a66:	f3bf 8f5f 	dmb	sy
10002a6a:	2200      	movs	r2, #0
10002a6c:	601a      	str	r2, [r3, #0]
10002a6e:	f385 8810 	msr	PRIMASK, r5
10002a72:	2000      	movs	r0, #0
10002a74:	bd70      	pop	{r4, r5, r6, pc}
10002a76:	6863      	ldr	r3, [r4, #4]
10002a78:	89a2      	ldrh	r2, [r4, #12]
10002a7a:	469c      	mov	ip, r3
10002a7c:	4350      	muls	r0, r2
10002a7e:	4460      	add	r0, ip
10002a80:	f003 fbb8 	bl	100061f4 <__wrap___aeabi_memcpy>
10002a84:	2200      	movs	r2, #0
10002a86:	0010      	movs	r0, r2
10002a88:	8923      	ldrh	r3, [r4, #8]
10002a8a:	89e1      	ldrh	r1, [r4, #14]
10002a8c:	3301      	adds	r3, #1
10002a8e:	b29b      	uxth	r3, r3
10002a90:	4299      	cmp	r1, r3
10002a92:	4150      	adcs	r0, r2
10002a94:	4241      	negs	r1, r0
10002a96:	400b      	ands	r3, r1
10002a98:	8123      	strh	r3, [r4, #8]
10002a9a:	6823      	ldr	r3, [r4, #0]
10002a9c:	f3bf 8f5f 	dmb	sy
10002aa0:	601a      	str	r2, [r3, #0]
10002aa2:	f385 8810 	msr	PRIMASK, r5
10002aa6:	bf40      	sev
10002aa8:	2001      	movs	r0, #1
10002aaa:	e7e3      	b.n	10002a74 <queue_try_add+0x38>

10002aac <queue_try_remove>:
10002aac:	b570      	push	{r4, r5, r6, lr}
10002aae:	0004      	movs	r4, r0
10002ab0:	0008      	movs	r0, r1
10002ab2:	6822      	ldr	r2, [r4, #0]
10002ab4:	f3ef 8610 	mrs	r6, PRIMASK
10002ab8:	b672      	cpsid	i
10002aba:	6813      	ldr	r3, [r2, #0]
10002abc:	2b00      	cmp	r3, #0
10002abe:	d0fc      	beq.n	10002aba <queue_try_remove+0xe>
10002ac0:	f3bf 8f5f 	dmb	sy
10002ac4:	8965      	ldrh	r5, [r4, #10]
10002ac6:	8923      	ldrh	r3, [r4, #8]
10002ac8:	1b5b      	subs	r3, r3, r5
10002aca:	d502      	bpl.n	10002ad2 <queue_try_remove+0x26>
10002acc:	89e2      	ldrh	r2, [r4, #14]
10002ace:	3201      	adds	r2, #1
10002ad0:	189b      	adds	r3, r3, r2
10002ad2:	2b00      	cmp	r3, #0
10002ad4:	d107      	bne.n	10002ae6 <queue_try_remove+0x3a>
10002ad6:	6822      	ldr	r2, [r4, #0]
10002ad8:	f3bf 8f5f 	dmb	sy
10002adc:	6013      	str	r3, [r2, #0]
10002ade:	f386 8810 	msr	PRIMASK, r6
10002ae2:	2000      	movs	r0, #0
10002ae4:	bd70      	pop	{r4, r5, r6, pc}
10002ae6:	89a2      	ldrh	r2, [r4, #12]
10002ae8:	6863      	ldr	r3, [r4, #4]
10002aea:	4355      	muls	r5, r2
10002aec:	1959      	adds	r1, r3, r5
10002aee:	f003 fb81 	bl	100061f4 <__wrap___aeabi_memcpy>
10002af2:	2200      	movs	r2, #0
10002af4:	0010      	movs	r0, r2
10002af6:	8963      	ldrh	r3, [r4, #10]
10002af8:	89e1      	ldrh	r1, [r4, #14]
10002afa:	3301      	adds	r3, #1
10002afc:	b29b      	uxth	r3, r3
10002afe:	4299      	cmp	r1, r3
10002b00:	4150      	adcs	r0, r2
10002b02:	4241      	negs	r1, r0
10002b04:	400b      	ands	r3, r1
10002b06:	8163      	strh	r3, [r4, #10]
10002b08:	6823      	ldr	r3, [r4, #0]
10002b0a:	f3bf 8f5f 	dmb	sy
10002b0e:	601a      	str	r2, [r3, #0]
10002b10:	f386 8810 	msr	PRIMASK, r6
10002b14:	bf40      	sev
10002b16:	2001      	movs	r0, #1
10002b18:	e7e4      	b.n	10002ae4 <queue_try_remove+0x38>
10002b1a:	46c0      	nop			; (mov r8, r8)

10002b1c <clocks_init>:
10002b1c:	b530      	push	{r4, r5, lr}
10002b1e:	200c      	movs	r0, #12
10002b20:	b083      	sub	sp, #12
10002b22:	f000 f9b9 	bl	10002e98 <watchdog_start_tick>
10002b26:	f7fe fd27 	bl	10001578 <running_on_fpga>
10002b2a:	2800      	cmp	r0, #0
10002b2c:	d00e      	beq.n	10002b4c <clocks_init+0x30>
10002b2e:	4b99      	ldr	r3, [pc, #612]	; (10002d94 <clocks_init+0x278>)
10002b30:	4a99      	ldr	r2, [pc, #612]	; (10002d98 <clocks_init+0x27c>)
10002b32:	601a      	str	r2, [r3, #0]
10002b34:	605a      	str	r2, [r3, #4]
10002b36:	609a      	str	r2, [r3, #8]
10002b38:	60da      	str	r2, [r3, #12]
10002b3a:	611a      	str	r2, [r3, #16]
10002b3c:	615a      	str	r2, [r3, #20]
10002b3e:	619a      	str	r2, [r3, #24]
10002b40:	61da      	str	r2, [r3, #28]
10002b42:	621a      	str	r2, [r3, #32]
10002b44:	4a95      	ldr	r2, [pc, #596]	; (10002d9c <clocks_init+0x280>)
10002b46:	625a      	str	r2, [r3, #36]	; 0x24
10002b48:	b003      	add	sp, #12
10002b4a:	bd30      	pop	{r4, r5, pc}
10002b4c:	4c94      	ldr	r4, [pc, #592]	; (10002da0 <clocks_init+0x284>)
10002b4e:	67a0      	str	r0, [r4, #120]	; 0x78
10002b50:	f000 f9f6 	bl	10002f40 <xosc_init>
10002b54:	2201      	movs	r2, #1
10002b56:	4b93      	ldr	r3, [pc, #588]	; (10002da4 <clocks_init+0x288>)
10002b58:	601a      	str	r2, [r3, #0]
10002b5a:	6c63      	ldr	r3, [r4, #68]	; 0x44
10002b5c:	2b01      	cmp	r3, #1
10002b5e:	d1fc      	bne.n	10002b5a <clocks_init+0x3e>
10002b60:	2203      	movs	r2, #3
10002b62:	4b91      	ldr	r3, [pc, #580]	; (10002da8 <clocks_init+0x28c>)
10002b64:	601a      	str	r2, [r3, #0]
10002b66:	4a8e      	ldr	r2, [pc, #568]	; (10002da0 <clocks_init+0x284>)
10002b68:	6b93      	ldr	r3, [r2, #56]	; 0x38
10002b6a:	2b01      	cmp	r3, #1
10002b6c:	d1fc      	bne.n	10002b68 <clocks_init+0x4c>
10002b6e:	3301      	adds	r3, #1
10002b70:	2101      	movs	r1, #1
10002b72:	4a8e      	ldr	r2, [pc, #568]	; (10002dac <clocks_init+0x290>)
10002b74:	488e      	ldr	r0, [pc, #568]	; (10002db0 <clocks_init+0x294>)
10002b76:	9300      	str	r3, [sp, #0]
10002b78:	3304      	adds	r3, #4
10002b7a:	f000 f93d 	bl	10002df8 <pll_init>
10002b7e:	2305      	movs	r3, #5
10002b80:	4a8c      	ldr	r2, [pc, #560]	; (10002db4 <clocks_init+0x298>)
10002b82:	9300      	str	r3, [sp, #0]
10002b84:	2101      	movs	r1, #1
10002b86:	488c      	ldr	r0, [pc, #560]	; (10002db8 <clocks_init+0x29c>)
10002b88:	f000 f936 	bl	10002df8 <pll_init>
10002b8c:	4b8b      	ldr	r3, [pc, #556]	; (10002dbc <clocks_init+0x2a0>)
10002b8e:	685a      	ldr	r2, [r3, #4]
10002b90:	2aff      	cmp	r2, #255	; 0xff
10002b92:	d802      	bhi.n	10002b9a <clocks_init+0x7e>
10002b94:	2280      	movs	r2, #128	; 0x80
10002b96:	0052      	lsls	r2, r2, #1
10002b98:	605a      	str	r2, [r3, #4]
10002b9a:	2280      	movs	r2, #128	; 0x80
10002b9c:	4c7d      	ldr	r4, [pc, #500]	; (10002d94 <clocks_init+0x278>)
10002b9e:	4b82      	ldr	r3, [pc, #520]	; (10002da8 <clocks_init+0x28c>)
10002ba0:	6921      	ldr	r1, [r4, #16]
10002ba2:	0112      	lsls	r2, r2, #4
10002ba4:	4d85      	ldr	r5, [pc, #532]	; (10002dbc <clocks_init+0x2a0>)
10002ba6:	601a      	str	r2, [r3, #0]
10002ba8:	2900      	cmp	r1, #0
10002baa:	d007      	beq.n	10002bbc <clocks_init+0xa0>
10002bac:	6960      	ldr	r0, [r4, #20]
10002bae:	f001 fdd5 	bl	1000475c <__wrap___aeabi_uidiv>
10002bb2:	1c43      	adds	r3, r0, #1
10002bb4:	0058      	lsls	r0, r3, #1
10002bb6:	18c0      	adds	r0, r0, r3
10002bb8:	3803      	subs	r0, #3
10002bba:	d2fd      	bcs.n	10002bb8 <clocks_init+0x9c>
10002bbc:	21e0      	movs	r1, #224	; 0xe0
10002bbe:	4b7f      	ldr	r3, [pc, #508]	; (10002dbc <clocks_init+0x2a0>)
10002bc0:	2002      	movs	r0, #2
10002bc2:	681a      	ldr	r2, [r3, #0]
10002bc4:	4011      	ands	r1, r2
10002bc6:	2280      	movs	r2, #128	; 0x80
10002bc8:	0152      	lsls	r2, r2, #5
10002bca:	432a      	orrs	r2, r5
10002bcc:	6011      	str	r1, [r2, #0]
10002bce:	6819      	ldr	r1, [r3, #0]
10002bd0:	4048      	eors	r0, r1
10002bd2:	2103      	movs	r1, #3
10002bd4:	4001      	ands	r1, r0
10002bd6:	6011      	str	r1, [r2, #0]
10002bd8:	2104      	movs	r1, #4
10002bda:	689a      	ldr	r2, [r3, #8]
10002bdc:	4211      	tst	r1, r2
10002bde:	d0fc      	beq.n	10002bda <clocks_init+0xbe>
10002be0:	2280      	movs	r2, #128	; 0x80
10002be2:	2180      	movs	r1, #128	; 0x80
10002be4:	0192      	lsls	r2, r2, #6
10002be6:	432a      	orrs	r2, r5
10002be8:	0109      	lsls	r1, r1, #4
10002bea:	6011      	str	r1, [r2, #0]
10002bec:	2280      	movs	r2, #128	; 0x80
10002bee:	0052      	lsls	r2, r2, #1
10002bf0:	605a      	str	r2, [r3, #4]
10002bf2:	4b73      	ldr	r3, [pc, #460]	; (10002dc0 <clocks_init+0x2a4>)
10002bf4:	6123      	str	r3, [r4, #16]
10002bf6:	4b73      	ldr	r3, [pc, #460]	; (10002dc4 <clocks_init+0x2a8>)
10002bf8:	6859      	ldr	r1, [r3, #4]
10002bfa:	29ff      	cmp	r1, #255	; 0xff
10002bfc:	d800      	bhi.n	10002c00 <clocks_init+0xe4>
10002bfe:	605a      	str	r2, [r3, #4]
10002c00:	2103      	movs	r1, #3
10002c02:	4a68      	ldr	r2, [pc, #416]	; (10002da4 <clocks_init+0x288>)
10002c04:	4b6f      	ldr	r3, [pc, #444]	; (10002dc4 <clocks_init+0x2a8>)
10002c06:	6011      	str	r1, [r2, #0]
10002c08:	3902      	subs	r1, #2
10002c0a:	689a      	ldr	r2, [r3, #8]
10002c0c:	4211      	tst	r1, r2
10002c0e:	d0fc      	beq.n	10002c0a <clocks_init+0xee>
10002c10:	20e0      	movs	r0, #224	; 0xe0
10002c12:	681a      	ldr	r2, [r3, #0]
10002c14:	4010      	ands	r0, r2
10002c16:	2280      	movs	r2, #128	; 0x80
10002c18:	0152      	lsls	r2, r2, #5
10002c1a:	431a      	orrs	r2, r3
10002c1c:	6010      	str	r0, [r2, #0]
10002c1e:	6818      	ldr	r0, [r3, #0]
10002c20:	4048      	eors	r0, r1
10002c22:	2103      	movs	r1, #3
10002c24:	4001      	ands	r1, r0
10002c26:	2002      	movs	r0, #2
10002c28:	6011      	str	r1, [r2, #0]
10002c2a:	4966      	ldr	r1, [pc, #408]	; (10002dc4 <clocks_init+0x2a8>)
10002c2c:	688a      	ldr	r2, [r1, #8]
10002c2e:	4210      	tst	r0, r2
10002c30:	d0fc      	beq.n	10002c2c <clocks_init+0x110>
10002c32:	2280      	movs	r2, #128	; 0x80
10002c34:	0192      	lsls	r2, r2, #6
10002c36:	4313      	orrs	r3, r2
10002c38:	2280      	movs	r2, #128	; 0x80
10002c3a:	0112      	lsls	r2, r2, #4
10002c3c:	601a      	str	r2, [r3, #0]
10002c3e:	2280      	movs	r2, #128	; 0x80
10002c40:	4b61      	ldr	r3, [pc, #388]	; (10002dc8 <clocks_init+0x2ac>)
10002c42:	0052      	lsls	r2, r2, #1
10002c44:	604a      	str	r2, [r1, #4]
10002c46:	6163      	str	r3, [r4, #20]
10002c48:	4b60      	ldr	r3, [pc, #384]	; (10002dcc <clocks_init+0x2b0>)
10002c4a:	6859      	ldr	r1, [r3, #4]
10002c4c:	29ff      	cmp	r1, #255	; 0xff
10002c4e:	d800      	bhi.n	10002c52 <clocks_init+0x136>
10002c50:	605a      	str	r2, [r3, #4]
10002c52:	2280      	movs	r2, #128	; 0x80
10002c54:	4b5e      	ldr	r3, [pc, #376]	; (10002dd0 <clocks_init+0x2b4>)
10002c56:	69e1      	ldr	r1, [r4, #28]
10002c58:	0112      	lsls	r2, r2, #4
10002c5a:	4d5c      	ldr	r5, [pc, #368]	; (10002dcc <clocks_init+0x2b0>)
10002c5c:	601a      	str	r2, [r3, #0]
10002c5e:	2900      	cmp	r1, #0
10002c60:	d007      	beq.n	10002c72 <clocks_init+0x156>
10002c62:	6960      	ldr	r0, [r4, #20]
10002c64:	f001 fd7a 	bl	1000475c <__wrap___aeabi_uidiv>
10002c68:	1c43      	adds	r3, r0, #1
10002c6a:	0058      	lsls	r0, r3, #1
10002c6c:	18c0      	adds	r0, r0, r3
10002c6e:	3803      	subs	r0, #3
10002c70:	d2fd      	bcs.n	10002c6e <clocks_init+0x152>
10002c72:	22e0      	movs	r2, #224	; 0xe0
10002c74:	4955      	ldr	r1, [pc, #340]	; (10002dcc <clocks_init+0x2b0>)
10002c76:	680b      	ldr	r3, [r1, #0]
10002c78:	401a      	ands	r2, r3
10002c7a:	2380      	movs	r3, #128	; 0x80
10002c7c:	015b      	lsls	r3, r3, #5
10002c7e:	432b      	orrs	r3, r5
10002c80:	601a      	str	r2, [r3, #0]
10002c82:	2380      	movs	r3, #128	; 0x80
10002c84:	2280      	movs	r2, #128	; 0x80
10002c86:	019b      	lsls	r3, r3, #6
10002c88:	432b      	orrs	r3, r5
10002c8a:	0112      	lsls	r2, r2, #4
10002c8c:	601a      	str	r2, [r3, #0]
10002c8e:	2280      	movs	r2, #128	; 0x80
10002c90:	4b41      	ldr	r3, [pc, #260]	; (10002d98 <clocks_init+0x27c>)
10002c92:	0052      	lsls	r2, r2, #1
10002c94:	604a      	str	r2, [r1, #4]
10002c96:	61e3      	str	r3, [r4, #28]
10002c98:	4b4e      	ldr	r3, [pc, #312]	; (10002dd4 <clocks_init+0x2b8>)
10002c9a:	6859      	ldr	r1, [r3, #4]
10002c9c:	29ff      	cmp	r1, #255	; 0xff
10002c9e:	d800      	bhi.n	10002ca2 <clocks_init+0x186>
10002ca0:	605a      	str	r2, [r3, #4]
10002ca2:	2280      	movs	r2, #128	; 0x80
10002ca4:	4b4c      	ldr	r3, [pc, #304]	; (10002dd8 <clocks_init+0x2bc>)
10002ca6:	6a21      	ldr	r1, [r4, #32]
10002ca8:	0112      	lsls	r2, r2, #4
10002caa:	4d4a      	ldr	r5, [pc, #296]	; (10002dd4 <clocks_init+0x2b8>)
10002cac:	601a      	str	r2, [r3, #0]
10002cae:	2900      	cmp	r1, #0
10002cb0:	d007      	beq.n	10002cc2 <clocks_init+0x1a6>
10002cb2:	6960      	ldr	r0, [r4, #20]
10002cb4:	f001 fd52 	bl	1000475c <__wrap___aeabi_uidiv>
10002cb8:	1c43      	adds	r3, r0, #1
10002cba:	0058      	lsls	r0, r3, #1
10002cbc:	18c0      	adds	r0, r0, r3
10002cbe:	3803      	subs	r0, #3
10002cc0:	d2fd      	bcs.n	10002cbe <clocks_init+0x1a2>
10002cc2:	22e0      	movs	r2, #224	; 0xe0
10002cc4:	4943      	ldr	r1, [pc, #268]	; (10002dd4 <clocks_init+0x2b8>)
10002cc6:	680b      	ldr	r3, [r1, #0]
10002cc8:	401a      	ands	r2, r3
10002cca:	2380      	movs	r3, #128	; 0x80
10002ccc:	015b      	lsls	r3, r3, #5
10002cce:	432b      	orrs	r3, r5
10002cd0:	601a      	str	r2, [r3, #0]
10002cd2:	2380      	movs	r3, #128	; 0x80
10002cd4:	2280      	movs	r2, #128	; 0x80
10002cd6:	019b      	lsls	r3, r3, #6
10002cd8:	432b      	orrs	r3, r5
10002cda:	0112      	lsls	r2, r2, #4
10002cdc:	601a      	str	r2, [r3, #0]
10002cde:	2380      	movs	r3, #128	; 0x80
10002ce0:	2280      	movs	r2, #128	; 0x80
10002ce2:	005b      	lsls	r3, r3, #1
10002ce4:	604b      	str	r3, [r1, #4]
10002ce6:	4b2c      	ldr	r3, [pc, #176]	; (10002d98 <clocks_init+0x27c>)
10002ce8:	02d2      	lsls	r2, r2, #11
10002cea:	6223      	str	r3, [r4, #32]
10002cec:	4b3b      	ldr	r3, [pc, #236]	; (10002ddc <clocks_init+0x2c0>)
10002cee:	6859      	ldr	r1, [r3, #4]
10002cf0:	4291      	cmp	r1, r2
10002cf2:	d200      	bcs.n	10002cf6 <clocks_init+0x1da>
10002cf4:	605a      	str	r2, [r3, #4]
10002cf6:	2280      	movs	r2, #128	; 0x80
10002cf8:	4b39      	ldr	r3, [pc, #228]	; (10002de0 <clocks_init+0x2c4>)
10002cfa:	6a61      	ldr	r1, [r4, #36]	; 0x24
10002cfc:	0112      	lsls	r2, r2, #4
10002cfe:	4d37      	ldr	r5, [pc, #220]	; (10002ddc <clocks_init+0x2c0>)
10002d00:	601a      	str	r2, [r3, #0]
10002d02:	2900      	cmp	r1, #0
10002d04:	d007      	beq.n	10002d16 <clocks_init+0x1fa>
10002d06:	6960      	ldr	r0, [r4, #20]
10002d08:	f001 fd28 	bl	1000475c <__wrap___aeabi_uidiv>
10002d0c:	1c43      	adds	r3, r0, #1
10002d0e:	0058      	lsls	r0, r3, #1
10002d10:	18c0      	adds	r0, r0, r3
10002d12:	3803      	subs	r0, #3
10002d14:	d2fd      	bcs.n	10002d12 <clocks_init+0x1f6>
10002d16:	22e0      	movs	r2, #224	; 0xe0
10002d18:	4930      	ldr	r1, [pc, #192]	; (10002ddc <clocks_init+0x2c0>)
10002d1a:	680b      	ldr	r3, [r1, #0]
10002d1c:	401a      	ands	r2, r3
10002d1e:	2380      	movs	r3, #128	; 0x80
10002d20:	015b      	lsls	r3, r3, #5
10002d22:	432b      	orrs	r3, r5
10002d24:	601a      	str	r2, [r3, #0]
10002d26:	2380      	movs	r3, #128	; 0x80
10002d28:	2280      	movs	r2, #128	; 0x80
10002d2a:	019b      	lsls	r3, r3, #6
10002d2c:	432b      	orrs	r3, r5
10002d2e:	0112      	lsls	r2, r2, #4
10002d30:	601a      	str	r2, [r3, #0]
10002d32:	2380      	movs	r3, #128	; 0x80
10002d34:	02db      	lsls	r3, r3, #11
10002d36:	604b      	str	r3, [r1, #4]
10002d38:	4b18      	ldr	r3, [pc, #96]	; (10002d9c <clocks_init+0x280>)
10002d3a:	6263      	str	r3, [r4, #36]	; 0x24
10002d3c:	4b29      	ldr	r3, [pc, #164]	; (10002de4 <clocks_init+0x2c8>)
10002d3e:	685a      	ldr	r2, [r3, #4]
10002d40:	2aff      	cmp	r2, #255	; 0xff
10002d42:	d802      	bhi.n	10002d4a <clocks_init+0x22e>
10002d44:	2280      	movs	r2, #128	; 0x80
10002d46:	0052      	lsls	r2, r2, #1
10002d48:	605a      	str	r2, [r3, #4]
10002d4a:	2280      	movs	r2, #128	; 0x80
10002d4c:	4b26      	ldr	r3, [pc, #152]	; (10002de8 <clocks_init+0x2cc>)
10002d4e:	69a1      	ldr	r1, [r4, #24]
10002d50:	0112      	lsls	r2, r2, #4
10002d52:	4d24      	ldr	r5, [pc, #144]	; (10002de4 <clocks_init+0x2c8>)
10002d54:	601a      	str	r2, [r3, #0]
10002d56:	2900      	cmp	r1, #0
10002d58:	d007      	beq.n	10002d6a <clocks_init+0x24e>
10002d5a:	6960      	ldr	r0, [r4, #20]
10002d5c:	f001 fcfe 	bl	1000475c <__wrap___aeabi_uidiv>
10002d60:	1c43      	adds	r3, r0, #1
10002d62:	0058      	lsls	r0, r3, #1
10002d64:	18c0      	adds	r0, r0, r3
10002d66:	3803      	subs	r0, #3
10002d68:	d2fd      	bcs.n	10002d66 <clocks_init+0x24a>
10002d6a:	22e0      	movs	r2, #224	; 0xe0
10002d6c:	491d      	ldr	r1, [pc, #116]	; (10002de4 <clocks_init+0x2c8>)
10002d6e:	680b      	ldr	r3, [r1, #0]
10002d70:	401a      	ands	r2, r3
10002d72:	2380      	movs	r3, #128	; 0x80
10002d74:	015b      	lsls	r3, r3, #5
10002d76:	432b      	orrs	r3, r5
10002d78:	601a      	str	r2, [r3, #0]
10002d7a:	2380      	movs	r3, #128	; 0x80
10002d7c:	2280      	movs	r2, #128	; 0x80
10002d7e:	019b      	lsls	r3, r3, #6
10002d80:	432b      	orrs	r3, r5
10002d82:	0112      	lsls	r2, r2, #4
10002d84:	601a      	str	r2, [r3, #0]
10002d86:	2380      	movs	r3, #128	; 0x80
10002d88:	005b      	lsls	r3, r3, #1
10002d8a:	604b      	str	r3, [r1, #4]
10002d8c:	4b0e      	ldr	r3, [pc, #56]	; (10002dc8 <clocks_init+0x2ac>)
10002d8e:	61a3      	str	r3, [r4, #24]
10002d90:	e6da      	b.n	10002b48 <clocks_init+0x2c>
10002d92:	46c0      	nop			; (mov r8, r8)
10002d94:	20002134 	.word	0x20002134
10002d98:	02dc6c00 	.word	0x02dc6c00
10002d9c:	0000b71b 	.word	0x0000b71b
10002da0:	40008000 	.word	0x40008000
10002da4:	4000b03c 	.word	0x4000b03c
10002da8:	4000b030 	.word	0x4000b030
10002dac:	59682f00 	.word	0x59682f00
10002db0:	40028000 	.word	0x40028000
10002db4:	47868c00 	.word	0x47868c00
10002db8:	4002c000 	.word	0x4002c000
10002dbc:	40008030 	.word	0x40008030
10002dc0:	00b71b00 	.word	0x00b71b00
10002dc4:	4000803c 	.word	0x4000803c
10002dc8:	07735940 	.word	0x07735940
10002dcc:	40008054 	.word	0x40008054
10002dd0:	4000b054 	.word	0x4000b054
10002dd4:	40008060 	.word	0x40008060
10002dd8:	4000b060 	.word	0x4000b060
10002ddc:	4000806c 	.word	0x4000806c
10002de0:	4000b06c 	.word	0x4000b06c
10002de4:	40008048 	.word	0x40008048
10002de8:	4000b048 	.word	0x4000b048

10002dec <clock_get_hz>:
10002dec:	4b01      	ldr	r3, [pc, #4]	; (10002df4 <clock_get_hz+0x8>)
10002dee:	0080      	lsls	r0, r0, #2
10002df0:	58c0      	ldr	r0, [r0, r3]
10002df2:	4770      	bx	lr
10002df4:	20002134 	.word	0x20002134

10002df8 <pll_init>:
10002df8:	b5f8      	push	{r3, r4, r5, r6, r7, lr}
10002dfa:	0004      	movs	r4, r0
10002dfc:	4821      	ldr	r0, [pc, #132]	; (10002e84 <pll_init+0x8c>)
10002dfe:	001d      	movs	r5, r3
10002e00:	0017      	movs	r7, r2
10002e02:	000e      	movs	r6, r1
10002e04:	f001 fcaa 	bl	1000475c <__wrap___aeabi_uidiv>
10002e08:	0001      	movs	r1, r0
10002e0a:	0038      	movs	r0, r7
10002e0c:	f001 fca6 	bl	1000475c <__wrap___aeabi_uidiv>
10002e10:	9b06      	ldr	r3, [sp, #24]
10002e12:	0429      	lsls	r1, r5, #16
10002e14:	031b      	lsls	r3, r3, #12
10002e16:	4319      	orrs	r1, r3
10002e18:	6823      	ldr	r3, [r4, #0]
10002e1a:	2b00      	cmp	r3, #0
10002e1c:	db20      	blt.n	10002e60 <pll_init+0x68>
10002e1e:	4b1a      	ldr	r3, [pc, #104]	; (10002e88 <pll_init+0x90>)
10002e20:	4d1a      	ldr	r5, [pc, #104]	; (10002e8c <pll_init+0x94>)
10002e22:	18e2      	adds	r2, r4, r3
10002e24:	4253      	negs	r3, r2
10002e26:	415a      	adcs	r2, r3
10002e28:	2380      	movs	r3, #128	; 0x80
10002e2a:	015b      	lsls	r3, r3, #5
10002e2c:	469c      	mov	ip, r3
10002e2e:	0312      	lsls	r2, r2, #12
10002e30:	4b17      	ldr	r3, [pc, #92]	; (10002e90 <pll_init+0x98>)
10002e32:	4462      	add	r2, ip
10002e34:	601a      	str	r2, [r3, #0]
10002e36:	4b17      	ldr	r3, [pc, #92]	; (10002e94 <pll_init+0x9c>)
10002e38:	601a      	str	r2, [r3, #0]
10002e3a:	0017      	movs	r7, r2
10002e3c:	68ab      	ldr	r3, [r5, #8]
10002e3e:	439f      	bics	r7, r3
10002e40:	d1fb      	bne.n	10002e3a <pll_init+0x42>
10002e42:	22c0      	movs	r2, #192	; 0xc0
10002e44:	1d23      	adds	r3, r4, #4
10002e46:	0192      	lsls	r2, r2, #6
10002e48:	431a      	orrs	r2, r3
10002e4a:	2321      	movs	r3, #33	; 0x21
10002e4c:	6026      	str	r6, [r4, #0]
10002e4e:	60a0      	str	r0, [r4, #8]
10002e50:	6013      	str	r3, [r2, #0]
10002e52:	6823      	ldr	r3, [r4, #0]
10002e54:	2b00      	cmp	r3, #0
10002e56:	dafc      	bge.n	10002e52 <pll_init+0x5a>
10002e58:	2308      	movs	r3, #8
10002e5a:	60e1      	str	r1, [r4, #12]
10002e5c:	6013      	str	r3, [r2, #0]
10002e5e:	bdf8      	pop	{r3, r4, r5, r6, r7, pc}
10002e60:	233f      	movs	r3, #63	; 0x3f
10002e62:	6822      	ldr	r2, [r4, #0]
10002e64:	4013      	ands	r3, r2
10002e66:	42b3      	cmp	r3, r6
10002e68:	d1d9      	bne.n	10002e1e <pll_init+0x26>
10002e6a:	68a3      	ldr	r3, [r4, #8]
10002e6c:	051b      	lsls	r3, r3, #20
10002e6e:	0d1b      	lsrs	r3, r3, #20
10002e70:	4283      	cmp	r3, r0
10002e72:	d1d4      	bne.n	10002e1e <pll_init+0x26>
10002e74:	22ee      	movs	r2, #238	; 0xee
10002e76:	68e3      	ldr	r3, [r4, #12]
10002e78:	02d2      	lsls	r2, r2, #11
10002e7a:	4013      	ands	r3, r2
10002e7c:	428b      	cmp	r3, r1
10002e7e:	d1ce      	bne.n	10002e1e <pll_init+0x26>
10002e80:	e7ed      	b.n	10002e5e <pll_init+0x66>
10002e82:	46c0      	nop			; (mov r8, r8)
10002e84:	00b71b00 	.word	0x00b71b00
10002e88:	bffd4000 	.word	0xbffd4000
10002e8c:	4000c000 	.word	0x4000c000
10002e90:	4000e000 	.word	0x4000e000
10002e94:	4000f000 	.word	0x4000f000

10002e98 <watchdog_start_tick>:
10002e98:	2380      	movs	r3, #128	; 0x80
10002e9a:	4a02      	ldr	r2, [pc, #8]	; (10002ea4 <watchdog_start_tick+0xc>)
10002e9c:	009b      	lsls	r3, r3, #2
10002e9e:	4303      	orrs	r3, r0
10002ea0:	62d3      	str	r3, [r2, #44]	; 0x2c
10002ea2:	4770      	bx	lr
10002ea4:	40058000 	.word	0x40058000

10002ea8 <watchdog_reboot>:
10002ea8:	b510      	push	{r4, lr}
10002eaa:	0014      	movs	r4, r2
10002eac:	2280      	movs	r2, #128	; 0x80
10002eae:	4b1b      	ldr	r3, [pc, #108]	; (10002f1c <watchdog_reboot+0x74>)
10002eb0:	05d2      	lsls	r2, r2, #23
10002eb2:	601a      	str	r2, [r3, #0]
10002eb4:	2800      	cmp	r0, #0
10002eb6:	d01a      	beq.n	10002eee <watchdog_reboot+0x46>
10002eb8:	2301      	movs	r3, #1
10002eba:	4a19      	ldr	r2, [pc, #100]	; (10002f20 <watchdog_reboot+0x78>)
10002ebc:	4318      	orrs	r0, r3
10002ebe:	4b19      	ldr	r3, [pc, #100]	; (10002f24 <watchdog_reboot+0x7c>)
10002ec0:	61da      	str	r2, [r3, #28]
10002ec2:	4a19      	ldr	r2, [pc, #100]	; (10002f28 <watchdog_reboot+0x80>)
10002ec4:	4042      	eors	r2, r0
10002ec6:	621a      	str	r2, [r3, #32]
10002ec8:	6259      	str	r1, [r3, #36]	; 0x24
10002eca:	6298      	str	r0, [r3, #40]	; 0x28
10002ecc:	2280      	movs	r2, #128	; 0x80
10002ece:	4b13      	ldr	r3, [pc, #76]	; (10002f1c <watchdog_reboot+0x74>)
10002ed0:	05d2      	lsls	r2, r2, #23
10002ed2:	601a      	str	r2, [r3, #0]
10002ed4:	4915      	ldr	r1, [pc, #84]	; (10002f2c <watchdog_reboot+0x84>)
10002ed6:	4a16      	ldr	r2, [pc, #88]	; (10002f30 <watchdog_reboot+0x88>)
10002ed8:	6011      	str	r1, [r2, #0]
10002eda:	22e0      	movs	r2, #224	; 0xe0
10002edc:	04d2      	lsls	r2, r2, #19
10002ede:	601a      	str	r2, [r3, #0]
10002ee0:	2c00      	cmp	r4, #0
10002ee2:	d107      	bne.n	10002ef4 <watchdog_reboot+0x4c>
10002ee4:	2280      	movs	r2, #128	; 0x80
10002ee6:	4b13      	ldr	r3, [pc, #76]	; (10002f34 <watchdog_reboot+0x8c>)
10002ee8:	0612      	lsls	r2, r2, #24
10002eea:	601a      	str	r2, [r3, #0]
10002eec:	bd10      	pop	{r4, pc}
10002eee:	4b0d      	ldr	r3, [pc, #52]	; (10002f24 <watchdog_reboot+0x7c>)
10002ef0:	61d8      	str	r0, [r3, #28]
10002ef2:	e7eb      	b.n	10002ecc <watchdog_reboot+0x24>
10002ef4:	0163      	lsls	r3, r4, #5
10002ef6:	1b1b      	subs	r3, r3, r4
10002ef8:	009a      	lsls	r2, r3, #2
10002efa:	2380      	movs	r3, #128	; 0x80
10002efc:	1912      	adds	r2, r2, r4
10002efe:	0112      	lsls	r2, r2, #4
10002f00:	045b      	lsls	r3, r3, #17
10002f02:	429a      	cmp	r2, r3
10002f04:	d300      	bcc.n	10002f08 <watchdog_reboot+0x60>
10002f06:	4a0c      	ldr	r2, [pc, #48]	; (10002f38 <watchdog_reboot+0x90>)
10002f08:	4b0c      	ldr	r3, [pc, #48]	; (10002f3c <watchdog_reboot+0x94>)
10002f0a:	601a      	str	r2, [r3, #0]
10002f0c:	4b05      	ldr	r3, [pc, #20]	; (10002f24 <watchdog_reboot+0x7c>)
10002f0e:	605a      	str	r2, [r3, #4]
10002f10:	2280      	movs	r2, #128	; 0x80
10002f12:	4b08      	ldr	r3, [pc, #32]	; (10002f34 <watchdog_reboot+0x8c>)
10002f14:	05d2      	lsls	r2, r2, #23
10002f16:	601a      	str	r2, [r3, #0]
10002f18:	e7e8      	b.n	10002eec <watchdog_reboot+0x44>
10002f1a:	46c0      	nop			; (mov r8, r8)
10002f1c:	4005b000 	.word	0x4005b000
10002f20:	b007c0d3 	.word	0xb007c0d3
10002f24:	40058000 	.word	0x40058000
10002f28:	4ff83f2d 	.word	0x4ff83f2d
10002f2c:	0001fffc 	.word	0x0001fffc
10002f30:	40012008 	.word	0x40012008
10002f34:	4005a000 	.word	0x4005a000
10002f38:	00ffffff 	.word	0x00ffffff
10002f3c:	200025ec 	.word	0x200025ec

10002f40 <xosc_init>:
10002f40:	23aa      	movs	r3, #170	; 0xaa
10002f42:	4a06      	ldr	r2, [pc, #24]	; (10002f5c <xosc_init+0x1c>)
10002f44:	011b      	lsls	r3, r3, #4
10002f46:	6013      	str	r3, [r2, #0]
10002f48:	232f      	movs	r3, #47	; 0x2f
10002f4a:	4905      	ldr	r1, [pc, #20]	; (10002f60 <xosc_init+0x20>)
10002f4c:	60d3      	str	r3, [r2, #12]
10002f4e:	4b05      	ldr	r3, [pc, #20]	; (10002f64 <xosc_init+0x24>)
10002f50:	6019      	str	r1, [r3, #0]
10002f52:	6853      	ldr	r3, [r2, #4]
10002f54:	2b00      	cmp	r3, #0
10002f56:	dafc      	bge.n	10002f52 <xosc_init+0x12>
10002f58:	4770      	bx	lr
10002f5a:	46c0      	nop			; (mov r8, r8)
10002f5c:	40024000 	.word	0x40024000
10002f60:	00fab000 	.word	0x00fab000
10002f64:	40026000 	.word	0x40026000

10002f68 <runtime_init>:
10002f68:	4b2c      	ldr	r3, [pc, #176]	; (1000301c <runtime_init+0xb4>)
10002f6a:	4a2d      	ldr	r2, [pc, #180]	; (10003020 <runtime_init+0xb8>)
10002f6c:	b570      	push	{r4, r5, r6, lr}
10002f6e:	601a      	str	r2, [r3, #0]
10002f70:	4a2c      	ldr	r2, [pc, #176]	; (10003024 <runtime_init+0xbc>)
10002f72:	4b2d      	ldr	r3, [pc, #180]	; (10003028 <runtime_init+0xc0>)
10002f74:	492d      	ldr	r1, [pc, #180]	; (1000302c <runtime_init+0xc4>)
10002f76:	601a      	str	r2, [r3, #0]
10002f78:	0014      	movs	r4, r2
10002f7a:	688b      	ldr	r3, [r1, #8]
10002f7c:	439c      	bics	r4, r3
10002f7e:	d1fb      	bne.n	10002f78 <runtime_init+0x10>
10002f80:	4d2b      	ldr	r5, [pc, #172]	; (10003030 <runtime_init+0xc8>)
10002f82:	4e2c      	ldr	r6, [pc, #176]	; (10003034 <runtime_init+0xcc>)
10002f84:	42b5      	cmp	r5, r6
10002f86:	d208      	bcs.n	10002f9a <runtime_init+0x32>
10002f88:	3e01      	subs	r6, #1
10002f8a:	1b76      	subs	r6, r6, r5
10002f8c:	08b6      	lsrs	r6, r6, #2
10002f8e:	cd08      	ldmia	r5!, {r3}
10002f90:	4798      	blx	r3
10002f92:	0023      	movs	r3, r4
10002f94:	3401      	adds	r4, #1
10002f96:	42b3      	cmp	r3, r6
10002f98:	d1f9      	bne.n	10002f8e <runtime_init+0x26>
10002f9a:	f7ff fdbf 	bl	10002b1c <clocks_init>
10002f9e:	4a26      	ldr	r2, [pc, #152]	; (10003038 <runtime_init+0xd0>)
10002fa0:	4b21      	ldr	r3, [pc, #132]	; (10003028 <runtime_init+0xc0>)
10002fa2:	601a      	str	r2, [r3, #0]
10002fa4:	4a21      	ldr	r2, [pc, #132]	; (1000302c <runtime_init+0xc4>)
10002fa6:	6893      	ldr	r3, [r2, #8]
10002fa8:	43db      	mvns	r3, r3
10002faa:	01db      	lsls	r3, r3, #7
10002fac:	09dd      	lsrs	r5, r3, #7
10002fae:	2b00      	cmp	r3, #0
10002fb0:	d1f9      	bne.n	10002fa6 <runtime_init+0x3e>
10002fb2:	2240      	movs	r2, #64	; 0x40
10002fb4:	4b21      	ldr	r3, [pc, #132]	; (1000303c <runtime_init+0xd4>)
10002fb6:	4c22      	ldr	r4, [pc, #136]	; (10003040 <runtime_init+0xd8>)
10002fb8:	4e22      	ldr	r6, [pc, #136]	; (10003044 <runtime_init+0xdc>)
10002fba:	679a      	str	r2, [r3, #120]	; 0x78
10002fbc:	675a      	str	r2, [r3, #116]	; 0x74
10002fbe:	671a      	str	r2, [r3, #112]	; 0x70
10002fc0:	66da      	str	r2, [r3, #108]	; 0x6c
10002fc2:	42b4      	cmp	r4, r6
10002fc4:	d208      	bcs.n	10002fd8 <runtime_init+0x70>
10002fc6:	6823      	ldr	r3, [r4, #0]
10002fc8:	0020      	movs	r0, r4
10002fca:	2b00      	cmp	r3, #0
10002fcc:	d020      	beq.n	10003010 <runtime_init+0xa8>
10002fce:	3408      	adds	r4, #8
10002fd0:	f7fe fe4e 	bl	10001c70 <recursive_mutex_init>
10002fd4:	42b4      	cmp	r4, r6
10002fd6:	d3f6      	bcc.n	10002fc6 <runtime_init+0x5e>
10002fd8:	4e1b      	ldr	r6, [pc, #108]	; (10003048 <runtime_init+0xe0>)
10002fda:	4c1c      	ldr	r4, [pc, #112]	; (1000304c <runtime_init+0xe4>)
10002fdc:	22c0      	movs	r2, #192	; 0xc0
10002fde:	68a1      	ldr	r1, [r4, #8]
10002fe0:	0030      	movs	r0, r6
10002fe2:	f003 f907 	bl	100061f4 <__wrap___aeabi_memcpy>
10002fe6:	60a6      	str	r6, [r4, #8]
10002fe8:	f7fe fb54 	bl	10001694 <spin_locks_reset>
10002fec:	f7fe fe04 	bl	10001bf8 <irq_init_priorities>
10002ff0:	f7fe fff6 	bl	10001fe0 <alarm_pool_init_default>
10002ff4:	4c16      	ldr	r4, [pc, #88]	; (10003050 <runtime_init+0xe8>)
10002ff6:	4e17      	ldr	r6, [pc, #92]	; (10003054 <runtime_init+0xec>)
10002ff8:	42b4      	cmp	r4, r6
10002ffa:	d208      	bcs.n	1000300e <runtime_init+0xa6>
10002ffc:	3e01      	subs	r6, #1
10002ffe:	1b36      	subs	r6, r6, r4
10003000:	08b6      	lsrs	r6, r6, #2
10003002:	cc08      	ldmia	r4!, {r3}
10003004:	4798      	blx	r3
10003006:	002b      	movs	r3, r5
10003008:	3501      	adds	r5, #1
1000300a:	429e      	cmp	r6, r3
1000300c:	d1f9      	bne.n	10003002 <runtime_init+0x9a>
1000300e:	bd70      	pop	{r4, r5, r6, pc}
10003010:	3408      	adds	r4, #8
10003012:	f7fe fe1f 	bl	10001c54 <mutex_init>
10003016:	42b4      	cmp	r4, r6
10003018:	d3d5      	bcc.n	10002fc6 <runtime_init+0x5e>
1000301a:	e7dd      	b.n	10002fd8 <runtime_init+0x70>
1000301c:	4000e000 	.word	0x4000e000
10003020:	fefbcdbf 	.word	0xfefbcdbf
10003024:	003c7ffe 	.word	0x003c7ffe
10003028:	4000f000 	.word	0x4000f000
1000302c:	4000c000 	.word	0x4000c000
10003030:	20001838 	.word	0x20001838
10003034:	20001848 	.word	0x20001848
10003038:	01ffffff 	.word	0x01ffffff
1000303c:	4001f000 	.word	0x4001f000
10003040:	20001830 	.word	0x20001830
10003044:	20001838 	.word	0x20001838
10003048:	20000000 	.word	0x20000000
1000304c:	e000ed00 	.word	0xe000ed00
10003050:	20001848 	.word	0x20001848
10003054:	20001850 	.word	0x20001850

10003058 <_exit>:
10003058:	be00      	bkpt	0x0000
1000305a:	e7fd      	b.n	10003058 <_exit>

1000305c <_sbrk>:
1000305c:	4a09      	ldr	r2, [pc, #36]	; (10003084 <_sbrk+0x28>)
1000305e:	0003      	movs	r3, r0
10003060:	6810      	ldr	r0, [r2, #0]
10003062:	2800      	cmp	r0, #0
10003064:	d005      	beq.n	10003072 <_sbrk+0x16>
10003066:	4908      	ldr	r1, [pc, #32]	; (10003088 <_sbrk+0x2c>)
10003068:	18c3      	adds	r3, r0, r3
1000306a:	428b      	cmp	r3, r1
1000306c:	d807      	bhi.n	1000307e <_sbrk+0x22>
1000306e:	6013      	str	r3, [r2, #0]
10003070:	4770      	bx	lr
10003072:	4806      	ldr	r0, [pc, #24]	; (1000308c <_sbrk+0x30>)
10003074:	4904      	ldr	r1, [pc, #16]	; (10003088 <_sbrk+0x2c>)
10003076:	18c3      	adds	r3, r0, r3
10003078:	6010      	str	r0, [r2, #0]
1000307a:	428b      	cmp	r3, r1
1000307c:	d9f7      	bls.n	1000306e <_sbrk+0x12>
1000307e:	2001      	movs	r0, #1
10003080:	4240      	negs	r0, r0
10003082:	e7f5      	b.n	10003070 <_sbrk+0x14>
10003084:	200021e4 	.word	0x200021e4
10003088:	20040000 	.word	0x20040000
1000308c:	20002678 	.word	0x20002678

10003090 <exit>:
10003090:	b510      	push	{r4, lr}
10003092:	f7ff ffe1 	bl	10003058 <_exit>
10003096:	46c0      	nop			; (mov r8, r8)

10003098 <panic>:
10003098:	b40f      	push	{r0, r1, r2, r3}
1000309a:	b500      	push	{lr}
1000309c:	4808      	ldr	r0, [pc, #32]	; (100030c0 <panic+0x28>)
1000309e:	b083      	sub	sp, #12
100030a0:	f003 fa0c 	bl	100064bc <__wrap_puts>
100030a4:	9b04      	ldr	r3, [sp, #16]
100030a6:	2b00      	cmp	r3, #0
100030a8:	d007      	beq.n	100030ba <panic+0x22>
100030aa:	a905      	add	r1, sp, #20
100030ac:	0018      	movs	r0, r3
100030ae:	9101      	str	r1, [sp, #4]
100030b0:	f001 fada 	bl	10004668 <weak_raw_vprintf>
100030b4:	4803      	ldr	r0, [pc, #12]	; (100030c4 <panic+0x2c>)
100030b6:	f003 fa01 	bl	100064bc <__wrap_puts>
100030ba:	2001      	movs	r0, #1
100030bc:	f7ff ffcc 	bl	10003058 <_exit>
100030c0:	10009d6c 	.word	0x10009d6c
100030c4:	10009d7c 	.word	0x10009d7c

100030c8 <hard_assertion_failure>:
100030c8:	b510      	push	{r4, lr}
100030ca:	4801      	ldr	r0, [pc, #4]	; (100030d0 <hard_assertion_failure+0x8>)
100030cc:	f7ff ffe4 	bl	10003098 <panic>
100030d0:	10009d80 	.word	0x10009d80

100030d4 <_out_null>:
100030d4:	4770      	bx	lr
100030d6:	46c0      	nop			; (mov r8, r8)

100030d8 <_out_rev>:
100030d8:	b5f8      	push	{r3, r4, r5, r6, r7, lr}
100030da:	4657      	mov	r7, sl
100030dc:	464e      	mov	r6, r9
100030de:	4645      	mov	r5, r8
100030e0:	46de      	mov	lr, fp
100030e2:	b5e0      	push	{r5, r6, r7, lr}
100030e4:	4699      	mov	r9, r3
100030e6:	9b0a      	ldr	r3, [sp, #40]	; 0x28
100030e8:	0007      	movs	r7, r0
100030ea:	469a      	mov	sl, r3
100030ec:	9b0d      	ldr	r3, [sp, #52]	; 0x34
100030ee:	4688      	mov	r8, r1
100030f0:	4693      	mov	fp, r2
100030f2:	0015      	movs	r5, r2
100030f4:	9e0b      	ldr	r6, [sp, #44]	; 0x2c
100030f6:	079b      	lsls	r3, r3, #30
100030f8:	d110      	bne.n	1000311c <_out_rev+0x44>
100030fa:	9b0c      	ldr	r3, [sp, #48]	; 0x30
100030fc:	429e      	cmp	r6, r3
100030fe:	d20d      	bcs.n	1000311c <_out_rev+0x44>
10003100:	1b9d      	subs	r5, r3, r6
10003102:	0014      	movs	r4, r2
10003104:	000e      	movs	r6, r1
10003106:	445d      	add	r5, fp
10003108:	0022      	movs	r2, r4
1000310a:	464b      	mov	r3, r9
1000310c:	3401      	adds	r4, #1
1000310e:	0031      	movs	r1, r6
10003110:	2020      	movs	r0, #32
10003112:	47b8      	blx	r7
10003114:	42a5      	cmp	r5, r4
10003116:	d1f7      	bne.n	10003108 <_out_rev+0x30>
10003118:	46b0      	mov	r8, r6
1000311a:	9e0b      	ldr	r6, [sp, #44]	; 0x2c
1000311c:	2e00      	cmp	r6, #0
1000311e:	d027      	beq.n	10003170 <_out_rev+0x98>
10003120:	4644      	mov	r4, r8
10003122:	1975      	adds	r5, r6, r5
10003124:	4653      	mov	r3, sl
10003126:	1baa      	subs	r2, r5, r6
10003128:	3e01      	subs	r6, #1
1000312a:	5d98      	ldrb	r0, [r3, r6]
1000312c:	0021      	movs	r1, r4
1000312e:	464b      	mov	r3, r9
10003130:	47b8      	blx	r7
10003132:	2e00      	cmp	r6, #0
10003134:	d1f6      	bne.n	10003124 <_out_rev+0x4c>
10003136:	0023      	movs	r3, r4
10003138:	002c      	movs	r4, r5
1000313a:	4698      	mov	r8, r3
1000313c:	9b0d      	ldr	r3, [sp, #52]	; 0x34
1000313e:	079b      	lsls	r3, r3, #30
10003140:	d50f      	bpl.n	10003162 <_out_rev+0x8a>
10003142:	465b      	mov	r3, fp
10003144:	1ae5      	subs	r5, r4, r3
10003146:	9b0c      	ldr	r3, [sp, #48]	; 0x30
10003148:	42ab      	cmp	r3, r5
1000314a:	d90a      	bls.n	10003162 <_out_rev+0x8a>
1000314c:	4646      	mov	r6, r8
1000314e:	4698      	mov	r8, r3
10003150:	0022      	movs	r2, r4
10003152:	464b      	mov	r3, r9
10003154:	0031      	movs	r1, r6
10003156:	2020      	movs	r0, #32
10003158:	3501      	adds	r5, #1
1000315a:	47b8      	blx	r7
1000315c:	3401      	adds	r4, #1
1000315e:	45a8      	cmp	r8, r5
10003160:	d8f6      	bhi.n	10003150 <_out_rev+0x78>
10003162:	0020      	movs	r0, r4
10003164:	bcf0      	pop	{r4, r5, r6, r7}
10003166:	46bb      	mov	fp, r7
10003168:	46b2      	mov	sl, r6
1000316a:	46a9      	mov	r9, r5
1000316c:	46a0      	mov	r8, r4
1000316e:	bdf8      	pop	{r3, r4, r5, r6, r7, pc}
10003170:	002c      	movs	r4, r5
10003172:	e7e3      	b.n	1000313c <_out_rev+0x64>

10003174 <_ntoa_format>:
10003174:	b5f0      	push	{r4, r5, r6, r7, lr}
10003176:	464f      	mov	r7, r9
10003178:	4646      	mov	r6, r8
1000317a:	46d6      	mov	lr, sl
1000317c:	b5c0      	push	{r6, r7, lr}
1000317e:	b084      	sub	sp, #16
10003180:	4698      	mov	r8, r3
10003182:	ab0e      	add	r3, sp, #56	; 0x38
10003184:	781b      	ldrb	r3, [r3, #0]
10003186:	9f12      	ldr	r7, [sp, #72]	; 0x48
10003188:	4699      	mov	r9, r3
1000318a:	4694      	mov	ip, r2
1000318c:	9c0d      	ldr	r4, [sp, #52]	; 0x34
1000318e:	9b10      	ldr	r3, [sp, #64]	; 0x40
10003190:	9e11      	ldr	r6, [sp, #68]	; 0x44
10003192:	07ba      	lsls	r2, r7, #30
10003194:	d425      	bmi.n	100031e2 <_ntoa_format+0x6e>
10003196:	2e00      	cmp	r6, #0
10003198:	d14b      	bne.n	10003232 <_ntoa_format+0xbe>
1000319a:	429c      	cmp	r4, r3
1000319c:	d300      	bcc.n	100031a0 <_ntoa_format+0x2c>
1000319e:	e0bf      	b.n	10003320 <_ntoa_format+0x1ac>
100031a0:	2201      	movs	r2, #1
100031a2:	403a      	ands	r2, r7
100031a4:	4692      	mov	sl, r2
100031a6:	2c1f      	cmp	r4, #31
100031a8:	d900      	bls.n	100031ac <_ntoa_format+0x38>
100031aa:	e0b8      	b.n	1000331e <_ntoa_format+0x1aa>
100031ac:	9a0c      	ldr	r2, [sp, #48]	; 0x30
100031ae:	1e55      	subs	r5, r2, #1
100031b0:	2230      	movs	r2, #48	; 0x30
100031b2:	e001      	b.n	100031b8 <_ntoa_format+0x44>
100031b4:	2c20      	cmp	r4, #32
100031b6:	d003      	beq.n	100031c0 <_ntoa_format+0x4c>
100031b8:	3401      	adds	r4, #1
100031ba:	552a      	strb	r2, [r5, r4]
100031bc:	42a3      	cmp	r3, r4
100031be:	d8f9      	bhi.n	100031b4 <_ntoa_format+0x40>
100031c0:	4652      	mov	r2, sl
100031c2:	2a00      	cmp	r2, #0
100031c4:	d00d      	beq.n	100031e2 <_ntoa_format+0x6e>
100031c6:	42a6      	cmp	r6, r4
100031c8:	d90b      	bls.n	100031e2 <_ntoa_format+0x6e>
100031ca:	2c20      	cmp	r4, #32
100031cc:	d044      	beq.n	10003258 <_ntoa_format+0xe4>
100031ce:	9a0c      	ldr	r2, [sp, #48]	; 0x30
100031d0:	1e55      	subs	r5, r2, #1
100031d2:	2230      	movs	r2, #48	; 0x30
100031d4:	e001      	b.n	100031da <_ntoa_format+0x66>
100031d6:	2c20      	cmp	r4, #32
100031d8:	d03e      	beq.n	10003258 <_ntoa_format+0xe4>
100031da:	3401      	adds	r4, #1
100031dc:	552a      	strb	r2, [r5, r4]
100031de:	42b4      	cmp	r4, r6
100031e0:	d1f9      	bne.n	100031d6 <_ntoa_format+0x62>
100031e2:	06fa      	lsls	r2, r7, #27
100031e4:	d54d      	bpl.n	10003282 <_ntoa_format+0x10e>
100031e6:	057a      	lsls	r2, r7, #21
100031e8:	d43f      	bmi.n	1000326a <_ntoa_format+0xf6>
100031ea:	2c00      	cmp	r4, #0
100031ec:	d139      	bne.n	10003262 <_ntoa_format+0xee>
100031ee:	9b0f      	ldr	r3, [sp, #60]	; 0x3c
100031f0:	2b10      	cmp	r3, #16
100031f2:	d100      	bne.n	100031f6 <_ntoa_format+0x82>
100031f4:	e079      	b.n	100032ea <_ntoa_format+0x176>
100031f6:	9b0f      	ldr	r3, [sp, #60]	; 0x3c
100031f8:	2b02      	cmp	r3, #2
100031fa:	d100      	bne.n	100031fe <_ntoa_format+0x8a>
100031fc:	e08a      	b.n	10003314 <_ntoa_format+0x1a0>
100031fe:	2330      	movs	r3, #48	; 0x30
10003200:	9a0c      	ldr	r2, [sp, #48]	; 0x30
10003202:	2401      	movs	r4, #1
10003204:	7013      	strb	r3, [r2, #0]
10003206:	464b      	mov	r3, r9
10003208:	2b00      	cmp	r3, #0
1000320a:	d03f      	beq.n	1000328c <_ntoa_format+0x118>
1000320c:	232d      	movs	r3, #45	; 0x2d
1000320e:	9a0c      	ldr	r2, [sp, #48]	; 0x30
10003210:	5513      	strb	r3, [r2, r4]
10003212:	3401      	adds	r4, #1
10003214:	9b0c      	ldr	r3, [sp, #48]	; 0x30
10003216:	4662      	mov	r2, ip
10003218:	9300      	str	r3, [sp, #0]
1000321a:	9703      	str	r7, [sp, #12]
1000321c:	4643      	mov	r3, r8
1000321e:	9602      	str	r6, [sp, #8]
10003220:	9401      	str	r4, [sp, #4]
10003222:	f7ff ff59 	bl	100030d8 <_out_rev>
10003226:	b004      	add	sp, #16
10003228:	bce0      	pop	{r5, r6, r7}
1000322a:	46ba      	mov	sl, r7
1000322c:	46b1      	mov	r9, r6
1000322e:	46a8      	mov	r8, r5
10003230:	bdf0      	pop	{r4, r5, r6, r7, pc}
10003232:	2201      	movs	r2, #1
10003234:	0015      	movs	r5, r2
10003236:	403d      	ands	r5, r7
10003238:	46aa      	mov	sl, r5
1000323a:	423a      	tst	r2, r7
1000323c:	d02f      	beq.n	1000329e <_ntoa_format+0x12a>
1000323e:	464a      	mov	r2, r9
10003240:	2a00      	cmp	r2, #0
10003242:	d102      	bne.n	1000324a <_ntoa_format+0xd6>
10003244:	320c      	adds	r2, #12
10003246:	423a      	tst	r2, r7
10003248:	d000      	beq.n	1000324c <_ntoa_format+0xd8>
1000324a:	3e01      	subs	r6, #1
1000324c:	429c      	cmp	r4, r3
1000324e:	d2ba      	bcs.n	100031c6 <_ntoa_format+0x52>
10003250:	2c1f      	cmp	r4, #31
10003252:	d9ab      	bls.n	100031ac <_ntoa_format+0x38>
10003254:	2e20      	cmp	r6, #32
10003256:	d927      	bls.n	100032a8 <_ntoa_format+0x134>
10003258:	2420      	movs	r4, #32
1000325a:	06fa      	lsls	r2, r7, #27
1000325c:	d5da      	bpl.n	10003214 <_ntoa_format+0xa0>
1000325e:	057a      	lsls	r2, r7, #21
10003260:	d403      	bmi.n	1000326a <_ntoa_format+0xf6>
10003262:	42a3      	cmp	r3, r4
10003264:	d02d      	beq.n	100032c2 <_ntoa_format+0x14e>
10003266:	42a6      	cmp	r6, r4
10003268:	d02b      	beq.n	100032c2 <_ntoa_format+0x14e>
1000326a:	9b0f      	ldr	r3, [sp, #60]	; 0x3c
1000326c:	2b10      	cmp	r3, #16
1000326e:	d032      	beq.n	100032d6 <_ntoa_format+0x162>
10003270:	2b02      	cmp	r3, #2
10003272:	d020      	beq.n	100032b6 <_ntoa_format+0x142>
10003274:	2c20      	cmp	r4, #32
10003276:	d0cd      	beq.n	10003214 <_ntoa_format+0xa0>
10003278:	2230      	movs	r2, #48	; 0x30
1000327a:	9b0c      	ldr	r3, [sp, #48]	; 0x30
1000327c:	191b      	adds	r3, r3, r4
1000327e:	701a      	strb	r2, [r3, #0]
10003280:	3401      	adds	r4, #1
10003282:	2c20      	cmp	r4, #32
10003284:	d0c6      	beq.n	10003214 <_ntoa_format+0xa0>
10003286:	464b      	mov	r3, r9
10003288:	2b00      	cmp	r3, #0
1000328a:	d1bf      	bne.n	1000320c <_ntoa_format+0x98>
1000328c:	077b      	lsls	r3, r7, #29
1000328e:	d40d      	bmi.n	100032ac <_ntoa_format+0x138>
10003290:	073b      	lsls	r3, r7, #28
10003292:	d5bf      	bpl.n	10003214 <_ntoa_format+0xa0>
10003294:	2320      	movs	r3, #32
10003296:	9a0c      	ldr	r2, [sp, #48]	; 0x30
10003298:	5513      	strb	r3, [r2, r4]
1000329a:	3401      	adds	r4, #1
1000329c:	e7ba      	b.n	10003214 <_ntoa_format+0xa0>
1000329e:	429c      	cmp	r4, r3
100032a0:	d29f      	bcs.n	100031e2 <_ntoa_format+0x6e>
100032a2:	2c1f      	cmp	r4, #31
100032a4:	d800      	bhi.n	100032a8 <_ntoa_format+0x134>
100032a6:	e781      	b.n	100031ac <_ntoa_format+0x38>
100032a8:	2420      	movs	r4, #32
100032aa:	e79a      	b.n	100031e2 <_ntoa_format+0x6e>
100032ac:	232b      	movs	r3, #43	; 0x2b
100032ae:	9a0c      	ldr	r2, [sp, #48]	; 0x30
100032b0:	5513      	strb	r3, [r2, r4]
100032b2:	3401      	adds	r4, #1
100032b4:	e7ae      	b.n	10003214 <_ntoa_format+0xa0>
100032b6:	2c20      	cmp	r4, #32
100032b8:	d0ac      	beq.n	10003214 <_ntoa_format+0xa0>
100032ba:	9b0c      	ldr	r3, [sp, #48]	; 0x30
100032bc:	191b      	adds	r3, r3, r4
100032be:	3401      	adds	r4, #1
100032c0:	e03a      	b.n	10003338 <_ntoa_format+0x1c4>
100032c2:	1e63      	subs	r3, r4, #1
100032c4:	2c01      	cmp	r4, #1
100032c6:	d092      	beq.n	100031ee <_ntoa_format+0x7a>
100032c8:	9a0f      	ldr	r2, [sp, #60]	; 0x3c
100032ca:	2a10      	cmp	r2, #16
100032cc:	d02a      	beq.n	10003324 <_ntoa_format+0x1b0>
100032ce:	2a02      	cmp	r2, #2
100032d0:	d02f      	beq.n	10003332 <_ntoa_format+0x1be>
100032d2:	001c      	movs	r4, r3
100032d4:	e7d0      	b.n	10003278 <_ntoa_format+0x104>
100032d6:	06bb      	lsls	r3, r7, #26
100032d8:	d40e      	bmi.n	100032f8 <_ntoa_format+0x184>
100032da:	2c20      	cmp	r4, #32
100032dc:	d09a      	beq.n	10003214 <_ntoa_format+0xa0>
100032de:	9b0c      	ldr	r3, [sp, #48]	; 0x30
100032e0:	191a      	adds	r2, r3, r4
100032e2:	3401      	adds	r4, #1
100032e4:	2378      	movs	r3, #120	; 0x78
100032e6:	7013      	strb	r3, [r2, #0]
100032e8:	e7c4      	b.n	10003274 <_ntoa_format+0x100>
100032ea:	06bb      	lsls	r3, r7, #26
100032ec:	d40d      	bmi.n	1000330a <_ntoa_format+0x196>
100032ee:	2378      	movs	r3, #120	; 0x78
100032f0:	9a0c      	ldr	r2, [sp, #48]	; 0x30
100032f2:	2401      	movs	r4, #1
100032f4:	7013      	strb	r3, [r2, #0]
100032f6:	e7bf      	b.n	10003278 <_ntoa_format+0x104>
100032f8:	2c20      	cmp	r4, #32
100032fa:	d100      	bne.n	100032fe <_ntoa_format+0x18a>
100032fc:	e78a      	b.n	10003214 <_ntoa_format+0xa0>
100032fe:	2258      	movs	r2, #88	; 0x58
10003300:	9b0c      	ldr	r3, [sp, #48]	; 0x30
10003302:	191b      	adds	r3, r3, r4
10003304:	701a      	strb	r2, [r3, #0]
10003306:	3401      	adds	r4, #1
10003308:	e7b4      	b.n	10003274 <_ntoa_format+0x100>
1000330a:	2358      	movs	r3, #88	; 0x58
1000330c:	9a0c      	ldr	r2, [sp, #48]	; 0x30
1000330e:	2401      	movs	r4, #1
10003310:	7013      	strb	r3, [r2, #0]
10003312:	e7b1      	b.n	10003278 <_ntoa_format+0x104>
10003314:	9a0c      	ldr	r2, [sp, #48]	; 0x30
10003316:	3360      	adds	r3, #96	; 0x60
10003318:	2401      	movs	r4, #1
1000331a:	7013      	strb	r3, [r2, #0]
1000331c:	e7ac      	b.n	10003278 <_ntoa_format+0x104>
1000331e:	2420      	movs	r4, #32
10003320:	2600      	movs	r6, #0
10003322:	e75e      	b.n	100031e2 <_ntoa_format+0x6e>
10003324:	3c02      	subs	r4, #2
10003326:	06ba      	lsls	r2, r7, #26
10003328:	d4e9      	bmi.n	100032fe <_ntoa_format+0x18a>
1000332a:	9a0c      	ldr	r2, [sp, #48]	; 0x30
1000332c:	1912      	adds	r2, r2, r4
1000332e:	001c      	movs	r4, r3
10003330:	e7d8      	b.n	100032e4 <_ntoa_format+0x170>
10003332:	9a0c      	ldr	r2, [sp, #48]	; 0x30
10003334:	4692      	mov	sl, r2
10003336:	4453      	add	r3, sl
10003338:	2262      	movs	r2, #98	; 0x62
1000333a:	701a      	strb	r2, [r3, #0]
1000333c:	e79a      	b.n	10003274 <_ntoa_format+0x100>
1000333e:	46c0      	nop			; (mov r8, r8)

10003340 <_out_char>:
10003340:	b510      	push	{r4, lr}
10003342:	2800      	cmp	r0, #0
10003344:	d100      	bne.n	10003348 <_out_char+0x8>
10003346:	bd10      	pop	{r4, pc}
10003348:	f003 f86c 	bl	10006424 <__wrap_putchar>
1000334c:	e7fb      	b.n	10003346 <_out_char+0x6>
1000334e:	46c0      	nop			; (mov r8, r8)

10003350 <_out_fct>:
10003350:	000b      	movs	r3, r1
10003352:	b510      	push	{r4, lr}
10003354:	2800      	cmp	r0, #0
10003356:	d002      	beq.n	1000335e <_out_fct+0xe>
10003358:	6849      	ldr	r1, [r1, #4]
1000335a:	681b      	ldr	r3, [r3, #0]
1000335c:	4798      	blx	r3
1000335e:	bd10      	pop	{r4, pc}

10003360 <_etoa>:
10003360:	b5f0      	push	{r4, r5, r6, r7, lr}
10003362:	46de      	mov	lr, fp
10003364:	4657      	mov	r7, sl
10003366:	464e      	mov	r6, r9
10003368:	4645      	mov	r5, r8
1000336a:	b5e0      	push	{r5, r6, r7, lr}
1000336c:	b09b      	sub	sp, #108	; 0x6c
1000336e:	469b      	mov	fp, r3
10003370:	9b24      	ldr	r3, [sp, #144]	; 0x90
10003372:	4689      	mov	r9, r1
10003374:	4698      	mov	r8, r3
10003376:	9b25      	ldr	r3, [sp, #148]	; 0x94
10003378:	900b      	str	r0, [sp, #44]	; 0x2c
1000337a:	920c      	str	r2, [sp, #48]	; 0x30
1000337c:	4640      	mov	r0, r8
1000337e:	4642      	mov	r2, r8
10003380:	0019      	movs	r1, r3
10003382:	469a      	mov	sl, r3
10003384:	f001 fcbf 	bl	10004d06 <__wrap___aeabi_dcmpun>
10003388:	2800      	cmp	r0, #0
1000338a:	d000      	beq.n	1000338e <_etoa+0x2e>
1000338c:	e0d8      	b.n	10003540 <_etoa+0x1e0>
1000338e:	2201      	movs	r2, #1
10003390:	4640      	mov	r0, r8
10003392:	4651      	mov	r1, sl
10003394:	4b77      	ldr	r3, [pc, #476]	; (10003574 <_etoa+0x214>)
10003396:	4252      	negs	r2, r2
10003398:	f001 fcb0 	bl	10004cfc <__wrap___aeabi_dcmpgt>
1000339c:	2800      	cmp	r0, #0
1000339e:	d000      	beq.n	100033a2 <_etoa+0x42>
100033a0:	e0ce      	b.n	10003540 <_etoa+0x1e0>
100033a2:	2201      	movs	r2, #1
100033a4:	4640      	mov	r0, r8
100033a6:	4651      	mov	r1, sl
100033a8:	4b73      	ldr	r3, [pc, #460]	; (10003578 <_etoa+0x218>)
100033aa:	4252      	negs	r2, r2
100033ac:	f001 fc90 	bl	10004cd0 <__wrap___aeabi_dcmplt>
100033b0:	2800      	cmp	r0, #0
100033b2:	d000      	beq.n	100033b6 <_etoa+0x56>
100033b4:	e0c4      	b.n	10003540 <_etoa+0x1e0>
100033b6:	2200      	movs	r2, #0
100033b8:	2300      	movs	r3, #0
100033ba:	4640      	mov	r0, r8
100033bc:	4651      	mov	r1, sl
100033be:	f001 fc87 	bl	10004cd0 <__wrap___aeabi_dcmplt>
100033c2:	2800      	cmp	r0, #0
100033c4:	d000      	beq.n	100033c8 <_etoa+0x68>
100033c6:	e1b9      	b.n	1000373c <_etoa+0x3dc>
100033c8:	4642      	mov	r2, r8
100033ca:	4653      	mov	r3, sl
100033cc:	920a      	str	r2, [sp, #40]	; 0x28
100033ce:	9309      	str	r3, [sp, #36]	; 0x24
100033d0:	2380      	movs	r3, #128	; 0x80
100033d2:	9a28      	ldr	r2, [sp, #160]	; 0xa0
100033d4:	00db      	lsls	r3, r3, #3
100033d6:	401a      	ands	r2, r3
100033d8:	920e      	str	r2, [sp, #56]	; 0x38
100033da:	9a28      	ldr	r2, [sp, #160]	; 0xa0
100033dc:	421a      	tst	r2, r3
100033de:	d101      	bne.n	100033e4 <_etoa+0x84>
100033e0:	2306      	movs	r3, #6
100033e2:	9326      	str	r3, [sp, #152]	; 0x98
100033e4:	9a0a      	ldr	r2, [sp, #40]	; 0x28
100033e6:	9b09      	ldr	r3, [sp, #36]	; 0x24
100033e8:	0016      	movs	r6, r2
100033ea:	4313      	orrs	r3, r2
100033ec:	d000      	beq.n	100033f0 <_etoa+0x90>
100033ee:	e0c7      	b.n	10003580 <_etoa+0x220>
100033f0:	9b28      	ldr	r3, [sp, #160]	; 0xa0
100033f2:	2500      	movs	r5, #0
100033f4:	2600      	movs	r6, #0
100033f6:	051b      	lsls	r3, r3, #20
100033f8:	d400      	bmi.n	100033fc <_etoa+0x9c>
100033fa:	e19b      	b.n	10003734 <_etoa+0x3d4>
100033fc:	2300      	movs	r3, #0
100033fe:	930d      	str	r3, [sp, #52]	; 0x34
10003400:	9a26      	ldr	r2, [sp, #152]	; 0x98
10003402:	9b0d      	ldr	r3, [sp, #52]	; 0x34
10003404:	429a      	cmp	r2, r3
10003406:	dc00      	bgt.n	1000340a <_etoa+0xaa>
10003408:	e19f      	b.n	1000374a <_etoa+0x3ea>
1000340a:	1ad0      	subs	r0, r2, r3
1000340c:	1e43      	subs	r3, r0, #1
1000340e:	9326      	str	r3, [sp, #152]	; 0x98
10003410:	2380      	movs	r3, #128	; 0x80
10003412:	9a28      	ldr	r2, [sp, #160]	; 0xa0
10003414:	00db      	lsls	r3, r3, #3
10003416:	431a      	orrs	r2, r3
10003418:	2300      	movs	r3, #0
1000341a:	2700      	movs	r7, #0
1000341c:	9228      	str	r2, [sp, #160]	; 0xa0
1000341e:	930d      	str	r3, [sp, #52]	; 0x34
10003420:	9b27      	ldr	r3, [sp, #156]	; 0x9c
10003422:	2400      	movs	r4, #0
10003424:	42bb      	cmp	r3, r7
10003426:	d900      	bls.n	1000342a <_etoa+0xca>
10003428:	1bdc      	subs	r4, r3, r7
1000342a:	2302      	movs	r3, #2
1000342c:	9a28      	ldr	r2, [sp, #160]	; 0xa0
1000342e:	401a      	ands	r2, r3
10003430:	920e      	str	r2, [sp, #56]	; 0x38
10003432:	9a28      	ldr	r2, [sp, #160]	; 0xa0
10003434:	4213      	tst	r3, r2
10003436:	d003      	beq.n	10003440 <_etoa+0xe0>
10003438:	427b      	negs	r3, r7
1000343a:	417b      	adcs	r3, r7
1000343c:	425b      	negs	r3, r3
1000343e:	401c      	ands	r4, r3
10003440:	9b0d      	ldr	r3, [sp, #52]	; 0x34
10003442:	2b00      	cmp	r3, #0
10003444:	d007      	beq.n	10003456 <_etoa+0xf6>
10003446:	980a      	ldr	r0, [sp, #40]	; 0x28
10003448:	9909      	ldr	r1, [sp, #36]	; 0x24
1000344a:	002a      	movs	r2, r5
1000344c:	0033      	movs	r3, r6
1000344e:	f001 fbde 	bl	10004c0e <__wrap___aeabi_ddiv>
10003452:	900a      	str	r0, [sp, #40]	; 0x28
10003454:	9109      	str	r1, [sp, #36]	; 0x24
10003456:	2200      	movs	r2, #0
10003458:	2300      	movs	r3, #0
1000345a:	4640      	mov	r0, r8
1000345c:	4651      	mov	r1, sl
1000345e:	f001 fc37 	bl	10004cd0 <__wrap___aeabi_dcmplt>
10003462:	2800      	cmp	r0, #0
10003464:	d005      	beq.n	10003472 <_etoa+0x112>
10003466:	2080      	movs	r0, #128	; 0x80
10003468:	0600      	lsls	r0, r0, #24
1000346a:	4684      	mov	ip, r0
1000346c:	9909      	ldr	r1, [sp, #36]	; 0x24
1000346e:	4461      	add	r1, ip
10003470:	9109      	str	r1, [sp, #36]	; 0x24
10003472:	9a28      	ldr	r2, [sp, #160]	; 0xa0
10003474:	4b41      	ldr	r3, [pc, #260]	; (1000357c <_etoa+0x21c>)
10003476:	9d0b      	ldr	r5, [sp, #44]	; 0x2c
10003478:	4013      	ands	r3, r2
1000347a:	9304      	str	r3, [sp, #16]
1000347c:	9b26      	ldr	r3, [sp, #152]	; 0x98
1000347e:	9a0a      	ldr	r2, [sp, #40]	; 0x28
10003480:	9302      	str	r3, [sp, #8]
10003482:	9b09      	ldr	r3, [sp, #36]	; 0x24
10003484:	9403      	str	r4, [sp, #12]
10003486:	9200      	str	r2, [sp, #0]
10003488:	9301      	str	r3, [sp, #4]
1000348a:	4649      	mov	r1, r9
1000348c:	465b      	mov	r3, fp
1000348e:	0028      	movs	r0, r5
10003490:	9a0c      	ldr	r2, [sp, #48]	; 0x30
10003492:	f000 f98b 	bl	100037ac <_ftoa>
10003496:	0004      	movs	r4, r0
10003498:	2f00      	cmp	r7, #0
1000349a:	d062      	beq.n	10003562 <_etoa+0x202>
1000349c:	9b28      	ldr	r3, [sp, #160]	; 0xa0
1000349e:	0022      	movs	r2, r4
100034a0:	0698      	lsls	r0, r3, #26
100034a2:	231f      	movs	r3, #31
100034a4:	17c0      	asrs	r0, r0, #31
100034a6:	4398      	bics	r0, r3
100034a8:	1c63      	adds	r3, r4, #1
100034aa:	4698      	mov	r8, r3
100034ac:	4649      	mov	r1, r9
100034ae:	465b      	mov	r3, fp
100034b0:	3065      	adds	r0, #101	; 0x65
100034b2:	47a8      	blx	r5
100034b4:	9b0d      	ldr	r3, [sp, #52]	; 0x34
100034b6:	2500      	movs	r5, #0
100034b8:	17da      	asrs	r2, r3, #31
100034ba:	189c      	adds	r4, r3, r2
100034bc:	0fdb      	lsrs	r3, r3, #31
100034be:	469a      	mov	sl, r3
100034c0:	4054      	eors	r4, r2
100034c2:	3f01      	subs	r7, #1
100034c4:	e001      	b.n	100034ca <_etoa+0x16a>
100034c6:	2d20      	cmp	r5, #32
100034c8:	d013      	beq.n	100034f2 <_etoa+0x192>
100034ca:	aa0a      	add	r2, sp, #40	; 0x28
100034cc:	4694      	mov	ip, r2
100034ce:	231f      	movs	r3, #31
100034d0:	0020      	movs	r0, r4
100034d2:	4463      	add	r3, ip
100034d4:	210a      	movs	r1, #10
100034d6:	3501      	adds	r5, #1
100034d8:	195e      	adds	r6, r3, r5
100034da:	f001 f93f 	bl	1000475c <__wrap___aeabi_uidiv>
100034de:	3130      	adds	r1, #48	; 0x30
100034e0:	7031      	strb	r1, [r6, #0]
100034e2:	0020      	movs	r0, r4
100034e4:	210a      	movs	r1, #10
100034e6:	f001 f939 	bl	1000475c <__wrap___aeabi_uidiv>
100034ea:	0026      	movs	r6, r4
100034ec:	0004      	movs	r4, r0
100034ee:	2e09      	cmp	r6, #9
100034f0:	d8e9      	bhi.n	100034c6 <_etoa+0x166>
100034f2:	2305      	movs	r3, #5
100034f4:	9306      	str	r3, [sp, #24]
100034f6:	2300      	movs	r3, #0
100034f8:	9304      	str	r3, [sp, #16]
100034fa:	330a      	adds	r3, #10
100034fc:	9303      	str	r3, [sp, #12]
100034fe:	4653      	mov	r3, sl
10003500:	9705      	str	r7, [sp, #20]
10003502:	9f0b      	ldr	r7, [sp, #44]	; 0x2c
10003504:	9302      	str	r3, [sp, #8]
10003506:	ab12      	add	r3, sp, #72	; 0x48
10003508:	9300      	str	r3, [sp, #0]
1000350a:	4642      	mov	r2, r8
1000350c:	465b      	mov	r3, fp
1000350e:	4649      	mov	r1, r9
10003510:	0038      	movs	r0, r7
10003512:	9501      	str	r5, [sp, #4]
10003514:	f7ff fe2e 	bl	10003174 <_ntoa_format>
10003518:	9b0e      	ldr	r3, [sp, #56]	; 0x38
1000351a:	0004      	movs	r4, r0
1000351c:	2b00      	cmp	r3, #0
1000351e:	d020      	beq.n	10003562 <_etoa+0x202>
10003520:	9b0c      	ldr	r3, [sp, #48]	; 0x30
10003522:	1ac5      	subs	r5, r0, r3
10003524:	9b27      	ldr	r3, [sp, #156]	; 0x9c
10003526:	42ab      	cmp	r3, r5
10003528:	d91b      	bls.n	10003562 <_etoa+0x202>
1000352a:	001e      	movs	r6, r3
1000352c:	0022      	movs	r2, r4
1000352e:	465b      	mov	r3, fp
10003530:	4649      	mov	r1, r9
10003532:	2020      	movs	r0, #32
10003534:	3501      	adds	r5, #1
10003536:	47b8      	blx	r7
10003538:	3401      	adds	r4, #1
1000353a:	42ae      	cmp	r6, r5
1000353c:	d8f6      	bhi.n	1000352c <_etoa+0x1cc>
1000353e:	e010      	b.n	10003562 <_etoa+0x202>
10003540:	9b28      	ldr	r3, [sp, #160]	; 0xa0
10003542:	4642      	mov	r2, r8
10003544:	9304      	str	r3, [sp, #16]
10003546:	9b27      	ldr	r3, [sp, #156]	; 0x9c
10003548:	4649      	mov	r1, r9
1000354a:	9303      	str	r3, [sp, #12]
1000354c:	9b26      	ldr	r3, [sp, #152]	; 0x98
1000354e:	980b      	ldr	r0, [sp, #44]	; 0x2c
10003550:	9302      	str	r3, [sp, #8]
10003552:	4653      	mov	r3, sl
10003554:	9200      	str	r2, [sp, #0]
10003556:	9301      	str	r3, [sp, #4]
10003558:	465b      	mov	r3, fp
1000355a:	9a0c      	ldr	r2, [sp, #48]	; 0x30
1000355c:	f000 f926 	bl	100037ac <_ftoa>
10003560:	0004      	movs	r4, r0
10003562:	0020      	movs	r0, r4
10003564:	b01b      	add	sp, #108	; 0x6c
10003566:	bcf0      	pop	{r4, r5, r6, r7}
10003568:	46bb      	mov	fp, r7
1000356a:	46b2      	mov	sl, r6
1000356c:	46a9      	mov	r9, r5
1000356e:	46a0      	mov	r8, r4
10003570:	bdf0      	pop	{r4, r5, r6, r7, pc}
10003572:	46c0      	nop			; (mov r8, r8)
10003574:	7fefffff 	.word	0x7fefffff
10003578:	ffefffff 	.word	0xffefffff
1000357c:	fffff7ff 	.word	0xfffff7ff
10003580:	4b73      	ldr	r3, [pc, #460]	; (10003750 <_etoa+0x3f0>)
10003582:	9f09      	ldr	r7, [sp, #36]	; 0x24
10003584:	469c      	mov	ip, r3
10003586:	0078      	lsls	r0, r7, #1
10003588:	0d40      	lsrs	r0, r0, #21
1000358a:	4460      	add	r0, ip
1000358c:	f001 fbce 	bl	10004d2c <__wrap___aeabi_i2d>
10003590:	4a70      	ldr	r2, [pc, #448]	; (10003754 <_etoa+0x3f4>)
10003592:	4b71      	ldr	r3, [pc, #452]	; (10003758 <_etoa+0x3f8>)
10003594:	f001 fb59 	bl	10004c4a <__wrap___aeabi_dmul>
10003598:	4a70      	ldr	r2, [pc, #448]	; (1000375c <_etoa+0x3fc>)
1000359a:	4b71      	ldr	r3, [pc, #452]	; (10003760 <_etoa+0x400>)
1000359c:	f001 fb2e 	bl	10004bfc <__wrap___aeabi_dadd>
100035a0:	033b      	lsls	r3, r7, #12
100035a2:	4a70      	ldr	r2, [pc, #448]	; (10003764 <_etoa+0x404>)
100035a4:	0b1b      	lsrs	r3, r3, #12
100035a6:	431a      	orrs	r2, r3
100035a8:	0004      	movs	r4, r0
100035aa:	000d      	movs	r5, r1
100035ac:	0030      	movs	r0, r6
100035ae:	0011      	movs	r1, r2
100035b0:	4b6d      	ldr	r3, [pc, #436]	; (10003768 <_etoa+0x408>)
100035b2:	2200      	movs	r2, #0
100035b4:	f001 fb19 	bl	10004bea <__wrap___aeabi_dsub>
100035b8:	4a6c      	ldr	r2, [pc, #432]	; (1000376c <_etoa+0x40c>)
100035ba:	4b6d      	ldr	r3, [pc, #436]	; (10003770 <_etoa+0x410>)
100035bc:	f001 fb45 	bl	10004c4a <__wrap___aeabi_dmul>
100035c0:	0002      	movs	r2, r0
100035c2:	000b      	movs	r3, r1
100035c4:	0020      	movs	r0, r4
100035c6:	0029      	movs	r1, r5
100035c8:	f001 fb18 	bl	10004bfc <__wrap___aeabi_dadd>
100035cc:	f001 fbc6 	bl	10004d5c <__wrap___aeabi_d2iz>
100035d0:	900d      	str	r0, [sp, #52]	; 0x34
100035d2:	f001 fbab 	bl	10004d2c <__wrap___aeabi_i2d>
100035d6:	4a67      	ldr	r2, [pc, #412]	; (10003774 <_etoa+0x414>)
100035d8:	4b67      	ldr	r3, [pc, #412]	; (10003778 <_etoa+0x418>)
100035da:	0004      	movs	r4, r0
100035dc:	000d      	movs	r5, r1
100035de:	f001 fb34 	bl	10004c4a <__wrap___aeabi_dmul>
100035e2:	2200      	movs	r2, #0
100035e4:	4b65      	ldr	r3, [pc, #404]	; (1000377c <_etoa+0x41c>)
100035e6:	f001 fb09 	bl	10004bfc <__wrap___aeabi_dadd>
100035ea:	f001 fbb7 	bl	10004d5c <__wrap___aeabi_d2iz>
100035ee:	4a64      	ldr	r2, [pc, #400]	; (10003780 <_etoa+0x420>)
100035f0:	0006      	movs	r6, r0
100035f2:	4b64      	ldr	r3, [pc, #400]	; (10003784 <_etoa+0x424>)
100035f4:	0020      	movs	r0, r4
100035f6:	0029      	movs	r1, r5
100035f8:	f001 fb27 	bl	10004c4a <__wrap___aeabi_dmul>
100035fc:	0004      	movs	r4, r0
100035fe:	0030      	movs	r0, r6
10003600:	000d      	movs	r5, r1
10003602:	960f      	str	r6, [sp, #60]	; 0x3c
10003604:	f001 fb92 	bl	10004d2c <__wrap___aeabi_i2d>
10003608:	4a5f      	ldr	r2, [pc, #380]	; (10003788 <_etoa+0x428>)
1000360a:	4b60      	ldr	r3, [pc, #384]	; (1000378c <_etoa+0x42c>)
1000360c:	f001 fb1d 	bl	10004c4a <__wrap___aeabi_dmul>
10003610:	0002      	movs	r2, r0
10003612:	000b      	movs	r3, r1
10003614:	0020      	movs	r0, r4
10003616:	0029      	movs	r1, r5
10003618:	f001 fae7 	bl	10004bea <__wrap___aeabi_dsub>
1000361c:	0002      	movs	r2, r0
1000361e:	000b      	movs	r3, r1
10003620:	0006      	movs	r6, r0
10003622:	000f      	movs	r7, r1
10003624:	f001 fb11 	bl	10004c4a <__wrap___aeabi_dmul>
10003628:	0032      	movs	r2, r6
1000362a:	0004      	movs	r4, r0
1000362c:	000d      	movs	r5, r1
1000362e:	003b      	movs	r3, r7
10003630:	0030      	movs	r0, r6
10003632:	0039      	movs	r1, r7
10003634:	f001 fae2 	bl	10004bfc <__wrap___aeabi_dadd>
10003638:	2200      	movs	r2, #0
1000363a:	9010      	str	r0, [sp, #64]	; 0x40
1000363c:	9111      	str	r1, [sp, #68]	; 0x44
1000363e:	4b54      	ldr	r3, [pc, #336]	; (10003790 <_etoa+0x430>)
10003640:	0020      	movs	r0, r4
10003642:	0029      	movs	r1, r5
10003644:	f001 fae3 	bl	10004c0e <__wrap___aeabi_ddiv>
10003648:	2200      	movs	r2, #0
1000364a:	4b52      	ldr	r3, [pc, #328]	; (10003794 <_etoa+0x434>)
1000364c:	f001 fad6 	bl	10004bfc <__wrap___aeabi_dadd>
10003650:	0002      	movs	r2, r0
10003652:	000b      	movs	r3, r1
10003654:	0020      	movs	r0, r4
10003656:	0029      	movs	r1, r5
10003658:	f001 fad9 	bl	10004c0e <__wrap___aeabi_ddiv>
1000365c:	2200      	movs	r2, #0
1000365e:	4b4e      	ldr	r3, [pc, #312]	; (10003798 <_etoa+0x438>)
10003660:	f001 facc 	bl	10004bfc <__wrap___aeabi_dadd>
10003664:	0002      	movs	r2, r0
10003666:	000b      	movs	r3, r1
10003668:	0020      	movs	r0, r4
1000366a:	0029      	movs	r1, r5
1000366c:	f001 facf 	bl	10004c0e <__wrap___aeabi_ddiv>
10003670:	000d      	movs	r5, r1
10003672:	2180      	movs	r1, #128	; 0x80
10003674:	0004      	movs	r4, r0
10003676:	0032      	movs	r2, r6
10003678:	003b      	movs	r3, r7
1000367a:	2000      	movs	r0, #0
1000367c:	05c9      	lsls	r1, r1, #23
1000367e:	f001 fab4 	bl	10004bea <__wrap___aeabi_dsub>
10003682:	0002      	movs	r2, r0
10003684:	000b      	movs	r3, r1
10003686:	0020      	movs	r0, r4
10003688:	0029      	movs	r1, r5
1000368a:	f001 fab7 	bl	10004bfc <__wrap___aeabi_dadd>
1000368e:	0002      	movs	r2, r0
10003690:	000b      	movs	r3, r1
10003692:	9810      	ldr	r0, [sp, #64]	; 0x40
10003694:	9911      	ldr	r1, [sp, #68]	; 0x44
10003696:	f001 faba 	bl	10004c0e <__wrap___aeabi_ddiv>
1000369a:	2200      	movs	r2, #0
1000369c:	4b31      	ldr	r3, [pc, #196]	; (10003764 <_etoa+0x404>)
1000369e:	f001 faad 	bl	10004bfc <__wrap___aeabi_dadd>
100036a2:	4b3e      	ldr	r3, [pc, #248]	; (1000379c <_etoa+0x43c>)
100036a4:	9c0f      	ldr	r4, [sp, #60]	; 0x3c
100036a6:	469c      	mov	ip, r3
100036a8:	4464      	add	r4, ip
100036aa:	2200      	movs	r2, #0
100036ac:	0523      	lsls	r3, r4, #20
100036ae:	f001 facc 	bl	10004c4a <__wrap___aeabi_dmul>
100036b2:	0005      	movs	r5, r0
100036b4:	000e      	movs	r6, r1
100036b6:	0002      	movs	r2, r0
100036b8:	000b      	movs	r3, r1
100036ba:	980a      	ldr	r0, [sp, #40]	; 0x28
100036bc:	9909      	ldr	r1, [sp, #36]	; 0x24
100036be:	f001 fb07 	bl	10004cd0 <__wrap___aeabi_dcmplt>
100036c2:	2800      	cmp	r0, #0
100036c4:	d00a      	beq.n	100036dc <_etoa+0x37c>
100036c6:	9b0d      	ldr	r3, [sp, #52]	; 0x34
100036c8:	0028      	movs	r0, r5
100036ca:	3b01      	subs	r3, #1
100036cc:	0031      	movs	r1, r6
100036ce:	930d      	str	r3, [sp, #52]	; 0x34
100036d0:	2200      	movs	r2, #0
100036d2:	4b30      	ldr	r3, [pc, #192]	; (10003794 <_etoa+0x434>)
100036d4:	f001 fa9b 	bl	10004c0e <__wrap___aeabi_ddiv>
100036d8:	0005      	movs	r5, r0
100036da:	000e      	movs	r6, r1
100036dc:	27c6      	movs	r7, #198	; 0xc6
100036de:	990d      	ldr	r1, [sp, #52]	; 0x34
100036e0:	002b      	movs	r3, r5
100036e2:	3163      	adds	r1, #99	; 0x63
100036e4:	428f      	cmp	r7, r1
100036e6:	41bf      	sbcs	r7, r7
100036e8:	9928      	ldr	r1, [sp, #160]	; 0xa0
100036ea:	427f      	negs	r7, r7
100036ec:	3704      	adds	r7, #4
100036ee:	0509      	lsls	r1, r1, #20
100036f0:	d400      	bmi.n	100036f4 <_etoa+0x394>
100036f2:	e695      	b.n	10003420 <_etoa+0xc0>
100036f4:	4333      	orrs	r3, r6
100036f6:	d100      	bne.n	100036fa <_etoa+0x39a>
100036f8:	e682      	b.n	10003400 <_etoa+0xa0>
100036fa:	9c09      	ldr	r4, [sp, #36]	; 0x24
100036fc:	4a28      	ldr	r2, [pc, #160]	; (100037a0 <_etoa+0x440>)
100036fe:	0021      	movs	r1, r4
10003700:	4b28      	ldr	r3, [pc, #160]	; (100037a4 <_etoa+0x444>)
10003702:	980a      	ldr	r0, [sp, #40]	; 0x28
10003704:	f001 faf2 	bl	10004cec <__wrap___aeabi_dcmpge>
10003708:	2800      	cmp	r0, #0
1000370a:	d008      	beq.n	1000371e <_etoa+0x3be>
1000370c:	2200      	movs	r2, #0
1000370e:	0021      	movs	r1, r4
10003710:	4b25      	ldr	r3, [pc, #148]	; (100037a8 <_etoa+0x448>)
10003712:	980a      	ldr	r0, [sp, #40]	; 0x28
10003714:	f001 fadc 	bl	10004cd0 <__wrap___aeabi_dcmplt>
10003718:	2800      	cmp	r0, #0
1000371a:	d000      	beq.n	1000371e <_etoa+0x3be>
1000371c:	e670      	b.n	10003400 <_etoa+0xa0>
1000371e:	9b26      	ldr	r3, [sp, #152]	; 0x98
10003720:	2b00      	cmp	r3, #0
10003722:	d100      	bne.n	10003726 <_etoa+0x3c6>
10003724:	e67c      	b.n	10003420 <_etoa+0xc0>
10003726:	9b0e      	ldr	r3, [sp, #56]	; 0x38
10003728:	1e5a      	subs	r2, r3, #1
1000372a:	4193      	sbcs	r3, r2
1000372c:	9a26      	ldr	r2, [sp, #152]	; 0x98
1000372e:	1ad3      	subs	r3, r2, r3
10003730:	9326      	str	r3, [sp, #152]	; 0x98
10003732:	e675      	b.n	10003420 <_etoa+0xc0>
10003734:	2300      	movs	r3, #0
10003736:	2704      	movs	r7, #4
10003738:	930d      	str	r3, [sp, #52]	; 0x34
1000373a:	e671      	b.n	10003420 <_etoa+0xc0>
1000373c:	4643      	mov	r3, r8
1000373e:	930a      	str	r3, [sp, #40]	; 0x28
10003740:	2380      	movs	r3, #128	; 0x80
10003742:	061b      	lsls	r3, r3, #24
10003744:	4453      	add	r3, sl
10003746:	9309      	str	r3, [sp, #36]	; 0x24
10003748:	e642      	b.n	100033d0 <_etoa+0x70>
1000374a:	2300      	movs	r3, #0
1000374c:	9326      	str	r3, [sp, #152]	; 0x98
1000374e:	e65f      	b.n	10003410 <_etoa+0xb0>
10003750:	fffffc01 	.word	0xfffffc01
10003754:	509f79fb 	.word	0x509f79fb
10003758:	3fd34413 	.word	0x3fd34413
1000375c:	8b60c8b3 	.word	0x8b60c8b3
10003760:	3fc68a28 	.word	0x3fc68a28
10003764:	3ff00000 	.word	0x3ff00000
10003768:	3ff80000 	.word	0x3ff80000
1000376c:	636f4361 	.word	0x636f4361
10003770:	3fd287a7 	.word	0x3fd287a7
10003774:	0979a371 	.word	0x0979a371
10003778:	400a934f 	.word	0x400a934f
1000377c:	3fe00000 	.word	0x3fe00000
10003780:	bbb55516 	.word	0xbbb55516
10003784:	40026bb1 	.word	0x40026bb1
10003788:	fefa39ef 	.word	0xfefa39ef
1000378c:	3fe62e42 	.word	0x3fe62e42
10003790:	402c0000 	.word	0x402c0000
10003794:	40240000 	.word	0x40240000
10003798:	40180000 	.word	0x40180000
1000379c:	000003ff 	.word	0x000003ff
100037a0:	eb1c432d 	.word	0xeb1c432d
100037a4:	3f1a36e2 	.word	0x3f1a36e2
100037a8:	412e8480 	.word	0x412e8480

100037ac <_ftoa>:
100037ac:	b5f0      	push	{r4, r5, r6, r7, lr}
100037ae:	464e      	mov	r6, r9
100037b0:	46de      	mov	lr, fp
100037b2:	4657      	mov	r7, sl
100037b4:	4645      	mov	r5, r8
100037b6:	b5e0      	push	{r5, r6, r7, lr}
100037b8:	b097      	sub	sp, #92	; 0x5c
100037ba:	4699      	mov	r9, r3
100037bc:	9e20      	ldr	r6, [sp, #128]	; 0x80
100037be:	9f21      	ldr	r7, [sp, #132]	; 0x84
100037c0:	9b22      	ldr	r3, [sp, #136]	; 0x88
100037c2:	4683      	mov	fp, r0
100037c4:	4698      	mov	r8, r3
100037c6:	9107      	str	r1, [sp, #28]
100037c8:	920c      	str	r2, [sp, #48]	; 0x30
100037ca:	003b      	movs	r3, r7
100037cc:	0032      	movs	r2, r6
100037ce:	0030      	movs	r0, r6
100037d0:	0039      	movs	r1, r7
100037d2:	f001 fa98 	bl	10004d06 <__wrap___aeabi_dcmpun>
100037d6:	2800      	cmp	r0, #0
100037d8:	d000      	beq.n	100037dc <_ftoa+0x30>
100037da:	e1a9      	b.n	10003b30 <_ftoa+0x384>
100037dc:	2201      	movs	r2, #1
100037de:	0030      	movs	r0, r6
100037e0:	0039      	movs	r1, r7
100037e2:	4bca      	ldr	r3, [pc, #808]	; (10003b0c <_ftoa+0x360>)
100037e4:	4252      	negs	r2, r2
100037e6:	f001 fa73 	bl	10004cd0 <__wrap___aeabi_dcmplt>
100037ea:	2800      	cmp	r0, #0
100037ec:	d000      	beq.n	100037f0 <_ftoa+0x44>
100037ee:	e0e1      	b.n	100039b4 <_ftoa+0x208>
100037f0:	2201      	movs	r2, #1
100037f2:	0030      	movs	r0, r6
100037f4:	0039      	movs	r1, r7
100037f6:	4bc6      	ldr	r3, [pc, #792]	; (10003b10 <_ftoa+0x364>)
100037f8:	4252      	negs	r2, r2
100037fa:	f001 fa7f 	bl	10004cfc <__wrap___aeabi_dcmpgt>
100037fe:	2800      	cmp	r0, #0
10003800:	d000      	beq.n	10003804 <_ftoa+0x58>
10003802:	e0b7      	b.n	10003974 <_ftoa+0x1c8>
10003804:	2200      	movs	r2, #0
10003806:	0030      	movs	r0, r6
10003808:	0039      	movs	r1, r7
1000380a:	4bc2      	ldr	r3, [pc, #776]	; (10003b14 <_ftoa+0x368>)
1000380c:	f001 fa76 	bl	10004cfc <__wrap___aeabi_dcmpgt>
10003810:	2800      	cmp	r0, #0
10003812:	d000      	beq.n	10003816 <_ftoa+0x6a>
10003814:	e099      	b.n	1000394a <_ftoa+0x19e>
10003816:	2200      	movs	r2, #0
10003818:	0030      	movs	r0, r6
1000381a:	0039      	movs	r1, r7
1000381c:	4bbe      	ldr	r3, [pc, #760]	; (10003b18 <_ftoa+0x36c>)
1000381e:	f001 fa57 	bl	10004cd0 <__wrap___aeabi_dcmplt>
10003822:	2800      	cmp	r0, #0
10003824:	d000      	beq.n	10003828 <_ftoa+0x7c>
10003826:	e090      	b.n	1000394a <_ftoa+0x19e>
10003828:	2200      	movs	r2, #0
1000382a:	2300      	movs	r3, #0
1000382c:	0030      	movs	r0, r6
1000382e:	0039      	movs	r1, r7
10003830:	f001 fa4e 	bl	10004cd0 <__wrap___aeabi_dcmplt>
10003834:	2800      	cmp	r0, #0
10003836:	d000      	beq.n	1000383a <_ftoa+0x8e>
10003838:	e0b1      	b.n	1000399e <_ftoa+0x1f2>
1000383a:	2300      	movs	r3, #0
1000383c:	930d      	str	r3, [sp, #52]	; 0x34
1000383e:	9b24      	ldr	r3, [sp, #144]	; 0x90
10003840:	055b      	lsls	r3, r3, #21
10003842:	d401      	bmi.n	10003848 <_ftoa+0x9c>
10003844:	2306      	movs	r3, #6
10003846:	4698      	mov	r8, r3
10003848:	ab08      	add	r3, sp, #32
1000384a:	469c      	mov	ip, r3
1000384c:	2217      	movs	r2, #23
1000384e:	2400      	movs	r4, #0
10003850:	2330      	movs	r3, #48	; 0x30
10003852:	4641      	mov	r1, r8
10003854:	4462      	add	r2, ip
10003856:	e004      	b.n	10003862 <_ftoa+0xb6>
10003858:	3401      	adds	r4, #1
1000385a:	5513      	strb	r3, [r2, r4]
1000385c:	3901      	subs	r1, #1
1000385e:	2c20      	cmp	r4, #32
10003860:	d001      	beq.n	10003866 <_ftoa+0xba>
10003862:	2909      	cmp	r1, #9
10003864:	d8f8      	bhi.n	10003858 <_ftoa+0xac>
10003866:	4688      	mov	r8, r1
10003868:	0030      	movs	r0, r6
1000386a:	0039      	movs	r1, r7
1000386c:	f001 fa76 	bl	10004d5c <__wrap___aeabi_d2iz>
10003870:	4643      	mov	r3, r8
10003872:	00da      	lsls	r2, r3, #3
10003874:	4ba9      	ldr	r3, [pc, #676]	; (10003b1c <_ftoa+0x370>)
10003876:	0005      	movs	r5, r0
10003878:	189b      	adds	r3, r3, r2
1000387a:	681a      	ldr	r2, [r3, #0]
1000387c:	685b      	ldr	r3, [r3, #4]
1000387e:	9208      	str	r2, [sp, #32]
10003880:	9309      	str	r3, [sp, #36]	; 0x24
10003882:	f001 fa53 	bl	10004d2c <__wrap___aeabi_i2d>
10003886:	0002      	movs	r2, r0
10003888:	000b      	movs	r3, r1
1000388a:	0030      	movs	r0, r6
1000388c:	0039      	movs	r1, r7
1000388e:	f001 f9ac 	bl	10004bea <__wrap___aeabi_dsub>
10003892:	9a08      	ldr	r2, [sp, #32]
10003894:	9b09      	ldr	r3, [sp, #36]	; 0x24
10003896:	f001 f9d8 	bl	10004c4a <__wrap___aeabi_dmul>
1000389a:	900a      	str	r0, [sp, #40]	; 0x28
1000389c:	910b      	str	r1, [sp, #44]	; 0x2c
1000389e:	f001 fa81 	bl	10004da4 <__wrap___aeabi_d2uiz>
100038a2:	4682      	mov	sl, r0
100038a4:	f001 fa3e 	bl	10004d24 <__wrap___aeabi_ui2d>
100038a8:	0002      	movs	r2, r0
100038aa:	000b      	movs	r3, r1
100038ac:	980a      	ldr	r0, [sp, #40]	; 0x28
100038ae:	990b      	ldr	r1, [sp, #44]	; 0x2c
100038b0:	f001 f99b 	bl	10004bea <__wrap___aeabi_dsub>
100038b4:	2200      	movs	r2, #0
100038b6:	4b9a      	ldr	r3, [pc, #616]	; (10003b20 <_ftoa+0x374>)
100038b8:	900a      	str	r0, [sp, #40]	; 0x28
100038ba:	910b      	str	r1, [sp, #44]	; 0x2c
100038bc:	f001 fa1e 	bl	10004cfc <__wrap___aeabi_dcmpgt>
100038c0:	2800      	cmp	r0, #0
100038c2:	d100      	bne.n	100038c6 <_ftoa+0x11a>
100038c4:	e0c0      	b.n	10003a48 <_ftoa+0x29c>
100038c6:	2301      	movs	r3, #1
100038c8:	469c      	mov	ip, r3
100038ca:	44e2      	add	sl, ip
100038cc:	4650      	mov	r0, sl
100038ce:	f001 fa29 	bl	10004d24 <__wrap___aeabi_ui2d>
100038d2:	0002      	movs	r2, r0
100038d4:	000b      	movs	r3, r1
100038d6:	9808      	ldr	r0, [sp, #32]
100038d8:	9909      	ldr	r1, [sp, #36]	; 0x24
100038da:	f001 f9ff 	bl	10004cdc <__wrap___aeabi_dcmple>
100038de:	2800      	cmp	r0, #0
100038e0:	d002      	beq.n	100038e8 <_ftoa+0x13c>
100038e2:	2300      	movs	r3, #0
100038e4:	469a      	mov	sl, r3
100038e6:	3501      	adds	r5, #1
100038e8:	4643      	mov	r3, r8
100038ea:	2b00      	cmp	r3, #0
100038ec:	d06a      	beq.n	100039c4 <_ftoa+0x218>
100038ee:	ab08      	add	r3, sp, #32
100038f0:	2617      	movs	r6, #23
100038f2:	469c      	mov	ip, r3
100038f4:	9508      	str	r5, [sp, #32]
100038f6:	4466      	add	r6, ip
100038f8:	4655      	mov	r5, sl
100038fa:	e014      	b.n	10003926 <_ftoa+0x17a>
100038fc:	2301      	movs	r3, #1
100038fe:	425b      	negs	r3, r3
10003900:	4443      	add	r3, r8
10003902:	210a      	movs	r1, #10
10003904:	0028      	movs	r0, r5
10003906:	469a      	mov	sl, r3
10003908:	f000 ff28 	bl	1000475c <__wrap___aeabi_uidiv>
1000390c:	3401      	adds	r4, #1
1000390e:	3130      	adds	r1, #48	; 0x30
10003910:	1937      	adds	r7, r6, r4
10003912:	7039      	strb	r1, [r7, #0]
10003914:	0028      	movs	r0, r5
10003916:	210a      	movs	r1, #10
10003918:	f000 ff20 	bl	1000475c <__wrap___aeabi_uidiv>
1000391c:	2d09      	cmp	r5, #9
1000391e:	d800      	bhi.n	10003922 <_ftoa+0x176>
10003920:	e0d0      	b.n	10003ac4 <_ftoa+0x318>
10003922:	46d0      	mov	r8, sl
10003924:	0005      	movs	r5, r0
10003926:	2c20      	cmp	r4, #32
10003928:	d1e8      	bne.n	100038fc <_ftoa+0x150>
1000392a:	ab0e      	add	r3, sp, #56	; 0x38
1000392c:	4698      	mov	r8, r3
1000392e:	2303      	movs	r3, #3
10003930:	9a24      	ldr	r2, [sp, #144]	; 0x90
10003932:	4013      	ands	r3, r2
10003934:	2b01      	cmp	r3, #1
10003936:	d100      	bne.n	1000393a <_ftoa+0x18e>
10003938:	e096      	b.n	10003a68 <_ftoa+0x2bc>
1000393a:	2320      	movs	r3, #32
1000393c:	9a24      	ldr	r2, [sp, #144]	; 0x90
1000393e:	9301      	str	r3, [sp, #4]
10003940:	9203      	str	r2, [sp, #12]
10003942:	9a23      	ldr	r2, [sp, #140]	; 0x8c
10003944:	4643      	mov	r3, r8
10003946:	9202      	str	r2, [sp, #8]
10003948:	e01e      	b.n	10003988 <_ftoa+0x1dc>
1000394a:	9b24      	ldr	r3, [sp, #144]	; 0x90
1000394c:	4658      	mov	r0, fp
1000394e:	9304      	str	r3, [sp, #16]
10003950:	9b23      	ldr	r3, [sp, #140]	; 0x8c
10003952:	9600      	str	r6, [sp, #0]
10003954:	9701      	str	r7, [sp, #4]
10003956:	9303      	str	r3, [sp, #12]
10003958:	4643      	mov	r3, r8
1000395a:	9a0c      	ldr	r2, [sp, #48]	; 0x30
1000395c:	9302      	str	r3, [sp, #8]
1000395e:	9907      	ldr	r1, [sp, #28]
10003960:	464b      	mov	r3, r9
10003962:	f7ff fcfd 	bl	10003360 <_etoa>
10003966:	b017      	add	sp, #92	; 0x5c
10003968:	bcf0      	pop	{r4, r5, r6, r7}
1000396a:	46bb      	mov	fp, r7
1000396c:	46b2      	mov	sl, r6
1000396e:	46a9      	mov	r9, r5
10003970:	46a0      	mov	r8, r4
10003972:	bdf0      	pop	{r4, r5, r6, r7, pc}
10003974:	9b24      	ldr	r3, [sp, #144]	; 0x90
10003976:	075b      	lsls	r3, r3, #29
10003978:	d40e      	bmi.n	10003998 <_ftoa+0x1ec>
1000397a:	2203      	movs	r2, #3
1000397c:	4b69      	ldr	r3, [pc, #420]	; (10003b24 <_ftoa+0x378>)
1000397e:	9924      	ldr	r1, [sp, #144]	; 0x90
10003980:	9201      	str	r2, [sp, #4]
10003982:	9103      	str	r1, [sp, #12]
10003984:	9923      	ldr	r1, [sp, #140]	; 0x8c
10003986:	9102      	str	r1, [sp, #8]
10003988:	9300      	str	r3, [sp, #0]
1000398a:	4658      	mov	r0, fp
1000398c:	464b      	mov	r3, r9
1000398e:	9a0c      	ldr	r2, [sp, #48]	; 0x30
10003990:	9907      	ldr	r1, [sp, #28]
10003992:	f7ff fba1 	bl	100030d8 <_out_rev>
10003996:	e7e6      	b.n	10003966 <_ftoa+0x1ba>
10003998:	2204      	movs	r2, #4
1000399a:	4b63      	ldr	r3, [pc, #396]	; (10003b28 <_ftoa+0x37c>)
1000399c:	e7ef      	b.n	1000397e <_ftoa+0x1d2>
1000399e:	003b      	movs	r3, r7
100039a0:	0032      	movs	r2, r6
100039a2:	2000      	movs	r0, #0
100039a4:	2100      	movs	r1, #0
100039a6:	f001 f920 	bl	10004bea <__wrap___aeabi_dsub>
100039aa:	2301      	movs	r3, #1
100039ac:	0006      	movs	r6, r0
100039ae:	000f      	movs	r7, r1
100039b0:	930d      	str	r3, [sp, #52]	; 0x34
100039b2:	e744      	b.n	1000383e <_ftoa+0x92>
100039b4:	9b24      	ldr	r3, [sp, #144]	; 0x90
100039b6:	9303      	str	r3, [sp, #12]
100039b8:	9b23      	ldr	r3, [sp, #140]	; 0x8c
100039ba:	9302      	str	r3, [sp, #8]
100039bc:	2304      	movs	r3, #4
100039be:	9301      	str	r3, [sp, #4]
100039c0:	4b5a      	ldr	r3, [pc, #360]	; (10003b2c <_ftoa+0x380>)
100039c2:	e7e1      	b.n	10003988 <_ftoa+0x1dc>
100039c4:	0028      	movs	r0, r5
100039c6:	f001 f9b1 	bl	10004d2c <__wrap___aeabi_i2d>
100039ca:	0002      	movs	r2, r0
100039cc:	000b      	movs	r3, r1
100039ce:	0030      	movs	r0, r6
100039d0:	0039      	movs	r1, r7
100039d2:	f001 f90a 	bl	10004bea <__wrap___aeabi_dsub>
100039d6:	4b52      	ldr	r3, [pc, #328]	; (10003b20 <_ftoa+0x374>)
100039d8:	2200      	movs	r2, #0
100039da:	0006      	movs	r6, r0
100039dc:	000f      	movs	r7, r1
100039de:	f001 f977 	bl	10004cd0 <__wrap___aeabi_dcmplt>
100039e2:	ab0e      	add	r3, sp, #56	; 0x38
100039e4:	4698      	mov	r8, r3
100039e6:	2800      	cmp	r0, #0
100039e8:	d10a      	bne.n	10003a00 <_ftoa+0x254>
100039ea:	2200      	movs	r2, #0
100039ec:	0030      	movs	r0, r6
100039ee:	0039      	movs	r1, r7
100039f0:	4b4b      	ldr	r3, [pc, #300]	; (10003b20 <_ftoa+0x374>)
100039f2:	f001 f983 	bl	10004cfc <__wrap___aeabi_dcmpgt>
100039f6:	2800      	cmp	r0, #0
100039f8:	d102      	bne.n	10003a00 <_ftoa+0x254>
100039fa:	07eb      	lsls	r3, r5, #31
100039fc:	d500      	bpl.n	10003a00 <_ftoa+0x254>
100039fe:	3501      	adds	r5, #1
10003a00:	2c20      	cmp	r4, #32
10003a02:	d094      	beq.n	1000392e <_ftoa+0x182>
10003a04:	aa08      	add	r2, sp, #32
10003a06:	4694      	mov	ip, r2
10003a08:	2317      	movs	r3, #23
10003a0a:	0028      	movs	r0, r5
10003a0c:	4463      	add	r3, ip
10003a0e:	210a      	movs	r1, #10
10003a10:	3401      	adds	r4, #1
10003a12:	191e      	adds	r6, r3, r4
10003a14:	f000 fe7a 	bl	1000470c <__wrap___aeabi_idiv>
10003a18:	3130      	adds	r1, #48	; 0x30
10003a1a:	0028      	movs	r0, r5
10003a1c:	7031      	strb	r1, [r6, #0]
10003a1e:	210a      	movs	r1, #10
10003a20:	f000 fe74 	bl	1000470c <__wrap___aeabi_idiv>
10003a24:	1e05      	subs	r5, r0, #0
10003a26:	d1eb      	bne.n	10003a00 <_ftoa+0x254>
10003a28:	2303      	movs	r3, #3
10003a2a:	9a24      	ldr	r2, [sp, #144]	; 0x90
10003a2c:	4013      	ands	r3, r2
10003a2e:	2b01      	cmp	r3, #1
10003a30:	d01b      	beq.n	10003a6a <_ftoa+0x2be>
10003a32:	2c20      	cmp	r4, #32
10003a34:	d100      	bne.n	10003a38 <_ftoa+0x28c>
10003a36:	e780      	b.n	1000393a <_ftoa+0x18e>
10003a38:	9b0d      	ldr	r3, [sp, #52]	; 0x34
10003a3a:	2b00      	cmp	r3, #0
10003a3c:	d035      	beq.n	10003aaa <_ftoa+0x2fe>
10003a3e:	222d      	movs	r2, #45	; 0x2d
10003a40:	4641      	mov	r1, r8
10003a42:	1c63      	adds	r3, r4, #1
10003a44:	550a      	strb	r2, [r1, r4]
10003a46:	e779      	b.n	1000393c <_ftoa+0x190>
10003a48:	2200      	movs	r2, #0
10003a4a:	980a      	ldr	r0, [sp, #40]	; 0x28
10003a4c:	990b      	ldr	r1, [sp, #44]	; 0x2c
10003a4e:	4b34      	ldr	r3, [pc, #208]	; (10003b20 <_ftoa+0x374>)
10003a50:	f001 f93e 	bl	10004cd0 <__wrap___aeabi_dcmplt>
10003a54:	2800      	cmp	r0, #0
10003a56:	d000      	beq.n	10003a5a <_ftoa+0x2ae>
10003a58:	e746      	b.n	100038e8 <_ftoa+0x13c>
10003a5a:	4653      	mov	r3, sl
10003a5c:	2b00      	cmp	r3, #0
10003a5e:	d151      	bne.n	10003b04 <_ftoa+0x358>
10003a60:	2301      	movs	r3, #1
10003a62:	469c      	mov	ip, r3
10003a64:	44e2      	add	sl, ip
10003a66:	e73f      	b.n	100038e8 <_ftoa+0x13c>
10003a68:	2420      	movs	r4, #32
10003a6a:	9b23      	ldr	r3, [sp, #140]	; 0x8c
10003a6c:	2b00      	cmp	r3, #0
10003a6e:	d0e0      	beq.n	10003a32 <_ftoa+0x286>
10003a70:	9b0d      	ldr	r3, [sp, #52]	; 0x34
10003a72:	2b00      	cmp	r3, #0
10003a74:	d103      	bne.n	10003a7e <_ftoa+0x2d2>
10003a76:	9a24      	ldr	r2, [sp, #144]	; 0x90
10003a78:	330c      	adds	r3, #12
10003a7a:	4213      	tst	r3, r2
10003a7c:	d002      	beq.n	10003a84 <_ftoa+0x2d8>
10003a7e:	9b23      	ldr	r3, [sp, #140]	; 0x8c
10003a80:	3b01      	subs	r3, #1
10003a82:	9323      	str	r3, [sp, #140]	; 0x8c
10003a84:	9b23      	ldr	r3, [sp, #140]	; 0x8c
10003a86:	42a3      	cmp	r3, r4
10003a88:	d9d3      	bls.n	10003a32 <_ftoa+0x286>
10003a8a:	ab08      	add	r3, sp, #32
10003a8c:	469c      	mov	ip, r3
10003a8e:	2217      	movs	r2, #23
10003a90:	2330      	movs	r3, #48	; 0x30
10003a92:	4462      	add	r2, ip
10003a94:	2c20      	cmp	r4, #32
10003a96:	d100      	bne.n	10003a9a <_ftoa+0x2ee>
10003a98:	e74f      	b.n	1000393a <_ftoa+0x18e>
10003a9a:	9923      	ldr	r1, [sp, #140]	; 0x8c
10003a9c:	3401      	adds	r4, #1
10003a9e:	5513      	strb	r3, [r2, r4]
10003aa0:	428c      	cmp	r4, r1
10003aa2:	d0c6      	beq.n	10003a32 <_ftoa+0x286>
10003aa4:	2c20      	cmp	r4, #32
10003aa6:	d1f8      	bne.n	10003a9a <_ftoa+0x2ee>
10003aa8:	e747      	b.n	1000393a <_ftoa+0x18e>
10003aaa:	9b24      	ldr	r3, [sp, #144]	; 0x90
10003aac:	075b      	lsls	r3, r3, #29
10003aae:	d424      	bmi.n	10003afa <_ftoa+0x34e>
10003ab0:	9a24      	ldr	r2, [sp, #144]	; 0x90
10003ab2:	0023      	movs	r3, r4
10003ab4:	0712      	lsls	r2, r2, #28
10003ab6:	d400      	bmi.n	10003aba <_ftoa+0x30e>
10003ab8:	e740      	b.n	1000393c <_ftoa+0x190>
10003aba:	2220      	movs	r2, #32
10003abc:	4641      	mov	r1, r8
10003abe:	3301      	adds	r3, #1
10003ac0:	550a      	strb	r2, [r1, r4]
10003ac2:	e73b      	b.n	1000393c <_ftoa+0x190>
10003ac4:	4657      	mov	r7, sl
10003ac6:	9d08      	ldr	r5, [sp, #32]
10003ac8:	2c20      	cmp	r4, #32
10003aca:	d100      	bne.n	10003ace <_ftoa+0x322>
10003acc:	e72d      	b.n	1000392a <_ftoa+0x17e>
10003ace:	0022      	movs	r2, r4
10003ad0:	2130      	movs	r1, #48	; 0x30
10003ad2:	4640      	mov	r0, r8
10003ad4:	2f00      	cmp	r7, #0
10003ad6:	d009      	beq.n	10003aec <_ftoa+0x340>
10003ad8:	3201      	adds	r2, #1
10003ada:	54b1      	strb	r1, [r6, r2]
10003adc:	2a20      	cmp	r2, #32
10003ade:	d100      	bne.n	10003ae2 <_ftoa+0x336>
10003ae0:	e723      	b.n	1000392a <_ftoa+0x17e>
10003ae2:	43d3      	mvns	r3, r2
10003ae4:	191b      	adds	r3, r3, r4
10003ae6:	181b      	adds	r3, r3, r0
10003ae8:	2b00      	cmp	r3, #0
10003aea:	d1f5      	bne.n	10003ad8 <_ftoa+0x32c>
10003aec:	ab0e      	add	r3, sp, #56	; 0x38
10003aee:	4698      	mov	r8, r3
10003af0:	232e      	movs	r3, #46	; 0x2e
10003af2:	4641      	mov	r1, r8
10003af4:	1c54      	adds	r4, r2, #1
10003af6:	548b      	strb	r3, [r1, r2]
10003af8:	e782      	b.n	10003a00 <_ftoa+0x254>
10003afa:	222b      	movs	r2, #43	; 0x2b
10003afc:	4641      	mov	r1, r8
10003afe:	1c63      	adds	r3, r4, #1
10003b00:	550a      	strb	r2, [r1, r4]
10003b02:	e71b      	b.n	1000393c <_ftoa+0x190>
10003b04:	07db      	lsls	r3, r3, #31
10003b06:	d400      	bmi.n	10003b0a <_ftoa+0x35e>
10003b08:	e6ee      	b.n	100038e8 <_ftoa+0x13c>
10003b0a:	e7a9      	b.n	10003a60 <_ftoa+0x2b4>
10003b0c:	ffefffff 	.word	0xffefffff
10003b10:	7fefffff 	.word	0x7fefffff
10003b14:	41cdcd65 	.word	0x41cdcd65
10003b18:	c1cdcd65 	.word	0xc1cdcd65
10003b1c:	10009f88 	.word	0x10009f88
10003b20:	3fe00000 	.word	0x3fe00000
10003b24:	10009d8c 	.word	0x10009d8c
10003b28:	10009d90 	.word	0x10009d90
10003b2c:	10009d9c 	.word	0x10009d9c
10003b30:	9b24      	ldr	r3, [sp, #144]	; 0x90
10003b32:	9303      	str	r3, [sp, #12]
10003b34:	9b23      	ldr	r3, [sp, #140]	; 0x8c
10003b36:	9302      	str	r3, [sp, #8]
10003b38:	2303      	movs	r3, #3
10003b3a:	9301      	str	r3, [sp, #4]
10003b3c:	4b00      	ldr	r3, [pc, #0]	; (10003b40 <_ftoa+0x394>)
10003b3e:	e723      	b.n	10003988 <_ftoa+0x1dc>
10003b40:	10009d98 	.word	0x10009d98

10003b44 <_vsnprintf>:
10003b44:	b5f0      	push	{r4, r5, r6, r7, lr}
10003b46:	46de      	mov	lr, fp
10003b48:	464e      	mov	r6, r9
10003b4a:	4657      	mov	r7, sl
10003b4c:	4645      	mov	r5, r8
10003b4e:	b5e0      	push	{r5, r6, r7, lr}
10003b50:	b09f      	sub	sp, #124	; 0x7c
10003b52:	001c      	movs	r4, r3
10003b54:	9b28      	ldr	r3, [sp, #160]	; 0xa0
10003b56:	4691      	mov	r9, r2
10003b58:	9309      	str	r3, [sp, #36]	; 0x24
10003b5a:	4ac9      	ldr	r2, [pc, #804]	; (10003e80 <_vsnprintf+0x33c>)
10003b5c:	4bc9      	ldr	r3, [pc, #804]	; (10003e84 <_vsnprintf+0x340>)
10003b5e:	468b      	mov	fp, r1
10003b60:	9008      	str	r0, [sp, #32]
10003b62:	601a      	str	r2, [r3, #0]
10003b64:	2900      	cmp	r1, #0
10003b66:	d100      	bne.n	10003b6a <_vsnprintf+0x26>
10003b68:	e218      	b.n	10003f9c <_vsnprintf+0x458>
10003b6a:	2300      	movs	r3, #0
10003b6c:	7820      	ldrb	r0, [r4, #0]
10003b6e:	469a      	mov	sl, r3
10003b70:	2800      	cmp	r0, #0
10003b72:	d100      	bne.n	10003b76 <_vsnprintf+0x32>
10003b74:	e21a      	b.n	10003fac <_vsnprintf+0x468>
10003b76:	0026      	movs	r6, r4
10003b78:	001d      	movs	r5, r3
10003b7a:	465c      	mov	r4, fp
10003b7c:	e00a      	b.n	10003b94 <_vsnprintf+0x50>
10003b7e:	002a      	movs	r2, r5
10003b80:	1c6f      	adds	r7, r5, #1
10003b82:	464b      	mov	r3, r9
10003b84:	9d08      	ldr	r5, [sp, #32]
10003b86:	0021      	movs	r1, r4
10003b88:	47a8      	blx	r5
10003b8a:	003d      	movs	r5, r7
10003b8c:	3601      	adds	r6, #1
10003b8e:	7830      	ldrb	r0, [r6, #0]
10003b90:	2800      	cmp	r0, #0
10003b92:	d070      	beq.n	10003c76 <_vsnprintf+0x132>
10003b94:	2825      	cmp	r0, #37	; 0x25
10003b96:	d1f2      	bne.n	10003b7e <_vsnprintf+0x3a>
10003b98:	2310      	movs	r3, #16
10003b9a:	469b      	mov	fp, r3
10003b9c:	3b08      	subs	r3, #8
10003b9e:	469a      	mov	sl, r3
10003ba0:	3b04      	subs	r3, #4
10003ba2:	4698      	mov	r8, r3
10003ba4:	3b02      	subs	r3, #2
10003ba6:	2100      	movs	r1, #0
10003ba8:	469c      	mov	ip, r3
10003baa:	1c72      	adds	r2, r6, #1
10003bac:	7810      	ldrb	r0, [r2, #0]
10003bae:	0016      	movs	r6, r2
10003bb0:	0003      	movs	r3, r0
10003bb2:	3b20      	subs	r3, #32
10003bb4:	b2db      	uxtb	r3, r3
10003bb6:	2b10      	cmp	r3, #16
10003bb8:	d803      	bhi.n	10003bc2 <_vsnprintf+0x7e>
10003bba:	4fb3      	ldr	r7, [pc, #716]	; (10003e88 <_vsnprintf+0x344>)
10003bbc:	009b      	lsls	r3, r3, #2
10003bbe:	58fb      	ldr	r3, [r7, r3]
10003bc0:	469f      	mov	pc, r3
10003bc2:	0003      	movs	r3, r0
10003bc4:	3b30      	subs	r3, #48	; 0x30
10003bc6:	2b09      	cmp	r3, #9
10003bc8:	d932      	bls.n	10003c30 <_vsnprintf+0xec>
10003bca:	2300      	movs	r3, #0
10003bcc:	930a      	str	r3, [sp, #40]	; 0x28
10003bce:	282a      	cmp	r0, #42	; 0x2a
10003bd0:	d068      	beq.n	10003ca4 <_vsnprintf+0x160>
10003bd2:	2300      	movs	r3, #0
10003bd4:	4698      	mov	r8, r3
10003bd6:	282e      	cmp	r0, #46	; 0x2e
10003bd8:	d03e      	beq.n	10003c58 <_vsnprintf+0x114>
10003bda:	0003      	movs	r3, r0
10003bdc:	3b68      	subs	r3, #104	; 0x68
10003bde:	b2db      	uxtb	r3, r3
10003be0:	2b12      	cmp	r3, #18
10003be2:	d81c      	bhi.n	10003c1e <_vsnprintf+0xda>
10003be4:	4aa9      	ldr	r2, [pc, #676]	; (10003e8c <_vsnprintf+0x348>)
10003be6:	009b      	lsls	r3, r3, #2
10003be8:	58d3      	ldr	r3, [r2, r3]
10003bea:	469f      	mov	pc, r3
10003bec:	2301      	movs	r3, #1
10003bee:	3201      	adds	r2, #1
10003bf0:	4319      	orrs	r1, r3
10003bf2:	e7db      	b.n	10003bac <_vsnprintf+0x68>
10003bf4:	4663      	mov	r3, ip
10003bf6:	3201      	adds	r2, #1
10003bf8:	4319      	orrs	r1, r3
10003bfa:	e7d7      	b.n	10003bac <_vsnprintf+0x68>
10003bfc:	4643      	mov	r3, r8
10003bfe:	3201      	adds	r2, #1
10003c00:	4319      	orrs	r1, r3
10003c02:	e7d3      	b.n	10003bac <_vsnprintf+0x68>
10003c04:	465b      	mov	r3, fp
10003c06:	3201      	adds	r2, #1
10003c08:	4319      	orrs	r1, r3
10003c0a:	e7cf      	b.n	10003bac <_vsnprintf+0x68>
10003c0c:	4653      	mov	r3, sl
10003c0e:	3201      	adds	r2, #1
10003c10:	4319      	orrs	r1, r3
10003c12:	e7cb      	b.n	10003bac <_vsnprintf+0x68>
10003c14:	2380      	movs	r3, #128	; 0x80
10003c16:	005b      	lsls	r3, r3, #1
10003c18:	7870      	ldrb	r0, [r6, #1]
10003c1a:	4319      	orrs	r1, r3
10003c1c:	3601      	adds	r6, #1
10003c1e:	0003      	movs	r3, r0
10003c20:	3b25      	subs	r3, #37	; 0x25
10003c22:	b2db      	uxtb	r3, r3
10003c24:	2b53      	cmp	r3, #83	; 0x53
10003c26:	d8aa      	bhi.n	10003b7e <_vsnprintf+0x3a>
10003c28:	4a99      	ldr	r2, [pc, #612]	; (10003e90 <_vsnprintf+0x34c>)
10003c2a:	009b      	lsls	r3, r3, #2
10003c2c:	58d3      	ldr	r3, [r2, r3]
10003c2e:	469f      	mov	pc, r3
10003c30:	2700      	movs	r7, #0
10003c32:	0003      	movs	r3, r0
10003c34:	00b8      	lsls	r0, r7, #2
10003c36:	19c0      	adds	r0, r0, r7
10003c38:	3601      	adds	r6, #1
10003c3a:	0040      	lsls	r0, r0, #1
10003c3c:	18c0      	adds	r0, r0, r3
10003c3e:	7833      	ldrb	r3, [r6, #0]
10003c40:	3830      	subs	r0, #48	; 0x30
10003c42:	001a      	movs	r2, r3
10003c44:	3a30      	subs	r2, #48	; 0x30
10003c46:	0007      	movs	r7, r0
10003c48:	2a09      	cmp	r2, #9
10003c4a:	d9f3      	bls.n	10003c34 <_vsnprintf+0xf0>
10003c4c:	900a      	str	r0, [sp, #40]	; 0x28
10003c4e:	0018      	movs	r0, r3
10003c50:	2300      	movs	r3, #0
10003c52:	4698      	mov	r8, r3
10003c54:	282e      	cmp	r0, #46	; 0x2e
10003c56:	d1c0      	bne.n	10003bda <_vsnprintf+0x96>
10003c58:	2380      	movs	r3, #128	; 0x80
10003c5a:	7870      	ldrb	r0, [r6, #1]
10003c5c:	00db      	lsls	r3, r3, #3
10003c5e:	4319      	orrs	r1, r3
10003c60:	0003      	movs	r3, r0
10003c62:	3b30      	subs	r3, #48	; 0x30
10003c64:	1c72      	adds	r2, r6, #1
10003c66:	2b09      	cmp	r3, #9
10003c68:	d800      	bhi.n	10003c6c <_vsnprintf+0x128>
10003c6a:	e1a1      	b.n	10003fb0 <_vsnprintf+0x46c>
10003c6c:	282a      	cmp	r0, #42	; 0x2a
10003c6e:	d100      	bne.n	10003c72 <_vsnprintf+0x12e>
10003c70:	e1b2      	b.n	10003fd8 <_vsnprintf+0x494>
10003c72:	0016      	movs	r6, r2
10003c74:	e7b1      	b.n	10003bda <_vsnprintf+0x96>
10003c76:	46a3      	mov	fp, r4
10003c78:	46aa      	mov	sl, r5
10003c7a:	002c      	movs	r4, r5
10003c7c:	45d1      	cmp	r9, sl
10003c7e:	d803      	bhi.n	10003c88 <_vsnprintf+0x144>
10003c80:	2301      	movs	r3, #1
10003c82:	425b      	negs	r3, r3
10003c84:	444b      	add	r3, r9
10003c86:	469a      	mov	sl, r3
10003c88:	464b      	mov	r3, r9
10003c8a:	4652      	mov	r2, sl
10003c8c:	4659      	mov	r1, fp
10003c8e:	2000      	movs	r0, #0
10003c90:	9d08      	ldr	r5, [sp, #32]
10003c92:	47a8      	blx	r5
10003c94:	0020      	movs	r0, r4
10003c96:	b01f      	add	sp, #124	; 0x7c
10003c98:	bcf0      	pop	{r4, r5, r6, r7}
10003c9a:	46bb      	mov	fp, r7
10003c9c:	46b2      	mov	sl, r6
10003c9e:	46a9      	mov	r9, r5
10003ca0:	46a0      	mov	r8, r4
10003ca2:	bdf0      	pop	{r4, r5, r6, r7, pc}
10003ca4:	9b09      	ldr	r3, [sp, #36]	; 0x24
10003ca6:	cb40      	ldmia	r3!, {r6}
10003ca8:	960a      	str	r6, [sp, #40]	; 0x28
10003caa:	2e00      	cmp	r6, #0
10003cac:	db03      	blt.n	10003cb6 <_vsnprintf+0x172>
10003cae:	7850      	ldrb	r0, [r2, #1]
10003cb0:	9309      	str	r3, [sp, #36]	; 0x24
10003cb2:	1c56      	adds	r6, r2, #1
10003cb4:	e78d      	b.n	10003bd2 <_vsnprintf+0x8e>
10003cb6:	3828      	subs	r0, #40	; 0x28
10003cb8:	4301      	orrs	r1, r0
10003cba:	4270      	negs	r0, r6
10003cbc:	900a      	str	r0, [sp, #40]	; 0x28
10003cbe:	9309      	str	r3, [sp, #36]	; 0x24
10003cc0:	7850      	ldrb	r0, [r2, #1]
10003cc2:	1c56      	adds	r6, r2, #1
10003cc4:	e785      	b.n	10003bd2 <_vsnprintf+0x8e>
10003cc6:	2878      	cmp	r0, #120	; 0x78
10003cc8:	d100      	bne.n	10003ccc <_vsnprintf+0x188>
10003cca:	e1df      	b.n	1000408c <_vsnprintf+0x548>
10003ccc:	2858      	cmp	r0, #88	; 0x58
10003cce:	d100      	bne.n	10003cd2 <_vsnprintf+0x18e>
10003cd0:	e24c      	b.n	1000416c <_vsnprintf+0x628>
10003cd2:	286f      	cmp	r0, #111	; 0x6f
10003cd4:	d100      	bne.n	10003cd8 <_vsnprintf+0x194>
10003cd6:	e34f      	b.n	10004378 <_vsnprintf+0x834>
10003cd8:	2862      	cmp	r0, #98	; 0x62
10003cda:	d101      	bne.n	10003ce0 <_vsnprintf+0x19c>
10003cdc:	f000 fc30 	bl	10004540 <_vsnprintf+0x9fc>
10003ce0:	2310      	movs	r3, #16
10003ce2:	000a      	movs	r2, r1
10003ce4:	439a      	bics	r2, r3
10003ce6:	920b      	str	r2, [sp, #44]	; 0x2c
10003ce8:	2869      	cmp	r0, #105	; 0x69
10003cea:	d001      	beq.n	10003cf0 <_vsnprintf+0x1ac>
10003cec:	f000 fca9 	bl	10004642 <_vsnprintf+0xafe>
10003cf0:	230a      	movs	r3, #10
10003cf2:	930c      	str	r3, [sp, #48]	; 0x30
10003cf4:	054b      	lsls	r3, r1, #21
10003cf6:	d500      	bpl.n	10003cfa <_vsnprintf+0x1b6>
10003cf8:	e1d0      	b.n	1000409c <_vsnprintf+0x558>
10003cfa:	9a0b      	ldr	r2, [sp, #44]	; 0x2c
10003cfc:	2380      	movs	r3, #128	; 0x80
10003cfe:	0011      	movs	r1, r2
10003d00:	009b      	lsls	r3, r3, #2
10003d02:	4019      	ands	r1, r3
10003d04:	468b      	mov	fp, r1
10003d06:	421a      	tst	r2, r3
10003d08:	d000      	beq.n	10003d0c <_vsnprintf+0x1c8>
10003d0a:	e2a1      	b.n	10004250 <_vsnprintf+0x70c>
10003d0c:	2380      	movs	r3, #128	; 0x80
10003d0e:	0011      	movs	r1, r2
10003d10:	005b      	lsls	r3, r3, #1
10003d12:	4019      	ands	r1, r3
10003d14:	468a      	mov	sl, r1
10003d16:	421a      	tst	r2, r3
10003d18:	d000      	beq.n	10003d1c <_vsnprintf+0x1d8>
10003d1a:	e3b6      	b.n	1000448a <_vsnprintf+0x946>
10003d1c:	0013      	movs	r3, r2
10003d1e:	065b      	lsls	r3, r3, #25
10003d20:	d500      	bpl.n	10003d24 <_vsnprintf+0x1e0>
10003d22:	e2ed      	b.n	10004300 <_vsnprintf+0x7bc>
10003d24:	0013      	movs	r3, r2
10003d26:	9909      	ldr	r1, [sp, #36]	; 0x24
10003d28:	061b      	lsls	r3, r3, #24
10003d2a:	d401      	bmi.n	10003d30 <_vsnprintf+0x1ec>
10003d2c:	f000 fc76 	bl	1000461c <_vsnprintf+0xad8>
10003d30:	c908      	ldmia	r1!, {r3}
10003d32:	b21b      	sxth	r3, r3
10003d34:	17d8      	asrs	r0, r3, #31
10003d36:	181a      	adds	r2, r3, r0
10003d38:	4042      	eors	r2, r0
10003d3a:	b292      	uxth	r2, r2
10003d3c:	9109      	str	r1, [sp, #36]	; 0x24
10003d3e:	4693      	mov	fp, r2
10003d40:	0fda      	lsrs	r2, r3, #31
10003d42:	9212      	str	r2, [sp, #72]	; 0x48
10003d44:	2b00      	cmp	r3, #0
10003d46:	d109      	bne.n	10003d5c <_vsnprintf+0x218>
10003d48:	2380      	movs	r3, #128	; 0x80
10003d4a:	2210      	movs	r2, #16
10003d4c:	990b      	ldr	r1, [sp, #44]	; 0x2c
10003d4e:	00db      	lsls	r3, r3, #3
10003d50:	400b      	ands	r3, r1
10003d52:	4391      	bics	r1, r2
10003d54:	910b      	str	r1, [sp, #44]	; 0x2c
10003d56:	2b00      	cmp	r3, #0
10003d58:	d000      	beq.n	10003d5c <_vsnprintf+0x218>
10003d5a:	e2e4      	b.n	10004326 <_vsnprintf+0x7e2>
10003d5c:	9a0b      	ldr	r2, [sp, #44]	; 0x2c
10003d5e:	2361      	movs	r3, #97	; 0x61
10003d60:	0692      	lsls	r2, r2, #26
10003d62:	d500      	bpl.n	10003d66 <_vsnprintf+0x222>
10003d64:	2341      	movs	r3, #65	; 0x41
10003d66:	a90e      	add	r1, sp, #56	; 0x38
10003d68:	221f      	movs	r2, #31
10003d6a:	468c      	mov	ip, r1
10003d6c:	b2db      	uxtb	r3, r3
10003d6e:	4462      	add	r2, ip
10003d70:	3b0a      	subs	r3, #10
10003d72:	465f      	mov	r7, fp
10003d74:	9513      	str	r5, [sp, #76]	; 0x4c
10003d76:	46a3      	mov	fp, r4
10003d78:	4655      	mov	r5, sl
10003d7a:	9c0c      	ldr	r4, [sp, #48]	; 0x30
10003d7c:	46b2      	mov	sl, r6
10003d7e:	930d      	str	r3, [sp, #52]	; 0x34
10003d80:	0016      	movs	r6, r2
10003d82:	e00a      	b.n	10003d9a <_vsnprintf+0x256>
10003d84:	3330      	adds	r3, #48	; 0x30
10003d86:	b2db      	uxtb	r3, r3
10003d88:	3501      	adds	r5, #1
10003d8a:	5573      	strb	r3, [r6, r5]
10003d8c:	42a7      	cmp	r7, r4
10003d8e:	d200      	bcs.n	10003d92 <_vsnprintf+0x24e>
10003d90:	e2ed      	b.n	1000436e <_vsnprintf+0x82a>
10003d92:	2d20      	cmp	r5, #32
10003d94:	d100      	bne.n	10003d98 <_vsnprintf+0x254>
10003d96:	e2ea      	b.n	1000436e <_vsnprintf+0x82a>
10003d98:	0007      	movs	r7, r0
10003d9a:	0021      	movs	r1, r4
10003d9c:	0038      	movs	r0, r7
10003d9e:	f000 fcdd 	bl	1000475c <__wrap___aeabi_uidiv>
10003da2:	b2cb      	uxtb	r3, r1
10003da4:	2909      	cmp	r1, #9
10003da6:	d9ed      	bls.n	10003d84 <_vsnprintf+0x240>
10003da8:	9a0d      	ldr	r2, [sp, #52]	; 0x34
10003daa:	4694      	mov	ip, r2
10003dac:	4463      	add	r3, ip
10003dae:	b2db      	uxtb	r3, r3
10003db0:	e7ea      	b.n	10003d88 <_vsnprintf+0x244>
10003db2:	2380      	movs	r3, #128	; 0x80
10003db4:	009b      	lsls	r3, r3, #2
10003db6:	7870      	ldrb	r0, [r6, #1]
10003db8:	4319      	orrs	r1, r3
10003dba:	3601      	adds	r6, #1
10003dbc:	e72f      	b.n	10003c1e <_vsnprintf+0xda>
10003dbe:	7870      	ldrb	r0, [r6, #1]
10003dc0:	2868      	cmp	r0, #104	; 0x68
10003dc2:	d100      	bne.n	10003dc6 <_vsnprintf+0x282>
10003dc4:	e1cd      	b.n	10004162 <_vsnprintf+0x61e>
10003dc6:	2380      	movs	r3, #128	; 0x80
10003dc8:	3601      	adds	r6, #1
10003dca:	4319      	orrs	r1, r3
10003dcc:	e727      	b.n	10003c1e <_vsnprintf+0xda>
10003dce:	7870      	ldrb	r0, [r6, #1]
10003dd0:	286c      	cmp	r0, #108	; 0x6c
10003dd2:	d100      	bne.n	10003dd6 <_vsnprintf+0x292>
10003dd4:	e1bf      	b.n	10004156 <_vsnprintf+0x612>
10003dd6:	2380      	movs	r3, #128	; 0x80
10003dd8:	005b      	lsls	r3, r3, #1
10003dda:	4319      	orrs	r1, r3
10003ddc:	3601      	adds	r6, #1
10003dde:	e71e      	b.n	10003c1e <_vsnprintf+0xda>
10003de0:	2846      	cmp	r0, #70	; 0x46
10003de2:	d100      	bne.n	10003de6 <_vsnprintf+0x2a2>
10003de4:	e19b      	b.n	1000411e <_vsnprintf+0x5da>
10003de6:	2207      	movs	r2, #7
10003de8:	9b09      	ldr	r3, [sp, #36]	; 0x24
10003dea:	9104      	str	r1, [sp, #16]
10003dec:	3307      	adds	r3, #7
10003dee:	4393      	bics	r3, r2
10003df0:	9a0a      	ldr	r2, [sp, #40]	; 0x28
10003df2:	0019      	movs	r1, r3
10003df4:	9203      	str	r2, [sp, #12]
10003df6:	4642      	mov	r2, r8
10003df8:	9202      	str	r2, [sp, #8]
10003dfa:	c90c      	ldmia	r1!, {r2, r3}
10003dfc:	9808      	ldr	r0, [sp, #32]
10003dfe:	9200      	str	r2, [sp, #0]
10003e00:	9301      	str	r3, [sp, #4]
10003e02:	9109      	str	r1, [sp, #36]	; 0x24
10003e04:	002a      	movs	r2, r5
10003e06:	464b      	mov	r3, r9
10003e08:	0021      	movs	r1, r4
10003e0a:	f7ff fccf 	bl	100037ac <_ftoa>
10003e0e:	3601      	adds	r6, #1
10003e10:	0005      	movs	r5, r0
10003e12:	e6bc      	b.n	10003b8e <_vsnprintf+0x4a>
10003e14:	002a      	movs	r2, r5
10003e16:	1c6f      	adds	r7, r5, #1
10003e18:	464b      	mov	r3, r9
10003e1a:	9d08      	ldr	r5, [sp, #32]
10003e1c:	0021      	movs	r1, r4
10003e1e:	2025      	movs	r0, #37	; 0x25
10003e20:	47a8      	blx	r5
10003e22:	3601      	adds	r6, #1
10003e24:	003d      	movs	r5, r7
10003e26:	e6b2      	b.n	10003b8e <_vsnprintf+0x4a>
10003e28:	078b      	lsls	r3, r1, #30
10003e2a:	d400      	bmi.n	10003e2e <_vsnprintf+0x2ea>
10003e2c:	e1ad      	b.n	1000418a <_vsnprintf+0x646>
10003e2e:	9b09      	ldr	r3, [sp, #36]	; 0x24
10003e30:	002a      	movs	r2, r5
10003e32:	469a      	mov	sl, r3
10003e34:	1c6b      	adds	r3, r5, #1
10003e36:	4698      	mov	r8, r3
10003e38:	4653      	mov	r3, sl
10003e3a:	cb01      	ldmia	r3!, {r0}
10003e3c:	0021      	movs	r1, r4
10003e3e:	469a      	mov	sl, r3
10003e40:	9f08      	ldr	r7, [sp, #32]
10003e42:	464b      	mov	r3, r9
10003e44:	b2c0      	uxtb	r0, r0
10003e46:	47b8      	blx	r7
10003e48:	9b0a      	ldr	r3, [sp, #40]	; 0x28
10003e4a:	469c      	mov	ip, r3
10003e4c:	4465      	add	r5, ip
10003e4e:	2b01      	cmp	r3, #1
10003e50:	d800      	bhi.n	10003e54 <_vsnprintf+0x310>
10003e52:	e286      	b.n	10004362 <_vsnprintf+0x81e>
10003e54:	9b08      	ldr	r3, [sp, #32]
10003e56:	4647      	mov	r7, r8
10003e58:	46b0      	mov	r8, r6
10003e5a:	0026      	movs	r6, r4
10003e5c:	464c      	mov	r4, r9
10003e5e:	4699      	mov	r9, r3
10003e60:	003a      	movs	r2, r7
10003e62:	0023      	movs	r3, r4
10003e64:	3701      	adds	r7, #1
10003e66:	0031      	movs	r1, r6
10003e68:	2020      	movs	r0, #32
10003e6a:	47c8      	blx	r9
10003e6c:	42af      	cmp	r7, r5
10003e6e:	d1f7      	bne.n	10003e60 <_vsnprintf+0x31c>
10003e70:	46a1      	mov	r9, r4
10003e72:	4653      	mov	r3, sl
10003e74:	0034      	movs	r4, r6
10003e76:	4646      	mov	r6, r8
10003e78:	9309      	str	r3, [sp, #36]	; 0x24
10003e7a:	3601      	adds	r6, #1
10003e7c:	e687      	b.n	10003b8e <_vsnprintf+0x4a>
10003e7e:	46c0      	nop			; (mov r8, r8)
10003e80:	10003b45 	.word	0x10003b45
10003e84:	200025e8 	.word	0x200025e8
10003e88:	10009da4 	.word	0x10009da4
10003e8c:	10009de8 	.word	0x10009de8
10003e90:	10009e34 	.word	0x10009e34
10003e94:	9b09      	ldr	r3, [sp, #36]	; 0x24
10003e96:	cb04      	ldmia	r3!, {r2}
10003e98:	469b      	mov	fp, r3
10003e9a:	4643      	mov	r3, r8
10003e9c:	9209      	str	r2, [sp, #36]	; 0x24
10003e9e:	2b00      	cmp	r3, #0
10003ea0:	d100      	bne.n	10003ea4 <_vsnprintf+0x360>
10003ea2:	e0c6      	b.n	10004032 <_vsnprintf+0x4ee>
10003ea4:	7813      	ldrb	r3, [r2, #0]
10003ea6:	469c      	mov	ip, r3
10003ea8:	2b00      	cmp	r3, #0
10003eaa:	d100      	bne.n	10003eae <_vsnprintf+0x36a>
10003eac:	e3bd      	b.n	1000462a <_vsnprintf+0xae6>
10003eae:	4643      	mov	r3, r8
10003eb0:	3b01      	subs	r3, #1
10003eb2:	9a09      	ldr	r2, [sp, #36]	; 0x24
10003eb4:	3301      	adds	r3, #1
10003eb6:	18d0      	adds	r0, r2, r3
10003eb8:	9f0a      	ldr	r7, [sp, #40]	; 0x28
10003eba:	0013      	movs	r3, r2
10003ebc:	e001      	b.n	10003ec2 <_vsnprintf+0x37e>
10003ebe:	4283      	cmp	r3, r0
10003ec0:	d003      	beq.n	10003eca <_vsnprintf+0x386>
10003ec2:	785a      	ldrb	r2, [r3, #1]
10003ec4:	3301      	adds	r3, #1
10003ec6:	2a00      	cmp	r2, #0
10003ec8:	d1f9      	bne.n	10003ebe <_vsnprintf+0x37a>
10003eca:	9a09      	ldr	r2, [sp, #36]	; 0x24
10003ecc:	970a      	str	r7, [sp, #40]	; 0x28
10003ece:	1a9b      	subs	r3, r3, r2
10003ed0:	930b      	str	r3, [sp, #44]	; 0x2c
10003ed2:	2380      	movs	r3, #128	; 0x80
10003ed4:	000a      	movs	r2, r1
10003ed6:	00db      	lsls	r3, r3, #3
10003ed8:	401a      	ands	r2, r3
10003eda:	920c      	str	r2, [sp, #48]	; 0x30
10003edc:	4219      	tst	r1, r3
10003ede:	d004      	beq.n	10003eea <_vsnprintf+0x3a6>
10003ee0:	9b0b      	ldr	r3, [sp, #44]	; 0x2c
10003ee2:	4543      	cmp	r3, r8
10003ee4:	d901      	bls.n	10003eea <_vsnprintf+0x3a6>
10003ee6:	4643      	mov	r3, r8
10003ee8:	930b      	str	r3, [sp, #44]	; 0x2c
10003eea:	2302      	movs	r3, #2
10003eec:	001a      	movs	r2, r3
10003eee:	400a      	ands	r2, r1
10003ef0:	920d      	str	r2, [sp, #52]	; 0x34
10003ef2:	420b      	tst	r3, r1
10003ef4:	d100      	bne.n	10003ef8 <_vsnprintf+0x3b4>
10003ef6:	e187      	b.n	10004208 <_vsnprintf+0x6c4>
10003ef8:	4660      	mov	r0, ip
10003efa:	2800      	cmp	r0, #0
10003efc:	d100      	bne.n	10003f00 <_vsnprintf+0x3bc>
10003efe:	e168      	b.n	100041d2 <_vsnprintf+0x68e>
10003f00:	9b0c      	ldr	r3, [sp, #48]	; 0x30
10003f02:	2b00      	cmp	r3, #0
10003f04:	d100      	bne.n	10003f08 <_vsnprintf+0x3c4>
10003f06:	e10d      	b.n	10004124 <_vsnprintf+0x5e0>
10003f08:	44a8      	add	r8, r5
10003f0a:	46c2      	mov	sl, r8
10003f0c:	9b09      	ldr	r3, [sp, #36]	; 0x24
10003f0e:	4657      	mov	r7, sl
10003f10:	1b5b      	subs	r3, r3, r5
10003f12:	4698      	mov	r8, r3
10003f14:	9b08      	ldr	r3, [sp, #32]
10003f16:	46b2      	mov	sl, r6
10003f18:	002a      	movs	r2, r5
10003f1a:	0026      	movs	r6, r4
10003f1c:	464c      	mov	r4, r9
10003f1e:	4699      	mov	r9, r3
10003f20:	e009      	b.n	10003f36 <_vsnprintf+0x3f2>
10003f22:	0023      	movs	r3, r4
10003f24:	0031      	movs	r1, r6
10003f26:	1c55      	adds	r5, r2, #1
10003f28:	47c8      	blx	r9
10003f2a:	4643      	mov	r3, r8
10003f2c:	5d58      	ldrb	r0, [r3, r5]
10003f2e:	2800      	cmp	r0, #0
10003f30:	d100      	bne.n	10003f34 <_vsnprintf+0x3f0>
10003f32:	e126      	b.n	10004182 <_vsnprintf+0x63e>
10003f34:	002a      	movs	r2, r5
10003f36:	4297      	cmp	r7, r2
10003f38:	d1f3      	bne.n	10003f22 <_vsnprintf+0x3de>
10003f3a:	46a1      	mov	r9, r4
10003f3c:	003d      	movs	r5, r7
10003f3e:	0034      	movs	r4, r6
10003f40:	4656      	mov	r6, sl
10003f42:	9b0d      	ldr	r3, [sp, #52]	; 0x34
10003f44:	2b00      	cmp	r3, #0
10003f46:	d000      	beq.n	10003f4a <_vsnprintf+0x406>
10003f48:	e143      	b.n	100041d2 <_vsnprintf+0x68e>
10003f4a:	465b      	mov	r3, fp
10003f4c:	3601      	adds	r6, #1
10003f4e:	9309      	str	r3, [sp, #36]	; 0x24
10003f50:	e61d      	b.n	10003b8e <_vsnprintf+0x4a>
10003f52:	9b09      	ldr	r3, [sp, #36]	; 0x24
10003f54:	001a      	movs	r2, r3
10003f56:	ca08      	ldmia	r2!, {r3}
10003f58:	4692      	mov	sl, r2
10003f5a:	2b00      	cmp	r3, #0
10003f5c:	d048      	beq.n	10003ff0 <_vsnprintf+0x4ac>
10003f5e:	2221      	movs	r2, #33	; 0x21
10003f60:	4311      	orrs	r1, r2
10003f62:	468b      	mov	fp, r1
10003f64:	a80e      	add	r0, sp, #56	; 0x38
10003f66:	4684      	mov	ip, r0
10003f68:	211f      	movs	r1, #31
10003f6a:	4461      	add	r1, ip
10003f6c:	9509      	str	r5, [sp, #36]	; 0x24
10003f6e:	2200      	movs	r2, #0
10003f70:	270f      	movs	r7, #15
10003f72:	46a4      	mov	ip, r4
10003f74:	000d      	movs	r5, r1
10003f76:	e002      	b.n	10003f7e <_vsnprintf+0x43a>
10003f78:	2a20      	cmp	r2, #32
10003f7a:	d00c      	beq.n	10003f96 <_vsnprintf+0x452>
10003f7c:	000b      	movs	r3, r1
10003f7e:	003c      	movs	r4, r7
10003f80:	401c      	ands	r4, r3
10003f82:	0020      	movs	r0, r4
10003f84:	3037      	adds	r0, #55	; 0x37
10003f86:	2c09      	cmp	r4, #9
10003f88:	d800      	bhi.n	10003f8c <_vsnprintf+0x448>
10003f8a:	3807      	subs	r0, #7
10003f8c:	3201      	adds	r2, #1
10003f8e:	54a8      	strb	r0, [r5, r2]
10003f90:	0919      	lsrs	r1, r3, #4
10003f92:	2b0f      	cmp	r3, #15
10003f94:	d8f0      	bhi.n	10003f78 <_vsnprintf+0x434>
10003f96:	4664      	mov	r4, ip
10003f98:	9d09      	ldr	r5, [sp, #36]	; 0x24
10003f9a:	e032      	b.n	10004002 <_vsnprintf+0x4be>
10003f9c:	4bdc      	ldr	r3, [pc, #880]	; (10004310 <_vsnprintf+0x7cc>)
10003f9e:	7820      	ldrb	r0, [r4, #0]
10003fa0:	9308      	str	r3, [sp, #32]
10003fa2:	2300      	movs	r3, #0
10003fa4:	469a      	mov	sl, r3
10003fa6:	2800      	cmp	r0, #0
10003fa8:	d000      	beq.n	10003fac <_vsnprintf+0x468>
10003faa:	e5e4      	b.n	10003b76 <_vsnprintf+0x32>
10003fac:	2400      	movs	r4, #0
10003fae:	e665      	b.n	10003c7c <_vsnprintf+0x138>
10003fb0:	4643      	mov	r3, r8
10003fb2:	0006      	movs	r6, r0
10003fb4:	9f0a      	ldr	r7, [sp, #40]	; 0x28
10003fb6:	0098      	lsls	r0, r3, #2
10003fb8:	18c0      	adds	r0, r0, r3
10003fba:	3201      	adds	r2, #1
10003fbc:	0040      	lsls	r0, r0, #1
10003fbe:	1980      	adds	r0, r0, r6
10003fc0:	7816      	ldrb	r6, [r2, #0]
10003fc2:	0003      	movs	r3, r0
10003fc4:	0030      	movs	r0, r6
10003fc6:	3830      	subs	r0, #48	; 0x30
10003fc8:	3b30      	subs	r3, #48	; 0x30
10003fca:	2809      	cmp	r0, #9
10003fcc:	d9f3      	bls.n	10003fb6 <_vsnprintf+0x472>
10003fce:	0030      	movs	r0, r6
10003fd0:	4698      	mov	r8, r3
10003fd2:	0016      	movs	r6, r2
10003fd4:	970a      	str	r7, [sp, #40]	; 0x28
10003fd6:	e600      	b.n	10003bda <_vsnprintf+0x96>
10003fd8:	9b09      	ldr	r3, [sp, #36]	; 0x24
10003fda:	3602      	adds	r6, #2
10003fdc:	cb04      	ldmia	r3!, {r2}
10003fde:	4690      	mov	r8, r2
10003fe0:	43d2      	mvns	r2, r2
10003fe2:	4640      	mov	r0, r8
10003fe4:	17d2      	asrs	r2, r2, #31
10003fe6:	4010      	ands	r0, r2
10003fe8:	4680      	mov	r8, r0
10003fea:	9309      	str	r3, [sp, #36]	; 0x24
10003fec:	7830      	ldrb	r0, [r6, #0]
10003fee:	e5f4      	b.n	10003bda <_vsnprintf+0x96>
10003ff0:	2210      	movs	r2, #16
10003ff2:	0008      	movs	r0, r1
10003ff4:	4390      	bics	r0, r2
10003ff6:	3211      	adds	r2, #17
10003ff8:	4310      	orrs	r0, r2
10003ffa:	4683      	mov	fp, r0
10003ffc:	2200      	movs	r2, #0
10003ffe:	0549      	lsls	r1, r1, #21
10004000:	d5b0      	bpl.n	10003f64 <_vsnprintf+0x420>
10004002:	465b      	mov	r3, fp
10004004:	9306      	str	r3, [sp, #24]
10004006:	2308      	movs	r3, #8
10004008:	9305      	str	r3, [sp, #20]
1000400a:	4643      	mov	r3, r8
1000400c:	9304      	str	r3, [sp, #16]
1000400e:	2310      	movs	r3, #16
10004010:	9303      	str	r3, [sp, #12]
10004012:	2300      	movs	r3, #0
10004014:	9302      	str	r3, [sp, #8]
10004016:	ab16      	add	r3, sp, #88	; 0x58
10004018:	9201      	str	r2, [sp, #4]
1000401a:	9300      	str	r3, [sp, #0]
1000401c:	002a      	movs	r2, r5
1000401e:	464b      	mov	r3, r9
10004020:	0021      	movs	r1, r4
10004022:	9808      	ldr	r0, [sp, #32]
10004024:	f7ff f8a6 	bl	10003174 <_ntoa_format>
10004028:	4653      	mov	r3, sl
1000402a:	0005      	movs	r5, r0
1000402c:	3601      	adds	r6, #1
1000402e:	9309      	str	r3, [sp, #36]	; 0x24
10004030:	e5ad      	b.n	10003b8e <_vsnprintf+0x4a>
10004032:	7813      	ldrb	r3, [r2, #0]
10004034:	469c      	mov	ip, r3
10004036:	2b00      	cmp	r3, #0
10004038:	d100      	bne.n	1000403c <_vsnprintf+0x4f8>
1000403a:	e2f7      	b.n	1000462c <_vsnprintf+0xae8>
1000403c:	2302      	movs	r3, #2
1000403e:	425b      	negs	r3, r3
10004040:	e737      	b.n	10003eb2 <_vsnprintf+0x36e>
10004042:	2320      	movs	r3, #32
10004044:	0002      	movs	r2, r0
10004046:	439a      	bics	r2, r3
10004048:	2a47      	cmp	r2, #71	; 0x47
1000404a:	d104      	bne.n	10004056 <_vsnprintf+0x512>
1000404c:	2380      	movs	r3, #128	; 0x80
1000404e:	011b      	lsls	r3, r3, #4
10004050:	4319      	orrs	r1, r3
10004052:	2302      	movs	r3, #2
10004054:	4398      	bics	r0, r3
10004056:	2845      	cmp	r0, #69	; 0x45
10004058:	d101      	bne.n	1000405e <_vsnprintf+0x51a>
1000405a:	2320      	movs	r3, #32
1000405c:	4319      	orrs	r1, r3
1000405e:	2207      	movs	r2, #7
10004060:	9b09      	ldr	r3, [sp, #36]	; 0x24
10004062:	9104      	str	r1, [sp, #16]
10004064:	3307      	adds	r3, #7
10004066:	4393      	bics	r3, r2
10004068:	9a0a      	ldr	r2, [sp, #40]	; 0x28
1000406a:	0019      	movs	r1, r3
1000406c:	9203      	str	r2, [sp, #12]
1000406e:	4642      	mov	r2, r8
10004070:	9202      	str	r2, [sp, #8]
10004072:	c90c      	ldmia	r1!, {r2, r3}
10004074:	9808      	ldr	r0, [sp, #32]
10004076:	9200      	str	r2, [sp, #0]
10004078:	9301      	str	r3, [sp, #4]
1000407a:	9109      	str	r1, [sp, #36]	; 0x24
1000407c:	002a      	movs	r2, r5
1000407e:	464b      	mov	r3, r9
10004080:	0021      	movs	r1, r4
10004082:	f7ff f96d 	bl	10003360 <_etoa>
10004086:	3601      	adds	r6, #1
10004088:	0005      	movs	r5, r0
1000408a:	e580      	b.n	10003b8e <_vsnprintf+0x4a>
1000408c:	2310      	movs	r3, #16
1000408e:	930c      	str	r3, [sp, #48]	; 0x30
10004090:	230c      	movs	r3, #12
10004092:	000a      	movs	r2, r1
10004094:	439a      	bics	r2, r3
10004096:	920b      	str	r2, [sp, #44]	; 0x2c
10004098:	054b      	lsls	r3, r1, #21
1000409a:	d503      	bpl.n	100040a4 <_vsnprintf+0x560>
1000409c:	2301      	movs	r3, #1
1000409e:	9a0b      	ldr	r2, [sp, #44]	; 0x2c
100040a0:	439a      	bics	r2, r3
100040a2:	920b      	str	r2, [sp, #44]	; 0x2c
100040a4:	2869      	cmp	r0, #105	; 0x69
100040a6:	d100      	bne.n	100040aa <_vsnprintf+0x566>
100040a8:	e627      	b.n	10003cfa <_vsnprintf+0x1b6>
100040aa:	2864      	cmp	r0, #100	; 0x64
100040ac:	d100      	bne.n	100040b0 <_vsnprintf+0x56c>
100040ae:	e624      	b.n	10003cfa <_vsnprintf+0x1b6>
100040b0:	9a0b      	ldr	r2, [sp, #44]	; 0x2c
100040b2:	2380      	movs	r3, #128	; 0x80
100040b4:	0011      	movs	r1, r2
100040b6:	009b      	lsls	r3, r3, #2
100040b8:	4019      	ands	r1, r3
100040ba:	468b      	mov	fp, r1
100040bc:	421a      	tst	r2, r3
100040be:	d000      	beq.n	100040c2 <_vsnprintf+0x57e>
100040c0:	e166      	b.n	10004390 <_vsnprintf+0x84c>
100040c2:	2380      	movs	r3, #128	; 0x80
100040c4:	0011      	movs	r1, r2
100040c6:	005b      	lsls	r3, r3, #1
100040c8:	4019      	ands	r1, r3
100040ca:	468a      	mov	sl, r1
100040cc:	421a      	tst	r2, r3
100040ce:	d000      	beq.n	100040d2 <_vsnprintf+0x58e>
100040d0:	e239      	b.n	10004546 <_vsnprintf+0xa02>
100040d2:	0013      	movs	r3, r2
100040d4:	065b      	lsls	r3, r3, #25
100040d6:	d500      	bpl.n	100040da <_vsnprintf+0x596>
100040d8:	e13c      	b.n	10004354 <_vsnprintf+0x810>
100040da:	0013      	movs	r3, r2
100040dc:	061b      	lsls	r3, r3, #24
100040de:	d400      	bmi.n	100040e2 <_vsnprintf+0x59e>
100040e0:	e2a6      	b.n	10004630 <_vsnprintf+0xaec>
100040e2:	9b09      	ldr	r3, [sp, #36]	; 0x24
100040e4:	cb04      	ldmia	r3!, {r2}
100040e6:	0412      	lsls	r2, r2, #16
100040e8:	0c12      	lsrs	r2, r2, #16
100040ea:	4693      	mov	fp, r2
100040ec:	9309      	str	r3, [sp, #36]	; 0x24
100040ee:	465b      	mov	r3, fp
100040f0:	2b00      	cmp	r3, #0
100040f2:	d000      	beq.n	100040f6 <_vsnprintf+0x5b2>
100040f4:	e19a      	b.n	1000442c <_vsnprintf+0x8e8>
100040f6:	9a0b      	ldr	r2, [sp, #44]	; 0x2c
100040f8:	3310      	adds	r3, #16
100040fa:	0011      	movs	r1, r2
100040fc:	4399      	bics	r1, r3
100040fe:	910b      	str	r1, [sp, #44]	; 0x2c
10004100:	0552      	lsls	r2, r2, #21
10004102:	d400      	bmi.n	10004106 <_vsnprintf+0x5c2>
10004104:	e192      	b.n	1000442c <_vsnprintf+0x8e8>
10004106:	2300      	movs	r3, #0
10004108:	469a      	mov	sl, r3
1000410a:	9b0b      	ldr	r3, [sp, #44]	; 0x2c
1000410c:	9306      	str	r3, [sp, #24]
1000410e:	9b0a      	ldr	r3, [sp, #40]	; 0x28
10004110:	9305      	str	r3, [sp, #20]
10004112:	4643      	mov	r3, r8
10004114:	9304      	str	r3, [sp, #16]
10004116:	9b0c      	ldr	r3, [sp, #48]	; 0x30
10004118:	9303      	str	r3, [sp, #12]
1000411a:	2300      	movs	r3, #0
1000411c:	e10c      	b.n	10004338 <_vsnprintf+0x7f4>
1000411e:	2320      	movs	r3, #32
10004120:	4319      	orrs	r1, r3
10004122:	e660      	b.n	10003de6 <_vsnprintf+0x2a2>
10004124:	9b09      	ldr	r3, [sp, #36]	; 0x24
10004126:	9a0a      	ldr	r2, [sp, #40]	; 0x28
10004128:	1b5b      	subs	r3, r3, r5
1000412a:	4698      	mov	r8, r3
1000412c:	464b      	mov	r3, r9
1000412e:	4691      	mov	r9, r2
10004130:	001f      	movs	r7, r3
10004132:	46b2      	mov	sl, r6
10004134:	0026      	movs	r6, r4
10004136:	9c08      	ldr	r4, [sp, #32]
10004138:	002a      	movs	r2, r5
1000413a:	003b      	movs	r3, r7
1000413c:	0031      	movs	r1, r6
1000413e:	47a0      	blx	r4
10004140:	4643      	mov	r3, r8
10004142:	3501      	adds	r5, #1
10004144:	5d58      	ldrb	r0, [r3, r5]
10004146:	2800      	cmp	r0, #0
10004148:	d1f6      	bne.n	10004138 <_vsnprintf+0x5f4>
1000414a:	464a      	mov	r2, r9
1000414c:	0034      	movs	r4, r6
1000414e:	46b9      	mov	r9, r7
10004150:	4656      	mov	r6, sl
10004152:	920a      	str	r2, [sp, #40]	; 0x28
10004154:	e6f5      	b.n	10003f42 <_vsnprintf+0x3fe>
10004156:	23c0      	movs	r3, #192	; 0xc0
10004158:	009b      	lsls	r3, r3, #2
1000415a:	78b0      	ldrb	r0, [r6, #2]
1000415c:	4319      	orrs	r1, r3
1000415e:	3602      	adds	r6, #2
10004160:	e55d      	b.n	10003c1e <_vsnprintf+0xda>
10004162:	23c0      	movs	r3, #192	; 0xc0
10004164:	78b0      	ldrb	r0, [r6, #2]
10004166:	4319      	orrs	r1, r3
10004168:	3602      	adds	r6, #2
1000416a:	e558      	b.n	10003c1e <_vsnprintf+0xda>
1000416c:	230c      	movs	r3, #12
1000416e:	000a      	movs	r2, r1
10004170:	439a      	bics	r2, r3
10004172:	3314      	adds	r3, #20
10004174:	431a      	orrs	r2, r3
10004176:	3b10      	subs	r3, #16
10004178:	920b      	str	r2, [sp, #44]	; 0x2c
1000417a:	930c      	str	r3, [sp, #48]	; 0x30
1000417c:	054b      	lsls	r3, r1, #21
1000417e:	d48d      	bmi.n	1000409c <_vsnprintf+0x558>
10004180:	e796      	b.n	100040b0 <_vsnprintf+0x56c>
10004182:	46a1      	mov	r9, r4
10004184:	0034      	movs	r4, r6
10004186:	4656      	mov	r6, sl
10004188:	e6db      	b.n	10003f42 <_vsnprintf+0x3fe>
1000418a:	9a0a      	ldr	r2, [sp, #40]	; 0x28
1000418c:	2a01      	cmp	r2, #1
1000418e:	d800      	bhi.n	10004192 <_vsnprintf+0x64e>
10004190:	e253      	b.n	1000463a <_vsnprintf+0xaf6>
10004192:	1e6b      	subs	r3, r5, #1
10004194:	189f      	adds	r7, r3, r2
10004196:	9b08      	ldr	r3, [sp, #32]
10004198:	46b0      	mov	r8, r6
1000419a:	0026      	movs	r6, r4
1000419c:	464c      	mov	r4, r9
1000419e:	4699      	mov	r9, r3
100041a0:	002a      	movs	r2, r5
100041a2:	0023      	movs	r3, r4
100041a4:	3501      	adds	r5, #1
100041a6:	0031      	movs	r1, r6
100041a8:	2020      	movs	r0, #32
100041aa:	47c8      	blx	r9
100041ac:	42bd      	cmp	r5, r7
100041ae:	d1f7      	bne.n	100041a0 <_vsnprintf+0x65c>
100041b0:	46a1      	mov	r9, r4
100041b2:	0034      	movs	r4, r6
100041b4:	4646      	mov	r6, r8
100041b6:	9b09      	ldr	r3, [sp, #36]	; 0x24
100041b8:	003a      	movs	r2, r7
100041ba:	cb01      	ldmia	r3!, {r0}
100041bc:	0021      	movs	r1, r4
100041be:	4698      	mov	r8, r3
100041c0:	1c7d      	adds	r5, r7, #1
100041c2:	464b      	mov	r3, r9
100041c4:	9f08      	ldr	r7, [sp, #32]
100041c6:	b2c0      	uxtb	r0, r0
100041c8:	47b8      	blx	r7
100041ca:	4643      	mov	r3, r8
100041cc:	3601      	adds	r6, #1
100041ce:	9309      	str	r3, [sp, #36]	; 0x24
100041d0:	e4dd      	b.n	10003b8e <_vsnprintf+0x4a>
100041d2:	9b0b      	ldr	r3, [sp, #44]	; 0x2c
100041d4:	9a0a      	ldr	r2, [sp, #40]	; 0x28
100041d6:	46a8      	mov	r8, r5
100041d8:	429a      	cmp	r2, r3
100041da:	d800      	bhi.n	100041de <_vsnprintf+0x69a>
100041dc:	e6b5      	b.n	10003f4a <_vsnprintf+0x406>
100041de:	4694      	mov	ip, r2
100041e0:	4465      	add	r5, ip
100041e2:	1aed      	subs	r5, r5, r3
100041e4:	9b08      	ldr	r3, [sp, #32]
100041e6:	4647      	mov	r7, r8
100041e8:	46b0      	mov	r8, r6
100041ea:	0026      	movs	r6, r4
100041ec:	464c      	mov	r4, r9
100041ee:	4699      	mov	r9, r3
100041f0:	003a      	movs	r2, r7
100041f2:	0023      	movs	r3, r4
100041f4:	3701      	adds	r7, #1
100041f6:	0031      	movs	r1, r6
100041f8:	2020      	movs	r0, #32
100041fa:	47c8      	blx	r9
100041fc:	42af      	cmp	r7, r5
100041fe:	d1f7      	bne.n	100041f0 <_vsnprintf+0x6ac>
10004200:	46a1      	mov	r9, r4
10004202:	0034      	movs	r4, r6
10004204:	4646      	mov	r6, r8
10004206:	e6a0      	b.n	10003f4a <_vsnprintf+0x406>
10004208:	9a0b      	ldr	r2, [sp, #44]	; 0x2c
1000420a:	990a      	ldr	r1, [sp, #40]	; 0x28
1000420c:	1c53      	adds	r3, r2, #1
1000420e:	4291      	cmp	r1, r2
10004210:	d800      	bhi.n	10004214 <_vsnprintf+0x6d0>
10004212:	e214      	b.n	1000463e <_vsnprintf+0xafa>
10004214:	194b      	adds	r3, r1, r5
10004216:	1a9b      	subs	r3, r3, r2
10004218:	001f      	movs	r7, r3
1000421a:	9b08      	ldr	r3, [sp, #32]
1000421c:	46b2      	mov	sl, r6
1000421e:	0026      	movs	r6, r4
10004220:	464c      	mov	r4, r9
10004222:	4699      	mov	r9, r3
10004224:	002a      	movs	r2, r5
10004226:	0023      	movs	r3, r4
10004228:	3501      	adds	r5, #1
1000422a:	0031      	movs	r1, r6
1000422c:	2020      	movs	r0, #32
1000422e:	47c8      	blx	r9
10004230:	42bd      	cmp	r5, r7
10004232:	d1f7      	bne.n	10004224 <_vsnprintf+0x6e0>
10004234:	9b0a      	ldr	r3, [sp, #40]	; 0x28
10004236:	46a1      	mov	r9, r4
10004238:	3301      	adds	r3, #1
1000423a:	930b      	str	r3, [sp, #44]	; 0x2c
1000423c:	9b09      	ldr	r3, [sp, #36]	; 0x24
1000423e:	0034      	movs	r4, r6
10004240:	781b      	ldrb	r3, [r3, #0]
10004242:	4656      	mov	r6, sl
10004244:	469c      	mov	ip, r3
10004246:	4660      	mov	r0, ip
10004248:	2800      	cmp	r0, #0
1000424a:	d000      	beq.n	1000424e <_vsnprintf+0x70a>
1000424c:	e658      	b.n	10003f00 <_vsnprintf+0x3bc>
1000424e:	e67c      	b.n	10003f4a <_vsnprintf+0x406>
10004250:	2207      	movs	r2, #7
10004252:	9b09      	ldr	r3, [sp, #36]	; 0x24
10004254:	3307      	adds	r3, #7
10004256:	4393      	bics	r3, r2
10004258:	3201      	adds	r2, #1
1000425a:	4694      	mov	ip, r2
1000425c:	449c      	add	ip, r3
1000425e:	4662      	mov	r2, ip
10004260:	685f      	ldr	r7, [r3, #4]
10004262:	9209      	str	r2, [sp, #36]	; 0x24
10004264:	681a      	ldr	r2, [r3, #0]
10004266:	17fb      	asrs	r3, r7, #31
10004268:	9310      	str	r3, [sp, #64]	; 0x40
1000426a:	9311      	str	r3, [sp, #68]	; 0x44
1000426c:	9810      	ldr	r0, [sp, #64]	; 0x40
1000426e:	9911      	ldr	r1, [sp, #68]	; 0x44
10004270:	0003      	movs	r3, r0
10004272:	4053      	eors	r3, r2
10004274:	930e      	str	r3, [sp, #56]	; 0x38
10004276:	000b      	movs	r3, r1
10004278:	407b      	eors	r3, r7
1000427a:	930f      	str	r3, [sp, #60]	; 0x3c
1000427c:	4694      	mov	ip, r2
1000427e:	9a0e      	ldr	r2, [sp, #56]	; 0x38
10004280:	9b0f      	ldr	r3, [sp, #60]	; 0x3c
10004282:	1a12      	subs	r2, r2, r0
10004284:	418b      	sbcs	r3, r1
10004286:	920e      	str	r2, [sp, #56]	; 0x38
10004288:	930f      	str	r3, [sp, #60]	; 0x3c
1000428a:	0ffb      	lsrs	r3, r7, #31
1000428c:	4662      	mov	r2, ip
1000428e:	9312      	str	r3, [sp, #72]	; 0x48
10004290:	2300      	movs	r3, #0
10004292:	433a      	orrs	r2, r7
10004294:	469b      	mov	fp, r3
10004296:	d03d      	beq.n	10004314 <_vsnprintf+0x7d0>
10004298:	9a0b      	ldr	r2, [sp, #44]	; 0x2c
1000429a:	2361      	movs	r3, #97	; 0x61
1000429c:	0692      	lsls	r2, r2, #26
1000429e:	d500      	bpl.n	100042a2 <_vsnprintf+0x75e>
100042a0:	2341      	movs	r3, #65	; 0x41
100042a2:	2200      	movs	r2, #0
100042a4:	b2db      	uxtb	r3, r3
100042a6:	a90e      	add	r1, sp, #56	; 0x38
100042a8:	3b0a      	subs	r3, #10
100042aa:	468c      	mov	ip, r1
100042ac:	4692      	mov	sl, r2
100042ae:	930d      	str	r3, [sp, #52]	; 0x34
100042b0:	4643      	mov	r3, r8
100042b2:	321f      	adds	r2, #31
100042b4:	4462      	add	r2, ip
100042b6:	9513      	str	r5, [sp, #76]	; 0x4c
100042b8:	9615      	str	r6, [sp, #84]	; 0x54
100042ba:	4655      	mov	r5, sl
100042bc:	9e0e      	ldr	r6, [sp, #56]	; 0x38
100042be:	9f0f      	ldr	r7, [sp, #60]	; 0x3c
100042c0:	46a2      	mov	sl, r4
100042c2:	4690      	mov	r8, r2
100042c4:	9c0c      	ldr	r4, [sp, #48]	; 0x30
100042c6:	9314      	str	r3, [sp, #80]	; 0x50
100042c8:	e00c      	b.n	100042e4 <_vsnprintf+0x7a0>
100042ca:	3230      	adds	r2, #48	; 0x30
100042cc:	b2d2      	uxtb	r2, r2
100042ce:	4643      	mov	r3, r8
100042d0:	3501      	adds	r5, #1
100042d2:	555a      	strb	r2, [r3, r5]
100042d4:	45bb      	cmp	fp, r7
100042d6:	d100      	bne.n	100042da <_vsnprintf+0x796>
100042d8:	e18a      	b.n	100045f0 <_vsnprintf+0xaac>
100042da:	2d20      	cmp	r5, #32
100042dc:	d100      	bne.n	100042e0 <_vsnprintf+0x79c>
100042de:	e18a      	b.n	100045f6 <_vsnprintf+0xab2>
100042e0:	0006      	movs	r6, r0
100042e2:	000f      	movs	r7, r1
100042e4:	0022      	movs	r2, r4
100042e6:	2300      	movs	r3, #0
100042e8:	0030      	movs	r0, r6
100042ea:	0039      	movs	r1, r7
100042ec:	f000 fa74 	bl	100047d8 <__wrap___aeabi_uldivmod>
100042f0:	b2d2      	uxtb	r2, r2
100042f2:	2a09      	cmp	r2, #9
100042f4:	d9e9      	bls.n	100042ca <_vsnprintf+0x786>
100042f6:	9b0d      	ldr	r3, [sp, #52]	; 0x34
100042f8:	469c      	mov	ip, r3
100042fa:	4462      	add	r2, ip
100042fc:	b2d2      	uxtb	r2, r2
100042fe:	e7e6      	b.n	100042ce <_vsnprintf+0x78a>
10004300:	23ff      	movs	r3, #255	; 0xff
10004302:	9909      	ldr	r1, [sp, #36]	; 0x24
10004304:	c904      	ldmia	r1!, {r2}
10004306:	4013      	ands	r3, r2
10004308:	001a      	movs	r2, r3
1000430a:	9109      	str	r1, [sp, #36]	; 0x24
1000430c:	e517      	b.n	10003d3e <_vsnprintf+0x1fa>
1000430e:	46c0      	nop			; (mov r8, r8)
10004310:	100030d5 	.word	0x100030d5
10004314:	9a0b      	ldr	r2, [sp, #44]	; 0x2c
10004316:	3310      	adds	r3, #16
10004318:	0011      	movs	r1, r2
1000431a:	4399      	bics	r1, r3
1000431c:	910b      	str	r1, [sp, #44]	; 0x2c
1000431e:	0552      	lsls	r2, r2, #21
10004320:	d5ba      	bpl.n	10004298 <_vsnprintf+0x754>
10004322:	2300      	movs	r3, #0
10004324:	469a      	mov	sl, r3
10004326:	9b0b      	ldr	r3, [sp, #44]	; 0x2c
10004328:	9306      	str	r3, [sp, #24]
1000432a:	9b0a      	ldr	r3, [sp, #40]	; 0x28
1000432c:	9305      	str	r3, [sp, #20]
1000432e:	4643      	mov	r3, r8
10004330:	9304      	str	r3, [sp, #16]
10004332:	9b0c      	ldr	r3, [sp, #48]	; 0x30
10004334:	9303      	str	r3, [sp, #12]
10004336:	9b12      	ldr	r3, [sp, #72]	; 0x48
10004338:	9302      	str	r3, [sp, #8]
1000433a:	4653      	mov	r3, sl
1000433c:	9301      	str	r3, [sp, #4]
1000433e:	ab16      	add	r3, sp, #88	; 0x58
10004340:	002a      	movs	r2, r5
10004342:	9300      	str	r3, [sp, #0]
10004344:	0021      	movs	r1, r4
10004346:	464b      	mov	r3, r9
10004348:	9808      	ldr	r0, [sp, #32]
1000434a:	f7fe ff13 	bl	10003174 <_ntoa_format>
1000434e:	3601      	adds	r6, #1
10004350:	0005      	movs	r5, r0
10004352:	e41c      	b.n	10003b8e <_vsnprintf+0x4a>
10004354:	22ff      	movs	r2, #255	; 0xff
10004356:	9b09      	ldr	r3, [sp, #36]	; 0x24
10004358:	cb02      	ldmia	r3!, {r1}
1000435a:	4011      	ands	r1, r2
1000435c:	468b      	mov	fp, r1
1000435e:	9309      	str	r3, [sp, #36]	; 0x24
10004360:	e6c5      	b.n	100040ee <_vsnprintf+0x5aa>
10004362:	4653      	mov	r3, sl
10004364:	4645      	mov	r5, r8
10004366:	9309      	str	r3, [sp, #36]	; 0x24
10004368:	3601      	adds	r6, #1
1000436a:	f7ff fc10 	bl	10003b8e <_vsnprintf+0x4a>
1000436e:	4656      	mov	r6, sl
10004370:	465c      	mov	r4, fp
10004372:	46aa      	mov	sl, r5
10004374:	9d13      	ldr	r5, [sp, #76]	; 0x4c
10004376:	e7d6      	b.n	10004326 <_vsnprintf+0x7e2>
10004378:	2308      	movs	r3, #8
1000437a:	930c      	str	r3, [sp, #48]	; 0x30
1000437c:	910b      	str	r1, [sp, #44]	; 0x2c
1000437e:	990b      	ldr	r1, [sp, #44]	; 0x2c
10004380:	2864      	cmp	r0, #100	; 0x64
10004382:	d000      	beq.n	10004386 <_vsnprintf+0x842>
10004384:	e684      	b.n	10004090 <_vsnprintf+0x54c>
10004386:	9b0b      	ldr	r3, [sp, #44]	; 0x2c
10004388:	055b      	lsls	r3, r3, #21
1000438a:	d500      	bpl.n	1000438e <_vsnprintf+0x84a>
1000438c:	e686      	b.n	1000409c <_vsnprintf+0x558>
1000438e:	e4b4      	b.n	10003cfa <_vsnprintf+0x1b6>
10004390:	2207      	movs	r2, #7
10004392:	9b09      	ldr	r3, [sp, #36]	; 0x24
10004394:	3307      	adds	r3, #7
10004396:	4393      	bics	r3, r2
10004398:	3201      	adds	r2, #1
1000439a:	4694      	mov	ip, r2
1000439c:	449c      	add	ip, r3
1000439e:	4662      	mov	r2, ip
100043a0:	9209      	str	r2, [sp, #36]	; 0x24
100043a2:	681a      	ldr	r2, [r3, #0]
100043a4:	685b      	ldr	r3, [r3, #4]
100043a6:	0010      	movs	r0, r2
100043a8:	469b      	mov	fp, r3
100043aa:	0013      	movs	r3, r2
100043ac:	465a      	mov	r2, fp
100043ae:	4313      	orrs	r3, r2
100043b0:	d107      	bne.n	100043c2 <_vsnprintf+0x87e>
100043b2:	9a0b      	ldr	r2, [sp, #44]	; 0x2c
100043b4:	3310      	adds	r3, #16
100043b6:	0011      	movs	r1, r2
100043b8:	4399      	bics	r1, r3
100043ba:	910b      	str	r1, [sp, #44]	; 0x2c
100043bc:	0552      	lsls	r2, r2, #21
100043be:	d500      	bpl.n	100043c2 <_vsnprintf+0x87e>
100043c0:	e6a1      	b.n	10004106 <_vsnprintf+0x5c2>
100043c2:	9a0b      	ldr	r2, [sp, #44]	; 0x2c
100043c4:	2361      	movs	r3, #97	; 0x61
100043c6:	0692      	lsls	r2, r2, #26
100043c8:	d500      	bpl.n	100043cc <_vsnprintf+0x888>
100043ca:	2341      	movs	r3, #65	; 0x41
100043cc:	2200      	movs	r2, #0
100043ce:	b2db      	uxtb	r3, r3
100043d0:	a90e      	add	r1, sp, #56	; 0x38
100043d2:	3b0a      	subs	r3, #10
100043d4:	468c      	mov	ip, r1
100043d6:	4692      	mov	sl, r2
100043d8:	930d      	str	r3, [sp, #52]	; 0x34
100043da:	4643      	mov	r3, r8
100043dc:	321f      	adds	r2, #31
100043de:	4462      	add	r2, ip
100043e0:	465f      	mov	r7, fp
100043e2:	9512      	str	r5, [sp, #72]	; 0x48
100043e4:	46a3      	mov	fp, r4
100043e6:	4655      	mov	r5, sl
100043e8:	0004      	movs	r4, r0
100043ea:	46b2      	mov	sl, r6
100043ec:	4690      	mov	r8, r2
100043ee:	9e0c      	ldr	r6, [sp, #48]	; 0x30
100043f0:	9313      	str	r3, [sp, #76]	; 0x4c
100043f2:	e00d      	b.n	10004410 <_vsnprintf+0x8cc>
100043f4:	3230      	adds	r2, #48	; 0x30
100043f6:	b2d2      	uxtb	r2, r2
100043f8:	4643      	mov	r3, r8
100043fa:	3501      	adds	r5, #1
100043fc:	555a      	strb	r2, [r3, r5]
100043fe:	2300      	movs	r3, #0
10004400:	42bb      	cmp	r3, r7
10004402:	d100      	bne.n	10004406 <_vsnprintf+0x8c2>
10004404:	e100      	b.n	10004608 <_vsnprintf+0xac4>
10004406:	2d20      	cmp	r5, #32
10004408:	d100      	bne.n	1000440c <_vsnprintf+0x8c8>
1000440a:	e100      	b.n	1000460e <_vsnprintf+0xaca>
1000440c:	0004      	movs	r4, r0
1000440e:	000f      	movs	r7, r1
10004410:	0032      	movs	r2, r6
10004412:	2300      	movs	r3, #0
10004414:	0020      	movs	r0, r4
10004416:	0039      	movs	r1, r7
10004418:	f000 f9de 	bl	100047d8 <__wrap___aeabi_uldivmod>
1000441c:	b2d2      	uxtb	r2, r2
1000441e:	2a09      	cmp	r2, #9
10004420:	d9e8      	bls.n	100043f4 <_vsnprintf+0x8b0>
10004422:	9b0d      	ldr	r3, [sp, #52]	; 0x34
10004424:	469c      	mov	ip, r3
10004426:	4462      	add	r2, ip
10004428:	b2d2      	uxtb	r2, r2
1000442a:	e7e5      	b.n	100043f8 <_vsnprintf+0x8b4>
1000442c:	9a0b      	ldr	r2, [sp, #44]	; 0x2c
1000442e:	2361      	movs	r3, #97	; 0x61
10004430:	0692      	lsls	r2, r2, #26
10004432:	d500      	bpl.n	10004436 <_vsnprintf+0x8f2>
10004434:	2341      	movs	r3, #65	; 0x41
10004436:	b2db      	uxtb	r3, r3
10004438:	a90e      	add	r1, sp, #56	; 0x38
1000443a:	3b0a      	subs	r3, #10
1000443c:	221f      	movs	r2, #31
1000443e:	468c      	mov	ip, r1
10004440:	930d      	str	r3, [sp, #52]	; 0x34
10004442:	0023      	movs	r3, r4
10004444:	4462      	add	r2, ip
10004446:	465c      	mov	r4, fp
10004448:	9512      	str	r5, [sp, #72]	; 0x48
1000444a:	0017      	movs	r7, r2
1000444c:	4655      	mov	r5, sl
1000444e:	469b      	mov	fp, r3
10004450:	46b2      	mov	sl, r6
10004452:	9e0c      	ldr	r6, [sp, #48]	; 0x30
10004454:	e008      	b.n	10004468 <_vsnprintf+0x924>
10004456:	3330      	adds	r3, #48	; 0x30
10004458:	b2db      	uxtb	r3, r3
1000445a:	3501      	adds	r5, #1
1000445c:	557b      	strb	r3, [r7, r5]
1000445e:	42b4      	cmp	r4, r6
10004460:	d30e      	bcc.n	10004480 <_vsnprintf+0x93c>
10004462:	2d20      	cmp	r5, #32
10004464:	d00c      	beq.n	10004480 <_vsnprintf+0x93c>
10004466:	0004      	movs	r4, r0
10004468:	0031      	movs	r1, r6
1000446a:	0020      	movs	r0, r4
1000446c:	f000 f976 	bl	1000475c <__wrap___aeabi_uidiv>
10004470:	b2cb      	uxtb	r3, r1
10004472:	2909      	cmp	r1, #9
10004474:	d9ef      	bls.n	10004456 <_vsnprintf+0x912>
10004476:	9a0d      	ldr	r2, [sp, #52]	; 0x34
10004478:	4694      	mov	ip, r2
1000447a:	4463      	add	r3, ip
1000447c:	b2db      	uxtb	r3, r3
1000447e:	e7ec      	b.n	1000445a <_vsnprintf+0x916>
10004480:	4656      	mov	r6, sl
10004482:	465c      	mov	r4, fp
10004484:	46aa      	mov	sl, r5
10004486:	9d12      	ldr	r5, [sp, #72]	; 0x48
10004488:	e63f      	b.n	1000410a <_vsnprintf+0x5c6>
1000448a:	9b09      	ldr	r3, [sp, #36]	; 0x24
1000448c:	001a      	movs	r2, r3
1000448e:	ca08      	ldmia	r2!, {r3}
10004490:	17d9      	asrs	r1, r3, #31
10004492:	9213      	str	r2, [sp, #76]	; 0x4c
10004494:	185a      	adds	r2, r3, r1
10004496:	404a      	eors	r2, r1
10004498:	4692      	mov	sl, r2
1000449a:	0fda      	lsrs	r2, r3, #31
1000449c:	9212      	str	r2, [sp, #72]	; 0x48
1000449e:	2b00      	cmp	r3, #0
100044a0:	d108      	bne.n	100044b4 <_vsnprintf+0x970>
100044a2:	2380      	movs	r3, #128	; 0x80
100044a4:	2210      	movs	r2, #16
100044a6:	990b      	ldr	r1, [sp, #44]	; 0x2c
100044a8:	00db      	lsls	r3, r3, #3
100044aa:	400b      	ands	r3, r1
100044ac:	4391      	bics	r1, r2
100044ae:	910b      	str	r1, [sp, #44]	; 0x2c
100044b0:	2b00      	cmp	r3, #0
100044b2:	d12b      	bne.n	1000450c <_vsnprintf+0x9c8>
100044b4:	9a0b      	ldr	r2, [sp, #44]	; 0x2c
100044b6:	2361      	movs	r3, #97	; 0x61
100044b8:	0692      	lsls	r2, r2, #26
100044ba:	d500      	bpl.n	100044be <_vsnprintf+0x97a>
100044bc:	2341      	movs	r3, #65	; 0x41
100044be:	aa0e      	add	r2, sp, #56	; 0x38
100044c0:	271f      	movs	r7, #31
100044c2:	4694      	mov	ip, r2
100044c4:	b2db      	uxtb	r3, r3
100044c6:	3b0a      	subs	r3, #10
100044c8:	950d      	str	r5, [sp, #52]	; 0x34
100044ca:	4467      	add	r7, ip
100044cc:	465d      	mov	r5, fp
100044ce:	9309      	str	r3, [sp, #36]	; 0x24
100044d0:	46a3      	mov	fp, r4
100044d2:	4654      	mov	r4, sl
100044d4:	46b2      	mov	sl, r6
100044d6:	9e0c      	ldr	r6, [sp, #48]	; 0x30
100044d8:	e008      	b.n	100044ec <_vsnprintf+0x9a8>
100044da:	3330      	adds	r3, #48	; 0x30
100044dc:	b2db      	uxtb	r3, r3
100044de:	3501      	adds	r5, #1
100044e0:	557b      	strb	r3, [r7, r5]
100044e2:	42b4      	cmp	r4, r6
100044e4:	d30e      	bcc.n	10004504 <_vsnprintf+0x9c0>
100044e6:	2d20      	cmp	r5, #32
100044e8:	d00c      	beq.n	10004504 <_vsnprintf+0x9c0>
100044ea:	0004      	movs	r4, r0
100044ec:	0031      	movs	r1, r6
100044ee:	0020      	movs	r0, r4
100044f0:	f000 f934 	bl	1000475c <__wrap___aeabi_uidiv>
100044f4:	b2cb      	uxtb	r3, r1
100044f6:	2909      	cmp	r1, #9
100044f8:	d9ef      	bls.n	100044da <_vsnprintf+0x996>
100044fa:	9a09      	ldr	r2, [sp, #36]	; 0x24
100044fc:	4694      	mov	ip, r2
100044fe:	4463      	add	r3, ip
10004500:	b2db      	uxtb	r3, r3
10004502:	e7ec      	b.n	100044de <_vsnprintf+0x99a>
10004504:	4656      	mov	r6, sl
10004506:	465c      	mov	r4, fp
10004508:	46ab      	mov	fp, r5
1000450a:	9d0d      	ldr	r5, [sp, #52]	; 0x34
1000450c:	9b0b      	ldr	r3, [sp, #44]	; 0x2c
1000450e:	002a      	movs	r2, r5
10004510:	9306      	str	r3, [sp, #24]
10004512:	9b0a      	ldr	r3, [sp, #40]	; 0x28
10004514:	0021      	movs	r1, r4
10004516:	9305      	str	r3, [sp, #20]
10004518:	4643      	mov	r3, r8
1000451a:	9304      	str	r3, [sp, #16]
1000451c:	9b0c      	ldr	r3, [sp, #48]	; 0x30
1000451e:	9808      	ldr	r0, [sp, #32]
10004520:	9303      	str	r3, [sp, #12]
10004522:	9b12      	ldr	r3, [sp, #72]	; 0x48
10004524:	3601      	adds	r6, #1
10004526:	9302      	str	r3, [sp, #8]
10004528:	465b      	mov	r3, fp
1000452a:	9301      	str	r3, [sp, #4]
1000452c:	ab16      	add	r3, sp, #88	; 0x58
1000452e:	9300      	str	r3, [sp, #0]
10004530:	464b      	mov	r3, r9
10004532:	f7fe fe1f 	bl	10003174 <_ntoa_format>
10004536:	9b13      	ldr	r3, [sp, #76]	; 0x4c
10004538:	0005      	movs	r5, r0
1000453a:	9309      	str	r3, [sp, #36]	; 0x24
1000453c:	f7ff fb27 	bl	10003b8e <_vsnprintf+0x4a>
10004540:	2302      	movs	r3, #2
10004542:	930c      	str	r3, [sp, #48]	; 0x30
10004544:	e71a      	b.n	1000437c <_vsnprintf+0x838>
10004546:	9b09      	ldr	r3, [sp, #36]	; 0x24
10004548:	cb04      	ldmia	r3!, {r2}
1000454a:	4692      	mov	sl, r2
1000454c:	9312      	str	r3, [sp, #72]	; 0x48
1000454e:	2a00      	cmp	r2, #0
10004550:	d108      	bne.n	10004564 <_vsnprintf+0xa20>
10004552:	2380      	movs	r3, #128	; 0x80
10004554:	2210      	movs	r2, #16
10004556:	990b      	ldr	r1, [sp, #44]	; 0x2c
10004558:	00db      	lsls	r3, r3, #3
1000455a:	400b      	ands	r3, r1
1000455c:	4391      	bics	r1, r2
1000455e:	910b      	str	r1, [sp, #44]	; 0x2c
10004560:	2b00      	cmp	r3, #0
10004562:	d12b      	bne.n	100045bc <_vsnprintf+0xa78>
10004564:	9a0b      	ldr	r2, [sp, #44]	; 0x2c
10004566:	2361      	movs	r3, #97	; 0x61
10004568:	0692      	lsls	r2, r2, #26
1000456a:	d500      	bpl.n	1000456e <_vsnprintf+0xa2a>
1000456c:	2341      	movs	r3, #65	; 0x41
1000456e:	aa0e      	add	r2, sp, #56	; 0x38
10004570:	271f      	movs	r7, #31
10004572:	4694      	mov	ip, r2
10004574:	b2db      	uxtb	r3, r3
10004576:	3b0a      	subs	r3, #10
10004578:	950d      	str	r5, [sp, #52]	; 0x34
1000457a:	4467      	add	r7, ip
1000457c:	465d      	mov	r5, fp
1000457e:	9309      	str	r3, [sp, #36]	; 0x24
10004580:	46a3      	mov	fp, r4
10004582:	4654      	mov	r4, sl
10004584:	46b2      	mov	sl, r6
10004586:	9e0c      	ldr	r6, [sp, #48]	; 0x30
10004588:	e008      	b.n	1000459c <_vsnprintf+0xa58>
1000458a:	3330      	adds	r3, #48	; 0x30
1000458c:	b2db      	uxtb	r3, r3
1000458e:	3501      	adds	r5, #1
10004590:	557b      	strb	r3, [r7, r5]
10004592:	42b4      	cmp	r4, r6
10004594:	d30e      	bcc.n	100045b4 <_vsnprintf+0xa70>
10004596:	2d20      	cmp	r5, #32
10004598:	d00c      	beq.n	100045b4 <_vsnprintf+0xa70>
1000459a:	0004      	movs	r4, r0
1000459c:	0031      	movs	r1, r6
1000459e:	0020      	movs	r0, r4
100045a0:	f000 f8dc 	bl	1000475c <__wrap___aeabi_uidiv>
100045a4:	b2cb      	uxtb	r3, r1
100045a6:	2909      	cmp	r1, #9
100045a8:	d9ef      	bls.n	1000458a <_vsnprintf+0xa46>
100045aa:	9a09      	ldr	r2, [sp, #36]	; 0x24
100045ac:	4694      	mov	ip, r2
100045ae:	4463      	add	r3, ip
100045b0:	b2db      	uxtb	r3, r3
100045b2:	e7ec      	b.n	1000458e <_vsnprintf+0xa4a>
100045b4:	4656      	mov	r6, sl
100045b6:	465c      	mov	r4, fp
100045b8:	46ab      	mov	fp, r5
100045ba:	9d0d      	ldr	r5, [sp, #52]	; 0x34
100045bc:	9b0b      	ldr	r3, [sp, #44]	; 0x2c
100045be:	002a      	movs	r2, r5
100045c0:	9306      	str	r3, [sp, #24]
100045c2:	9b0a      	ldr	r3, [sp, #40]	; 0x28
100045c4:	0021      	movs	r1, r4
100045c6:	9305      	str	r3, [sp, #20]
100045c8:	4643      	mov	r3, r8
100045ca:	9304      	str	r3, [sp, #16]
100045cc:	9b0c      	ldr	r3, [sp, #48]	; 0x30
100045ce:	9808      	ldr	r0, [sp, #32]
100045d0:	9303      	str	r3, [sp, #12]
100045d2:	2300      	movs	r3, #0
100045d4:	9302      	str	r3, [sp, #8]
100045d6:	465b      	mov	r3, fp
100045d8:	9301      	str	r3, [sp, #4]
100045da:	ab16      	add	r3, sp, #88	; 0x58
100045dc:	9300      	str	r3, [sp, #0]
100045de:	464b      	mov	r3, r9
100045e0:	f7fe fdc8 	bl	10003174 <_ntoa_format>
100045e4:	9b12      	ldr	r3, [sp, #72]	; 0x48
100045e6:	0005      	movs	r5, r0
100045e8:	9309      	str	r3, [sp, #36]	; 0x24
100045ea:	3601      	adds	r6, #1
100045ec:	f7ff facf 	bl	10003b8e <_vsnprintf+0x4a>
100045f0:	42b4      	cmp	r4, r6
100045f2:	d800      	bhi.n	100045f6 <_vsnprintf+0xab2>
100045f4:	e671      	b.n	100042da <_vsnprintf+0x796>
100045f6:	9b14      	ldr	r3, [sp, #80]	; 0x50
100045f8:	4654      	mov	r4, sl
100045fa:	960e      	str	r6, [sp, #56]	; 0x38
100045fc:	970f      	str	r7, [sp, #60]	; 0x3c
100045fe:	46aa      	mov	sl, r5
10004600:	4698      	mov	r8, r3
10004602:	9e15      	ldr	r6, [sp, #84]	; 0x54
10004604:	9d13      	ldr	r5, [sp, #76]	; 0x4c
10004606:	e68e      	b.n	10004326 <_vsnprintf+0x7e2>
10004608:	42a6      	cmp	r6, r4
1000460a:	d800      	bhi.n	1000460e <_vsnprintf+0xaca>
1000460c:	e6fb      	b.n	10004406 <_vsnprintf+0x8c2>
1000460e:	9b13      	ldr	r3, [sp, #76]	; 0x4c
10004610:	4656      	mov	r6, sl
10004612:	4698      	mov	r8, r3
10004614:	46aa      	mov	sl, r5
10004616:	465c      	mov	r4, fp
10004618:	9d12      	ldr	r5, [sp, #72]	; 0x48
1000461a:	e576      	b.n	1000410a <_vsnprintf+0x5c6>
1000461c:	c908      	ldmia	r1!, {r3}
1000461e:	17d8      	asrs	r0, r3, #31
10004620:	181a      	adds	r2, r3, r0
10004622:	4042      	eors	r2, r0
10004624:	9109      	str	r1, [sp, #36]	; 0x24
10004626:	f7ff fb8a 	bl	10003d3e <_vsnprintf+0x1fa>
1000462a:	2300      	movs	r3, #0
1000462c:	930b      	str	r3, [sp, #44]	; 0x2c
1000462e:	e450      	b.n	10003ed2 <_vsnprintf+0x38e>
10004630:	9b09      	ldr	r3, [sp, #36]	; 0x24
10004632:	cb04      	ldmia	r3!, {r2}
10004634:	4693      	mov	fp, r2
10004636:	9309      	str	r3, [sp, #36]	; 0x24
10004638:	e559      	b.n	100040ee <_vsnprintf+0x5aa>
1000463a:	002f      	movs	r7, r5
1000463c:	e5bb      	b.n	100041b6 <_vsnprintf+0x672>
1000463e:	930b      	str	r3, [sp, #44]	; 0x2c
10004640:	e601      	b.n	10004246 <_vsnprintf+0x702>
10004642:	3b06      	subs	r3, #6
10004644:	930c      	str	r3, [sp, #48]	; 0x30
10004646:	e69a      	b.n	1000437e <_vsnprintf+0x83a>

10004648 <vfctprintf>:
10004648:	b500      	push	{lr}
1000464a:	b085      	sub	sp, #20
1000464c:	9103      	str	r1, [sp, #12]
1000464e:	2101      	movs	r1, #1
10004650:	9002      	str	r0, [sp, #8]
10004652:	9300      	str	r3, [sp, #0]
10004654:	4803      	ldr	r0, [pc, #12]	; (10004664 <vfctprintf+0x1c>)
10004656:	0013      	movs	r3, r2
10004658:	424a      	negs	r2, r1
1000465a:	a902      	add	r1, sp, #8
1000465c:	f7ff fa72 	bl	10003b44 <_vsnprintf>
10004660:	b005      	add	sp, #20
10004662:	bd00      	pop	{pc}
10004664:	10003351 	.word	0x10003351

10004668 <weak_raw_vprintf>:
10004668:	b510      	push	{r4, lr}
1000466a:	4a09      	ldr	r2, [pc, #36]	; (10004690 <weak_raw_vprintf+0x28>)
1000466c:	0003      	movs	r3, r0
1000466e:	6814      	ldr	r4, [r2, #0]
10004670:	b084      	sub	sp, #16
10004672:	2c00      	cmp	r4, #0
10004674:	d008      	beq.n	10004688 <weak_raw_vprintf+0x20>
10004676:	2201      	movs	r2, #1
10004678:	9100      	str	r1, [sp, #0]
1000467a:	4806      	ldr	r0, [pc, #24]	; (10004694 <weak_raw_vprintf+0x2c>)
1000467c:	4252      	negs	r2, r2
1000467e:	a903      	add	r1, sp, #12
10004680:	47a0      	blx	r4
10004682:	2001      	movs	r0, #1
10004684:	b004      	add	sp, #16
10004686:	bd10      	pop	{r4, pc}
10004688:	f001 ff18 	bl	100064bc <__wrap_puts>
1000468c:	2000      	movs	r0, #0
1000468e:	e7f9      	b.n	10004684 <weak_raw_vprintf+0x1c>
10004690:	200025e8 	.word	0x200025e8
10004694:	10003341 	.word	0x10003341

10004698 <__aeabi_bits_init>:
10004698:	4801      	ldr	r0, [pc, #4]	; (100046a0 <__aeabi_bits_init+0x8>)
1000469a:	2104      	movs	r1, #4
1000469c:	4b01      	ldr	r3, [pc, #4]	; (100046a4 <__aeabi_bits_init+0xc>)
1000469e:	4718      	bx	r3
100046a0:	20000f90 	.word	0x20000f90
100046a4:	100046c9 	.word	0x100046c9

100046a8 <rom_func_lookup>:
100046a8:	2314      	movs	r3, #20
100046aa:	b510      	push	{r4, lr}
100046ac:	0001      	movs	r1, r0
100046ae:	8818      	ldrh	r0, [r3, #0]
100046b0:	3304      	adds	r3, #4
100046b2:	881b      	ldrh	r3, [r3, #0]
100046b4:	4798      	blx	r3
100046b6:	bd10      	pop	{r4, pc}

100046b8 <rom_data_lookup>:
100046b8:	2316      	movs	r3, #22
100046ba:	b510      	push	{r4, lr}
100046bc:	0001      	movs	r1, r0
100046be:	8818      	ldrh	r0, [r3, #0]
100046c0:	3302      	adds	r3, #2
100046c2:	881b      	ldrh	r3, [r3, #0]
100046c4:	4798      	blx	r3
100046c6:	bd10      	pop	{r4, pc}

100046c8 <rom_funcs_lookup>:
100046c8:	b5f8      	push	{r3, r4, r5, r6, r7, lr}
100046ca:	4647      	mov	r7, r8
100046cc:	46ce      	mov	lr, r9
100046ce:	b580      	push	{r7, lr}
100046d0:	1e0f      	subs	r7, r1, #0
100046d2:	d019      	beq.n	10004708 <rom_funcs_lookup+0x40>
100046d4:	2314      	movs	r3, #20
100046d6:	4699      	mov	r9, r3
100046d8:	3304      	adds	r3, #4
100046da:	0004      	movs	r4, r0
100046dc:	2500      	movs	r5, #0
100046de:	2601      	movs	r6, #1
100046e0:	4698      	mov	r8, r3
100046e2:	464b      	mov	r3, r9
100046e4:	8818      	ldrh	r0, [r3, #0]
100046e6:	4643      	mov	r3, r8
100046e8:	6821      	ldr	r1, [r4, #0]
100046ea:	881b      	ldrh	r3, [r3, #0]
100046ec:	4798      	blx	r3
100046ee:	c401      	stmia	r4!, {r0}
100046f0:	1e43      	subs	r3, r0, #1
100046f2:	4198      	sbcs	r0, r3
100046f4:	3501      	adds	r5, #1
100046f6:	4240      	negs	r0, r0
100046f8:	4006      	ands	r6, r0
100046fa:	42af      	cmp	r7, r5
100046fc:	d1f1      	bne.n	100046e2 <rom_funcs_lookup+0x1a>
100046fe:	0030      	movs	r0, r6
10004700:	bcc0      	pop	{r6, r7}
10004702:	46b9      	mov	r9, r7
10004704:	46b0      	mov	r8, r6
10004706:	bdf8      	pop	{r3, r4, r5, r6, r7, pc}
10004708:	2601      	movs	r6, #1
1000470a:	e7f8      	b.n	100046fe <rom_funcs_lookup+0x36>

1000470c <__wrap___aeabi_idiv>:
1000470c:	4a12      	ldr	r2, [pc, #72]	; (10004758 <divmod_s32s32_savestate+0x18>)
1000470e:	6f93      	ldr	r3, [r2, #120]	; 0x78
10004710:	089b      	lsrs	r3, r3, #2
10004712:	d215      	bcs.n	10004740 <divmod_s32s32_savestate>

10004714 <divmod_s32s32_unsafe>:
10004714:	6690      	str	r0, [r2, #104]	; 0x68
10004716:	66d1      	str	r1, [r2, #108]	; 0x6c
10004718:	2900      	cmp	r1, #0
1000471a:	d005      	beq.n	10004728 <divmod_s32s32_unsafe+0x14>
1000471c:	e7ff      	b.n	1000471e <divmod_s32s32_unsafe+0xa>
1000471e:	e7ff      	b.n	10004720 <divmod_s32s32_unsafe+0xc>
10004720:	e7ff      	b.n	10004722 <divmod_s32s32_unsafe+0xe>
10004722:	6f51      	ldr	r1, [r2, #116]	; 0x74
10004724:	6f10      	ldr	r0, [r2, #112]	; 0x70
10004726:	4770      	bx	lr
10004728:	b504      	push	{r2, lr}
1000472a:	2180      	movs	r1, #128	; 0x80
1000472c:	0609      	lsls	r1, r1, #24
1000472e:	17c2      	asrs	r2, r0, #31
10004730:	4051      	eors	r1, r2
10004732:	2800      	cmp	r0, #0
10004734:	d000      	beq.n	10004738 <divmod_s32s32_unsafe+0x24>
10004736:	43c8      	mvns	r0, r1
10004738:	f004 ff52 	bl	100095e0 <____aeabi_idiv0_veneer>
1000473c:	2100      	movs	r1, #0
1000473e:	bd04      	pop	{r2, pc}

10004740 <divmod_s32s32_savestate>:
10004740:	b5f0      	push	{r4, r5, r6, r7, lr}
10004742:	6e14      	ldr	r4, [r2, #96]	; 0x60
10004744:	6e55      	ldr	r5, [r2, #100]	; 0x64
10004746:	6f57      	ldr	r7, [r2, #116]	; 0x74
10004748:	6f16      	ldr	r6, [r2, #112]	; 0x70
1000474a:	f7ff ffe3 	bl	10004714 <divmod_s32s32_unsafe>
1000474e:	6614      	str	r4, [r2, #96]	; 0x60
10004750:	6655      	str	r5, [r2, #100]	; 0x64
10004752:	6757      	str	r7, [r2, #116]	; 0x74
10004754:	6716      	str	r6, [r2, #112]	; 0x70
10004756:	bdf0      	pop	{r4, r5, r6, r7, pc}
10004758:	d0000000 	.word	0xd0000000

1000475c <__wrap___aeabi_uidiv>:
1000475c:	4a11      	ldr	r2, [pc, #68]	; (100047a4 <divmod_u32u32_savestate+0x18>)
1000475e:	6f93      	ldr	r3, [r2, #120]	; 0x78
10004760:	089b      	lsrs	r3, r3, #2
10004762:	d213      	bcs.n	1000478c <divmod_u32u32_savestate>

10004764 <divmod_u32u32_unsafe>:
10004764:	6610      	str	r0, [r2, #96]	; 0x60
10004766:	6651      	str	r1, [r2, #100]	; 0x64
10004768:	2900      	cmp	r1, #0
1000476a:	d005      	beq.n	10004778 <divmod_u32u32_unsafe+0x14>
1000476c:	e7ff      	b.n	1000476e <divmod_u32u32_unsafe+0xa>
1000476e:	e7ff      	b.n	10004770 <divmod_u32u32_unsafe+0xc>
10004770:	e7ff      	b.n	10004772 <divmod_u32u32_unsafe+0xe>
10004772:	6f51      	ldr	r1, [r2, #116]	; 0x74
10004774:	6f10      	ldr	r0, [r2, #112]	; 0x70
10004776:	4770      	bx	lr
10004778:	b504      	push	{r2, lr}
1000477a:	2800      	cmp	r0, #0
1000477c:	d001      	beq.n	10004782 <divmod_u32u32_unsafe+0x1e>
1000477e:	2000      	movs	r0, #0
10004780:	43c0      	mvns	r0, r0
10004782:	f004 ff2d 	bl	100095e0 <____aeabi_idiv0_veneer>
10004786:	2100      	movs	r1, #0
10004788:	bd04      	pop	{r2, pc}
1000478a:	46c0      	nop			; (mov r8, r8)

1000478c <divmod_u32u32_savestate>:
1000478c:	b5f0      	push	{r4, r5, r6, r7, lr}
1000478e:	6e14      	ldr	r4, [r2, #96]	; 0x60
10004790:	6e55      	ldr	r5, [r2, #100]	; 0x64
10004792:	6f57      	ldr	r7, [r2, #116]	; 0x74
10004794:	6f16      	ldr	r6, [r2, #112]	; 0x70
10004796:	f7ff ffe5 	bl	10004764 <divmod_u32u32_unsafe>
1000479a:	6614      	str	r4, [r2, #96]	; 0x60
1000479c:	6655      	str	r5, [r2, #100]	; 0x64
1000479e:	6757      	str	r7, [r2, #116]	; 0x74
100047a0:	6716      	str	r6, [r2, #112]	; 0x70
100047a2:	bdf0      	pop	{r4, r5, r6, r7, pc}
100047a4:	d0000000 	.word	0xd0000000

100047a8 <__wrap___aeabi_ldivmod>:
100047a8:	4694      	mov	ip, r2
100047aa:	4a4a      	ldr	r2, [pc, #296]	; (100048d4 <udiv0+0x1a>)
100047ac:	6f92      	ldr	r2, [r2, #120]	; 0x78
100047ae:	0892      	lsrs	r2, r2, #2
100047b0:	4662      	mov	r2, ip
100047b2:	d201      	bcs.n	100047b8 <divmod_s64s64_savestate>
100047b4:	e028      	b.n	10004808 <divmod_s64s64_unsafe>
100047b6:	46c0      	nop			; (mov r8, r8)

100047b8 <divmod_s64s64_savestate>:
100047b8:	b5f0      	push	{r4, r5, r6, r7, lr}
100047ba:	4e46      	ldr	r6, [pc, #280]	; (100048d4 <udiv0+0x1a>)
100047bc:	6e34      	ldr	r4, [r6, #96]	; 0x60
100047be:	6e75      	ldr	r5, [r6, #100]	; 0x64
100047c0:	6f77      	ldr	r7, [r6, #116]	; 0x74
100047c2:	6f36      	ldr	r6, [r6, #112]	; 0x70
100047c4:	f000 f820 	bl	10004808 <divmod_s64s64_unsafe>
100047c8:	4694      	mov	ip, r2
100047ca:	4a42      	ldr	r2, [pc, #264]	; (100048d4 <udiv0+0x1a>)
100047cc:	6614      	str	r4, [r2, #96]	; 0x60
100047ce:	6655      	str	r5, [r2, #100]	; 0x64
100047d0:	6757      	str	r7, [r2, #116]	; 0x74
100047d2:	6716      	str	r6, [r2, #112]	; 0x70
100047d4:	4662      	mov	r2, ip
100047d6:	bdf0      	pop	{r4, r5, r6, r7, pc}

100047d8 <__wrap___aeabi_uldivmod>:
100047d8:	4694      	mov	ip, r2
100047da:	4a3e      	ldr	r2, [pc, #248]	; (100048d4 <udiv0+0x1a>)
100047dc:	6f92      	ldr	r2, [r2, #120]	; 0x78
100047de:	0892      	lsrs	r2, r2, #2
100047e0:	4662      	mov	r2, ip
100047e2:	d201      	bcs.n	100047e8 <divmod_u64u64_savestate>
100047e4:	e054      	b.n	10004890 <divmod_u64u64_unsafe>
100047e6:	46c0      	nop			; (mov r8, r8)

100047e8 <divmod_u64u64_savestate>:
100047e8:	b5f0      	push	{r4, r5, r6, r7, lr}
100047ea:	4e3a      	ldr	r6, [pc, #232]	; (100048d4 <udiv0+0x1a>)
100047ec:	6e34      	ldr	r4, [r6, #96]	; 0x60
100047ee:	6e75      	ldr	r5, [r6, #100]	; 0x64
100047f0:	6f77      	ldr	r7, [r6, #116]	; 0x74
100047f2:	6f36      	ldr	r6, [r6, #112]	; 0x70
100047f4:	f000 f84c 	bl	10004890 <divmod_u64u64_unsafe>
100047f8:	4694      	mov	ip, r2
100047fa:	4a36      	ldr	r2, [pc, #216]	; (100048d4 <udiv0+0x1a>)
100047fc:	6614      	str	r4, [r2, #96]	; 0x60
100047fe:	6655      	str	r5, [r2, #100]	; 0x64
10004800:	6757      	str	r7, [r2, #116]	; 0x74
10004802:	6716      	str	r6, [r2, #112]	; 0x70
10004804:	4662      	mov	r2, ip
10004806:	bdf0      	pop	{r4, r5, r6, r7, pc}

10004808 <divmod_s64s64_unsafe>:
10004808:	2b00      	cmp	r3, #0
1000480a:	db24      	blt.n	10004856 <l42_1+0x26>
1000480c:	d011      	beq.n	10004832 <l42_1+0x2>
1000480e:	2900      	cmp	r1, #0
10004810:	da3e      	bge.n	10004890 <divmod_u64u64_unsafe>
10004812:	b500      	push	{lr}
10004814:	43c9      	mvns	r1, r1
10004816:	4240      	negs	r0, r0
10004818:	d100      	bne.n	1000481c <l40_1>
1000481a:	3101      	adds	r1, #1

1000481c <l40_1>:
1000481c:	f000 f838 	bl	10004890 <divmod_u64u64_unsafe>
10004820:	43c9      	mvns	r1, r1
10004822:	4240      	negs	r0, r0
10004824:	d100      	bne.n	10004828 <l41_1>
10004826:	3101      	adds	r1, #1

10004828 <l41_1>:
10004828:	43db      	mvns	r3, r3
1000482a:	4252      	negs	r2, r2
1000482c:	d100      	bne.n	10004830 <l42_1>
1000482e:	3301      	adds	r3, #1

10004830 <l42_1>:
10004830:	bd00      	pop	{pc}
10004832:	2a00      	cmp	r2, #0
10004834:	d1eb      	bne.n	1000480e <divmod_s64s64_unsafe+0x6>
10004836:	2800      	cmp	r0, #0
10004838:	d101      	bne.n	1000483e <l42_1+0xe>
1000483a:	2900      	cmp	r1, #0
1000483c:	d005      	beq.n	1000484a <l42_1+0x1a>
1000483e:	2000      	movs	r0, #0
10004840:	0fc9      	lsrs	r1, r1, #31
10004842:	07c9      	lsls	r1, r1, #31
10004844:	d101      	bne.n	1000484a <l42_1+0x1a>
10004846:	43c0      	mvns	r0, r0
10004848:	0841      	lsrs	r1, r0, #1
1000484a:	b500      	push	{lr}
1000484c:	f004 fec0 	bl	100095d0 <____aeabi_ldiv0_veneer>
10004850:	2200      	movs	r2, #0
10004852:	2300      	movs	r3, #0
10004854:	bd00      	pop	{pc}
10004856:	b500      	push	{lr}
10004858:	2900      	cmp	r1, #0
1000485a:	db0a      	blt.n	10004872 <l44_1+0x2>
1000485c:	43db      	mvns	r3, r3
1000485e:	4252      	negs	r2, r2
10004860:	d100      	bne.n	10004864 <l43_1>
10004862:	3301      	adds	r3, #1

10004864 <l43_1>:
10004864:	f000 f814 	bl	10004890 <divmod_u64u64_unsafe>
10004868:	43c9      	mvns	r1, r1
1000486a:	4240      	negs	r0, r0
1000486c:	d100      	bne.n	10004870 <l44_1>
1000486e:	3101      	adds	r1, #1

10004870 <l44_1>:
10004870:	bd00      	pop	{pc}
10004872:	43c9      	mvns	r1, r1
10004874:	4240      	negs	r0, r0
10004876:	d100      	bne.n	1000487a <l45_1>
10004878:	3101      	adds	r1, #1

1000487a <l45_1>:
1000487a:	43db      	mvns	r3, r3
1000487c:	4252      	negs	r2, r2
1000487e:	d100      	bne.n	10004882 <l46_1>
10004880:	3301      	adds	r3, #1

10004882 <l46_1>:
10004882:	f000 f805 	bl	10004890 <divmod_u64u64_unsafe>
10004886:	43db      	mvns	r3, r3
10004888:	4252      	negs	r2, r2
1000488a:	d100      	bne.n	1000488e <l47_1>
1000488c:	3301      	adds	r3, #1

1000488e <l47_1>:
1000488e:	bd00      	pop	{pc}

10004890 <divmod_u64u64_unsafe>:
10004890:	2900      	cmp	r1, #0
10004892:	d123      	bne.n	100048dc <y64>
10004894:	2b00      	cmp	r3, #0
10004896:	d118      	bne.n	100048ca <udiv0+0x10>
10004898:	2a00      	cmp	r2, #0
1000489a:	d00c      	beq.n	100048b6 <divmod_u64u64_unsafe+0x26>
1000489c:	46bc      	mov	ip, r7
1000489e:	4f0d      	ldr	r7, [pc, #52]	; (100048d4 <udiv0+0x1a>)
100048a0:	6638      	str	r0, [r7, #96]	; 0x60
100048a2:	667a      	str	r2, [r7, #100]	; 0x64
100048a4:	2100      	movs	r1, #0
100048a6:	2300      	movs	r3, #0
100048a8:	e7ff      	b.n	100048aa <divmod_u64u64_unsafe+0x1a>
100048aa:	e7ff      	b.n	100048ac <divmod_u64u64_unsafe+0x1c>
100048ac:	e7ff      	b.n	100048ae <divmod_u64u64_unsafe+0x1e>
100048ae:	6f7a      	ldr	r2, [r7, #116]	; 0x74
100048b0:	6f38      	ldr	r0, [r7, #112]	; 0x70
100048b2:	4667      	mov	r7, ip
100048b4:	4770      	bx	lr
100048b6:	2800      	cmp	r0, #0
100048b8:	d001      	beq.n	100048be <udiv0+0x4>

100048ba <udiv0>:
100048ba:	4807      	ldr	r0, [pc, #28]	; (100048d8 <udiv0+0x1e>)
100048bc:	0001      	movs	r1, r0
100048be:	b500      	push	{lr}
100048c0:	f004 fe86 	bl	100095d0 <____aeabi_ldiv0_veneer>
100048c4:	2200      	movs	r2, #0
100048c6:	2300      	movs	r3, #0
100048c8:	bd00      	pop	{pc}
100048ca:	0002      	movs	r2, r0
100048cc:	000b      	movs	r3, r1
100048ce:	2000      	movs	r0, #0
100048d0:	2100      	movs	r1, #0
100048d2:	4770      	bx	lr
100048d4:	d0000000 	.word	0xd0000000
100048d8:	ffffffff 	.word	0xffffffff

100048dc <y64>:
100048dc:	2b00      	cmp	r3, #0
100048de:	d000      	beq.n	100048e2 <y64+0x6>
100048e0:	e0bf      	b.n	10004a62 <y64_x48>
100048e2:	0c13      	lsrs	r3, r2, #16
100048e4:	d128      	bne.n	10004938 <y64_x32>
100048e6:	2a00      	cmp	r2, #0
100048e8:	d0e7      	beq.n	100048ba <udiv0>
100048ea:	b480      	push	{r7}
100048ec:	4f11      	ldr	r7, [pc, #68]	; (10004934 <y64+0x58>)
100048ee:	6639      	str	r1, [r7, #96]	; 0x60
100048f0:	667a      	str	r2, [r7, #100]	; 0x64
100048f2:	e7ff      	b.n	100048f4 <y64+0x18>
100048f4:	e7ff      	b.n	100048f6 <y64+0x1a>
100048f6:	b430      	push	{r4, r5}
100048f8:	0c04      	lsrs	r4, r0, #16
100048fa:	6f7b      	ldr	r3, [r7, #116]	; 0x74
100048fc:	6f39      	ldr	r1, [r7, #112]	; 0x70
100048fe:	041b      	lsls	r3, r3, #16
10004900:	4323      	orrs	r3, r4
10004902:	663b      	str	r3, [r7, #96]	; 0x60
10004904:	667a      	str	r2, [r7, #100]	; 0x64
10004906:	e7ff      	b.n	10004908 <y64+0x2c>
10004908:	e7ff      	b.n	1000490a <y64+0x2e>
1000490a:	e7ff      	b.n	1000490c <y64+0x30>
1000490c:	46c0      	nop			; (mov r8, r8)
1000490e:	b284      	uxth	r4, r0
10004910:	6f7b      	ldr	r3, [r7, #116]	; 0x74
10004912:	6f3d      	ldr	r5, [r7, #112]	; 0x70
10004914:	041b      	lsls	r3, r3, #16
10004916:	4323      	orrs	r3, r4
10004918:	663b      	str	r3, [r7, #96]	; 0x60
1000491a:	667a      	str	r2, [r7, #100]	; 0x64
1000491c:	e7ff      	b.n	1000491e <y64+0x42>
1000491e:	e7ff      	b.n	10004920 <y64+0x44>
10004920:	46c0      	nop			; (mov r8, r8)
10004922:	2300      	movs	r3, #0
10004924:	042c      	lsls	r4, r5, #16
10004926:	0c2d      	lsrs	r5, r5, #16
10004928:	6f7a      	ldr	r2, [r7, #116]	; 0x74
1000492a:	6f38      	ldr	r0, [r7, #112]	; 0x70
1000492c:	1900      	adds	r0, r0, r4
1000492e:	4169      	adcs	r1, r5
10004930:	bcb0      	pop	{r4, r5, r7}
10004932:	4770      	bx	lr
10004934:	d0000000 	.word	0xd0000000

10004938 <y64_x32>:
10004938:	b5f0      	push	{r4, r5, r6, r7, lr}
1000493a:	4694      	mov	ip, r2
1000493c:	2500      	movs	r5, #0
1000493e:	0e14      	lsrs	r4, r2, #24
10004940:	d101      	bne.n	10004946 <y64_x32+0xe>
10004942:	0212      	lsls	r2, r2, #8
10004944:	3508      	adds	r5, #8
10004946:	0f14      	lsrs	r4, r2, #28
10004948:	d101      	bne.n	1000494e <y64_x32+0x16>
1000494a:	0112      	lsls	r2, r2, #4
1000494c:	3504      	adds	r5, #4
1000494e:	0f94      	lsrs	r4, r2, #30
10004950:	d101      	bne.n	10004956 <y64_x32+0x1e>
10004952:	0092      	lsls	r2, r2, #2
10004954:	3502      	adds	r5, #2
10004956:	0fd4      	lsrs	r4, r2, #31
10004958:	d101      	bne.n	1000495e <y64_x32+0x26>
1000495a:	0052      	lsls	r2, r2, #1
1000495c:	3501      	adds	r5, #1
1000495e:	0bd4      	lsrs	r4, r2, #15
10004960:	3401      	adds	r4, #1
10004962:	4f25      	ldr	r7, [pc, #148]	; (100049f8 <y64_x32+0xc0>)
10004964:	667c      	str	r4, [r7, #100]	; 0x64
10004966:	4c25      	ldr	r4, [pc, #148]	; (100049fc <y64_x32+0xc4>)
10004968:	663c      	str	r4, [r7, #96]	; 0x60
1000496a:	0c0e      	lsrs	r6, r1, #16
1000496c:	b293      	uxth	r3, r2
1000496e:	e7ff      	b.n	10004970 <y64_x32+0x38>
10004970:	e7ff      	b.n	10004972 <y64_x32+0x3a>
10004972:	e7ff      	b.n	10004974 <y64_x32+0x3c>
10004974:	6f3c      	ldr	r4, [r7, #112]	; 0x70
10004976:	4366      	muls	r6, r4
10004978:	0c36      	lsrs	r6, r6, #16
1000497a:	0377      	lsls	r7, r6, #13
1000497c:	46be      	mov	lr, r7
1000497e:	4373      	muls	r3, r6
10004980:	0bdf      	lsrs	r7, r3, #15
10004982:	045b      	lsls	r3, r3, #17
10004984:	1ac0      	subs	r0, r0, r3
10004986:	41b9      	sbcs	r1, r7
10004988:	0c13      	lsrs	r3, r2, #16
1000498a:	4373      	muls	r3, r6
1000498c:	18db      	adds	r3, r3, r3
1000498e:	1ac9      	subs	r1, r1, r3
10004990:	08ce      	lsrs	r6, r1, #3
10004992:	4366      	muls	r6, r4
10004994:	0c36      	lsrs	r6, r6, #16
10004996:	44b6      	add	lr, r6
10004998:	b293      	uxth	r3, r2
1000499a:	4373      	muls	r3, r6
1000499c:	0f1f      	lsrs	r7, r3, #28
1000499e:	011b      	lsls	r3, r3, #4
100049a0:	1ac0      	subs	r0, r0, r3
100049a2:	41b9      	sbcs	r1, r7
100049a4:	0c13      	lsrs	r3, r2, #16
100049a6:	4373      	muls	r3, r6
100049a8:	0b1f      	lsrs	r7, r3, #12
100049aa:	051b      	lsls	r3, r3, #20
100049ac:	1ac0      	subs	r0, r0, r3
100049ae:	41b9      	sbcs	r1, r7
100049b0:	0d86      	lsrs	r6, r0, #22
100049b2:	028f      	lsls	r7, r1, #10
100049b4:	433e      	orrs	r6, r7
100049b6:	4366      	muls	r6, r4
100049b8:	0c36      	lsrs	r6, r6, #16
100049ba:	2d09      	cmp	r5, #9
100049bc:	db24      	blt.n	10004a08 <last0>
100049be:	0a52      	lsrs	r2, r2, #9
100049c0:	4372      	muls	r2, r6
100049c2:	1a80      	subs	r0, r0, r2
100049c4:	0377      	lsls	r7, r6, #13
100049c6:	0a46      	lsrs	r6, r0, #9
100049c8:	4366      	muls	r6, r4
100049ca:	0c36      	lsrs	r6, r6, #16
100049cc:	2316      	movs	r3, #22
100049ce:	1b5b      	subs	r3, r3, r5
100049d0:	40de      	lsrs	r6, r3
100049d2:	40df      	lsrs	r7, r3
100049d4:	19bf      	adds	r7, r7, r6
100049d6:	4664      	mov	r4, ip
100049d8:	4366      	muls	r6, r4
100049da:	1b82      	subs	r2, r0, r6
100049dc:	4670      	mov	r0, lr
100049de:	3504      	adds	r5, #4
100049e0:	3306      	adds	r3, #6
100049e2:	0001      	movs	r1, r0
100049e4:	40d9      	lsrs	r1, r3
100049e6:	40a8      	lsls	r0, r5
100049e8:	19c0      	adds	r0, r0, r7
100049ea:	d300      	bcc.n	100049ee <y64_x32+0xb6>
100049ec:	3101      	adds	r1, #1
100049ee:	42a2      	cmp	r2, r4
100049f0:	d206      	bcs.n	10004a00 <y64_x32+0xc8>
100049f2:	2300      	movs	r3, #0
100049f4:	bdf0      	pop	{r4, r5, r6, r7, pc}
100049f6:	0000      	.short	0x0000
100049f8:	d0000000 	.word	0xd0000000
100049fc:	ffffffff 	.word	0xffffffff
10004a00:	1b12      	subs	r2, r2, r4
10004a02:	3001      	adds	r0, #1
10004a04:	d3f3      	bcc.n	100049ee <y64_x32+0xb6>
10004a06:	e7f1      	b.n	100049ec <y64_x32+0xb4>

10004a08 <last0>:
10004a08:	2709      	movs	r7, #9
10004a0a:	1b7f      	subs	r7, r7, r5
10004a0c:	40fe      	lsrs	r6, r7
10004a0e:	4664      	mov	r4, ip
10004a10:	b2a2      	uxth	r2, r4
10004a12:	4372      	muls	r2, r6
10004a14:	1a80      	subs	r0, r0, r2
10004a16:	d200      	bcs.n	10004a1a <last0+0x12>
10004a18:	3901      	subs	r1, #1
10004a1a:	0c22      	lsrs	r2, r4, #16
10004a1c:	4372      	muls	r2, r6
10004a1e:	0c13      	lsrs	r3, r2, #16
10004a20:	0412      	lsls	r2, r2, #16
10004a22:	1a82      	subs	r2, r0, r2
10004a24:	4199      	sbcs	r1, r3
10004a26:	000b      	movs	r3, r1
10004a28:	4670      	mov	r0, lr
10004a2a:	3504      	adds	r5, #4
10004a2c:	3713      	adds	r7, #19
10004a2e:	0001      	movs	r1, r0
10004a30:	40f9      	lsrs	r1, r7
10004a32:	40a8      	lsls	r0, r5
10004a34:	1980      	adds	r0, r0, r6
10004a36:	d300      	bcc.n	10004a3a <last0+0x32>
10004a38:	3101      	adds	r1, #1
10004a3a:	2b00      	cmp	r3, #0
10004a3c:	d102      	bne.n	10004a44 <last0+0x3c>
10004a3e:	42a2      	cmp	r2, r4
10004a40:	d20a      	bcs.n	10004a58 <last0+0x50>
10004a42:	bdf0      	pop	{r4, r5, r6, r7, pc}
10004a44:	3001      	adds	r0, #1
10004a46:	d300      	bcc.n	10004a4a <last0+0x42>
10004a48:	3101      	adds	r1, #1
10004a4a:	1b12      	subs	r2, r2, r4
10004a4c:	d2fa      	bcs.n	10004a44 <last0+0x3c>
10004a4e:	3b01      	subs	r3, #1
10004a50:	d1f8      	bne.n	10004a44 <last0+0x3c>
10004a52:	42a2      	cmp	r2, r4
10004a54:	d200      	bcs.n	10004a58 <last0+0x50>
10004a56:	bdf0      	pop	{r4, r5, r6, r7, pc}
10004a58:	3001      	adds	r0, #1
10004a5a:	d300      	bcc.n	10004a5e <last0+0x56>
10004a5c:	3101      	adds	r1, #1
10004a5e:	1b12      	subs	r2, r2, r4
10004a60:	e7f7      	b.n	10004a52 <last0+0x4a>

10004a62 <y64_x48>:
10004a62:	b5f0      	push	{r4, r5, r6, r7, lr}
10004a64:	0c1c      	lsrs	r4, r3, #16
10004a66:	d000      	beq.n	10004a6a <y64_x48+0x8>
10004a68:	e080      	b.n	10004b6c <y64_x64>
10004a6a:	b40c      	push	{r2, r3}
10004a6c:	2500      	movs	r5, #0
10004a6e:	0a1c      	lsrs	r4, r3, #8
10004a70:	d104      	bne.n	10004a7c <y64_x48+0x1a>
10004a72:	021b      	lsls	r3, r3, #8
10004a74:	0e16      	lsrs	r6, r2, #24
10004a76:	4333      	orrs	r3, r6
10004a78:	0212      	lsls	r2, r2, #8
10004a7a:	3508      	adds	r5, #8
10004a7c:	0b1c      	lsrs	r4, r3, #12
10004a7e:	d104      	bne.n	10004a8a <y64_x48+0x28>
10004a80:	011b      	lsls	r3, r3, #4
10004a82:	0f16      	lsrs	r6, r2, #28
10004a84:	4333      	orrs	r3, r6
10004a86:	0112      	lsls	r2, r2, #4
10004a88:	3504      	adds	r5, #4
10004a8a:	0b9c      	lsrs	r4, r3, #14
10004a8c:	d104      	bne.n	10004a98 <y64_x48+0x36>
10004a8e:	009b      	lsls	r3, r3, #2
10004a90:	0f96      	lsrs	r6, r2, #30
10004a92:	4333      	orrs	r3, r6
10004a94:	0092      	lsls	r2, r2, #2
10004a96:	3502      	adds	r5, #2
10004a98:	0bdc      	lsrs	r4, r3, #15
10004a9a:	d102      	bne.n	10004aa2 <y64_x48+0x40>
10004a9c:	1892      	adds	r2, r2, r2
10004a9e:	415b      	adcs	r3, r3
10004aa0:	3501      	adds	r5, #1
10004aa2:	001c      	movs	r4, r3
10004aa4:	1897      	adds	r7, r2, r2
10004aa6:	4164      	adcs	r4, r4
10004aa8:	3401      	adds	r4, #1
10004aaa:	4f46      	ldr	r7, [pc, #280]	; (10004bc4 <y64_x64+0x58>)
10004aac:	667c      	str	r4, [r7, #100]	; 0x64
10004aae:	4c46      	ldr	r4, [pc, #280]	; (10004bc8 <y64_x64+0x5c>)
10004ab0:	663c      	str	r4, [r7, #96]	; 0x60
10004ab2:	0c0e      	lsrs	r6, r1, #16
10004ab4:	e7ff      	b.n	10004ab6 <y64_x48+0x54>
10004ab6:	e7ff      	b.n	10004ab8 <y64_x48+0x56>
10004ab8:	e7ff      	b.n	10004aba <y64_x48+0x58>
10004aba:	46c0      	nop			; (mov r8, r8)
10004abc:	6f3c      	ldr	r4, [r7, #112]	; 0x70
10004abe:	4366      	muls	r6, r4
10004ac0:	0c36      	lsrs	r6, r6, #16
10004ac2:	0377      	lsls	r7, r6, #13
10004ac4:	46be      	mov	lr, r7
10004ac6:	b297      	uxth	r7, r2
10004ac8:	4377      	muls	r7, r6
10004aca:	1bc0      	subs	r0, r0, r7
10004acc:	d200      	bcs.n	10004ad0 <y64_x48+0x6e>
10004ace:	3901      	subs	r1, #1
10004ad0:	1bc0      	subs	r0, r0, r7
10004ad2:	d200      	bcs.n	10004ad6 <y64_x48+0x74>
10004ad4:	3901      	subs	r1, #1
10004ad6:	b29f      	uxth	r7, r3
10004ad8:	4377      	muls	r7, r6
10004ada:	1bc9      	subs	r1, r1, r7
10004adc:	1bc9      	subs	r1, r1, r7
10004ade:	0c17      	lsrs	r7, r2, #16
10004ae0:	4377      	muls	r7, r6
10004ae2:	047e      	lsls	r6, r7, #17
10004ae4:	0bff      	lsrs	r7, r7, #15
10004ae6:	1b80      	subs	r0, r0, r6
10004ae8:	41b9      	sbcs	r1, r7
10004aea:	08ce      	lsrs	r6, r1, #3
10004aec:	4366      	muls	r6, r4
10004aee:	0c36      	lsrs	r6, r6, #16
10004af0:	2d0c      	cmp	r5, #12
10004af2:	db33      	blt.n	10004b5c <last1>
10004af4:	44b6      	add	lr, r6
10004af6:	0b12      	lsrs	r2, r2, #12
10004af8:	051f      	lsls	r7, r3, #20
10004afa:	433a      	orrs	r2, r7
10004afc:	0b1b      	lsrs	r3, r3, #12
10004afe:	b297      	uxth	r7, r2
10004b00:	4377      	muls	r7, r6
10004b02:	1bc0      	subs	r0, r0, r7
10004b04:	d200      	bcs.n	10004b08 <y64_x48+0xa6>
10004b06:	3901      	subs	r1, #1
10004b08:	b29f      	uxth	r7, r3
10004b0a:	4377      	muls	r7, r6
10004b0c:	1bc9      	subs	r1, r1, r7
10004b0e:	0c17      	lsrs	r7, r2, #16
10004b10:	4377      	muls	r7, r6
10004b12:	043e      	lsls	r6, r7, #16
10004b14:	0c3f      	lsrs	r7, r7, #16
10004b16:	1b80      	subs	r0, r0, r6
10004b18:	41b9      	sbcs	r1, r7
10004b1a:	0d86      	lsrs	r6, r0, #22
10004b1c:	028f      	lsls	r7, r1, #10
10004b1e:	433e      	orrs	r6, r7
10004b20:	4366      	muls	r6, r4
10004b22:	2729      	movs	r7, #41	; 0x29
10004b24:	1b7f      	subs	r7, r7, r5
10004b26:	40fe      	lsrs	r6, r7
10004b28:	3d0c      	subs	r5, #12
10004b2a:	4677      	mov	r7, lr
10004b2c:	40af      	lsls	r7, r5
10004b2e:	19bf      	adds	r7, r7, r6
10004b30:	bc30      	pop	{r4, r5}
10004b32:	b2a2      	uxth	r2, r4
10004b34:	b2ab      	uxth	r3, r5
10004b36:	4372      	muls	r2, r6
10004b38:	4373      	muls	r3, r6
10004b3a:	1a80      	subs	r0, r0, r2
10004b3c:	4199      	sbcs	r1, r3
10004b3e:	0c22      	lsrs	r2, r4, #16
10004b40:	4372      	muls	r2, r6
10004b42:	0c13      	lsrs	r3, r2, #16
10004b44:	0412      	lsls	r2, r2, #16
10004b46:	1a80      	subs	r0, r0, r2
10004b48:	4199      	sbcs	r1, r3
10004b4a:	0002      	movs	r2, r0
10004b4c:	000b      	movs	r3, r1
10004b4e:	3701      	adds	r7, #1
10004b50:	1b00      	subs	r0, r0, r4
10004b52:	41a9      	sbcs	r1, r5
10004b54:	d2f9      	bcs.n	10004b4a <y64_x48+0xe8>
10004b56:	1e78      	subs	r0, r7, #1
10004b58:	2100      	movs	r1, #0
10004b5a:	bdf0      	pop	{r4, r5, r6, r7, pc}

10004b5c <last1>:
10004b5c:	270c      	movs	r7, #12
10004b5e:	1b7f      	subs	r7, r7, r5
10004b60:	40fe      	lsrs	r6, r7
10004b62:	4677      	mov	r7, lr
10004b64:	0b7f      	lsrs	r7, r7, #13
10004b66:	40af      	lsls	r7, r5
10004b68:	19ff      	adds	r7, r7, r7
10004b6a:	e7e0      	b.n	10004b2e <y64_x48+0xcc>

10004b6c <y64_x64>:
10004b6c:	2400      	movs	r4, #0
10004b6e:	1c5d      	adds	r5, r3, #1
10004b70:	d007      	beq.n	10004b82 <y64_x64+0x16>
10004b72:	4f14      	ldr	r7, [pc, #80]	; (10004bc4 <y64_x64+0x58>)
10004b74:	667d      	str	r5, [r7, #100]	; 0x64
10004b76:	6639      	str	r1, [r7, #96]	; 0x60
10004b78:	e7ff      	b.n	10004b7a <y64_x64+0xe>
10004b7a:	e7ff      	b.n	10004b7c <y64_x64+0x10>
10004b7c:	e7ff      	b.n	10004b7e <y64_x64+0x12>
10004b7e:	e7ff      	b.n	10004b80 <y64_x64+0x14>
10004b80:	6f3c      	ldr	r4, [r7, #112]	; 0x70
10004b82:	b295      	uxth	r5, r2
10004b84:	b29e      	uxth	r6, r3
10004b86:	4365      	muls	r5, r4
10004b88:	4366      	muls	r6, r4
10004b8a:	1b40      	subs	r0, r0, r5
10004b8c:	41b1      	sbcs	r1, r6
10004b8e:	0c15      	lsrs	r5, r2, #16
10004b90:	0c1e      	lsrs	r6, r3, #16
10004b92:	4365      	muls	r5, r4
10004b94:	4366      	muls	r6, r4
10004b96:	0436      	lsls	r6, r6, #16
10004b98:	0c2f      	lsrs	r7, r5, #16
10004b9a:	433e      	orrs	r6, r7
10004b9c:	042d      	lsls	r5, r5, #16
10004b9e:	1b40      	subs	r0, r0, r5
10004ba0:	41b1      	sbcs	r1, r6
10004ba2:	4299      	cmp	r1, r3
10004ba4:	d204      	bcs.n	10004bb0 <y64_x64+0x44>
10004ba6:	0002      	movs	r2, r0
10004ba8:	000b      	movs	r3, r1
10004baa:	0020      	movs	r0, r4
10004bac:	2100      	movs	r1, #0
10004bae:	bdf0      	pop	{r4, r5, r6, r7, pc}
10004bb0:	d101      	bne.n	10004bb6 <y64_x64+0x4a>
10004bb2:	4290      	cmp	r0, r2
10004bb4:	d3f7      	bcc.n	10004ba6 <y64_x64+0x3a>
10004bb6:	1a80      	subs	r0, r0, r2
10004bb8:	4199      	sbcs	r1, r3
10004bba:	3401      	adds	r4, #1
10004bbc:	4299      	cmp	r1, r3
10004bbe:	d3f2      	bcc.n	10004ba6 <y64_x64+0x3a>
10004bc0:	e7f6      	b.n	10004bb0 <y64_x64+0x44>
10004bc2:	0000      	.short	0x0000
10004bc4:	d0000000 	.word	0xd0000000
10004bc8:	ffffffff 	.word	0xffffffff

10004bcc <push_r8_r11>:
10004bcc:	4644      	mov	r4, r8
10004bce:	464d      	mov	r5, r9
10004bd0:	4656      	mov	r6, sl
10004bd2:	465f      	mov	r7, fp
10004bd4:	b4f0      	push	{r4, r5, r6, r7}
10004bd6:	4770      	bx	lr

10004bd8 <pop_r8_r11>:
10004bd8:	bcf0      	pop	{r4, r5, r6, r7}
10004bda:	46a0      	mov	r8, r4
10004bdc:	46a9      	mov	r9, r5
10004bde:	46b2      	mov	sl, r6
10004be0:	46bb      	mov	fp, r7
10004be2:	4770      	bx	lr

10004be4 <__wrap___aeabi_drsub>:
10004be4:	4048      	eors	r0, r1
10004be6:	4041      	eors	r1, r0
10004be8:	4048      	eors	r0, r1

10004bea <__wrap___aeabi_dsub>:
10004bea:	b418      	push	{r3, r4}
10004bec:	4b1b      	ldr	r3, [pc, #108]	; (10004c5c <__wrap___aeabi_dmul+0x12>)
10004bee:	685b      	ldr	r3, [r3, #4]
10004bf0:	46fc      	mov	ip, pc
10004bf2:	9301      	str	r3, [sp, #4]
10004bf4:	bd08      	pop	{r3, pc}
10004bf6:	df04      	.short	0xdf04
10004bf8:	100052f3 	.word	0x100052f3

10004bfc <__wrap___aeabi_dadd>:
10004bfc:	b418      	push	{r3, r4}
10004bfe:	4b17      	ldr	r3, [pc, #92]	; (10004c5c <__wrap___aeabi_dmul+0x12>)
10004c00:	681b      	ldr	r3, [r3, #0]
10004c02:	46fc      	mov	ip, pc
10004c04:	9301      	str	r3, [sp, #4]
10004c06:	bd08      	pop	{r3, pc}
10004c08:	52fddf00 	.word	0x52fddf00
10004c0c:	1000      	.short	0x1000

10004c0e <__wrap___aeabi_ddiv>:
10004c0e:	4694      	mov	ip, r2
10004c10:	4a13      	ldr	r2, [pc, #76]	; (10004c60 <__wrap___aeabi_dmul+0x16>)
10004c12:	6f92      	ldr	r2, [r2, #120]	; 0x78
10004c14:	0892      	lsrs	r2, r2, #2
10004c16:	d209      	bcs.n	10004c2c <ddiv_save_state>
10004c18:	4662      	mov	r2, ip

10004c1a <ddiv_shim_call>:
10004c1a:	b418      	push	{r3, r4}
10004c1c:	4b0f      	ldr	r3, [pc, #60]	; (10004c5c <__wrap___aeabi_dmul+0x12>)
10004c1e:	68db      	ldr	r3, [r3, #12]
10004c20:	46fc      	mov	ip, pc
10004c22:	9301      	str	r3, [sp, #4]
10004c24:	bd08      	pop	{r3, pc}
10004c26:	df0c      	.short	0xdf0c
10004c28:	100055b5 	.word	0x100055b5

10004c2c <ddiv_save_state>:
10004c2c:	4a0c      	ldr	r2, [pc, #48]	; (10004c60 <__wrap___aeabi_dmul+0x16>)
10004c2e:	b5f0      	push	{r4, r5, r6, r7, lr}
10004c30:	6e14      	ldr	r4, [r2, #96]	; 0x60
10004c32:	6e55      	ldr	r5, [r2, #100]	; 0x64
10004c34:	6f57      	ldr	r7, [r2, #116]	; 0x74
10004c36:	6f16      	ldr	r6, [r2, #112]	; 0x70
10004c38:	4662      	mov	r2, ip
10004c3a:	f7ff ffee 	bl	10004c1a <ddiv_shim_call>
10004c3e:	4a08      	ldr	r2, [pc, #32]	; (10004c60 <__wrap___aeabi_dmul+0x16>)
10004c40:	6614      	str	r4, [r2, #96]	; 0x60
10004c42:	6655      	str	r5, [r2, #100]	; 0x64
10004c44:	6757      	str	r7, [r2, #116]	; 0x74
10004c46:	6716      	str	r6, [r2, #112]	; 0x70
10004c48:	bdf0      	pop	{r4, r5, r6, r7, pc}

10004c4a <__wrap___aeabi_dmul>:
10004c4a:	b418      	push	{r3, r4}
10004c4c:	4b03      	ldr	r3, [pc, #12]	; (10004c5c <__wrap___aeabi_dmul+0x12>)
10004c4e:	689b      	ldr	r3, [r3, #8]
10004c50:	46fc      	mov	ip, pc
10004c52:	9301      	str	r3, [sp, #4]
10004c54:	bd08      	pop	{r3, pc}
10004c56:	df08      	.short	0xdf08
10004c58:	10005459 	.word	0x10005459
10004c5c:	20001958 	.word	0x20001958
10004c60:	d0000000 	.word	0xd0000000

10004c64 <__wrap___aeabi_cdrcmple>:
10004c64:	b5ff      	push	{r0, r1, r2, r3, r4, r5, r6, r7, lr}
10004c66:	4050      	eors	r0, r2
10004c68:	4042      	eors	r2, r0
10004c6a:	4050      	eors	r0, r2
10004c6c:	4059      	eors	r1, r3
10004c6e:	404b      	eors	r3, r1
10004c70:	4059      	eors	r1, r3
10004c72:	e000      	b.n	10004c76 <__aeabi_dfcmple_guts>

10004c74 <__wrap___aeabi_cdcmpeq>:
10004c74:	b5ff      	push	{r0, r1, r2, r3, r4, r5, r6, r7, lr}

10004c76 <__aeabi_dfcmple_guts>:
10004c76:	4f15      	ldr	r7, [pc, #84]	; (10004ccc <__aeabi_dfcmple_guts+0x56>)
10004c78:	004c      	lsls	r4, r1, #1
10004c7a:	0d64      	lsrs	r4, r4, #21
10004c7c:	d003      	beq.n	10004c86 <__aeabi_dfcmple_guts+0x10>
10004c7e:	42bc      	cmp	r4, r7
10004c80:	d104      	bne.n	10004c8c <__aeabi_dfcmple_guts+0x16>
10004c82:	030c      	lsls	r4, r1, #12
10004c84:	d814      	bhi.n	10004cb0 <__aeabi_dfcmple_guts+0x3a>
10004c86:	2000      	movs	r0, #0
10004c88:	0d09      	lsrs	r1, r1, #20
10004c8a:	0509      	lsls	r1, r1, #20
10004c8c:	005c      	lsls	r4, r3, #1
10004c8e:	0d64      	lsrs	r4, r4, #21
10004c90:	d003      	beq.n	10004c9a <__aeabi_dfcmple_guts+0x24>
10004c92:	42bc      	cmp	r4, r7
10004c94:	d104      	bne.n	10004ca0 <__aeabi_dfcmple_guts+0x2a>
10004c96:	031c      	lsls	r4, r3, #12
10004c98:	d80a      	bhi.n	10004cb0 <__aeabi_dfcmple_guts+0x3a>
10004c9a:	2200      	movs	r2, #0
10004c9c:	0d1b      	lsrs	r3, r3, #20
10004c9e:	051b      	lsls	r3, r3, #20
10004ca0:	2601      	movs	r6, #1
10004ca2:	404b      	eors	r3, r1
10004ca4:	d409      	bmi.n	10004cba <__aeabi_dfcmple_guts+0x44>
10004ca6:	404b      	eors	r3, r1
10004ca8:	d503      	bpl.n	10004cb2 <__aeabi_dfcmple_guts+0x3c>
10004caa:	428b      	cmp	r3, r1
10004cac:	d100      	bne.n	10004cb0 <__aeabi_dfcmple_guts+0x3a>
10004cae:	4282      	cmp	r2, r0
10004cb0:	bdff      	pop	{r0, r1, r2, r3, r4, r5, r6, r7, pc}
10004cb2:	4299      	cmp	r1, r3
10004cb4:	d1fc      	bne.n	10004cb0 <__aeabi_dfcmple_guts+0x3a>
10004cb6:	4290      	cmp	r0, r2
10004cb8:	bdff      	pop	{r0, r1, r2, r3, r4, r5, r6, r7, pc}
10004cba:	430b      	orrs	r3, r1
10004cbc:	18db      	adds	r3, r3, r3
10004cbe:	4303      	orrs	r3, r0
10004cc0:	4313      	orrs	r3, r2
10004cc2:	d0f5      	beq.n	10004cb0 <__aeabi_dfcmple_guts+0x3a>
10004cc4:	43c9      	mvns	r1, r1
10004cc6:	1849      	adds	r1, r1, r1
10004cc8:	bdff      	pop	{r0, r1, r2, r3, r4, r5, r6, r7, pc}
10004cca:	0000      	.short	0x0000
10004ccc:	000007ff 	.word	0x000007ff

10004cd0 <__wrap___aeabi_dcmplt>:
10004cd0:	b500      	push	{lr}
10004cd2:	f7ff ffcf 	bl	10004c74 <__wrap___aeabi_cdcmpeq>
10004cd6:	4180      	sbcs	r0, r0
10004cd8:	bd00      	pop	{pc}
10004cda:	46c0      	nop			; (mov r8, r8)

10004cdc <__wrap___aeabi_dcmple>:
10004cdc:	b500      	push	{lr}
10004cde:	f7ff ffc9 	bl	10004c74 <__wrap___aeabi_cdcmpeq>
10004ce2:	d901      	bls.n	10004ce8 <__wrap___aeabi_dcmple+0xc>
10004ce4:	2000      	movs	r0, #0
10004ce6:	bd00      	pop	{pc}
10004ce8:	2001      	movs	r0, #1
10004cea:	bd00      	pop	{pc}

10004cec <__wrap___aeabi_dcmpge>:
10004cec:	b500      	push	{lr}
10004cee:	f7ff ffb9 	bl	10004c64 <__wrap___aeabi_cdrcmple>
10004cf2:	d901      	bls.n	10004cf8 <__wrap___aeabi_dcmpge+0xc>
10004cf4:	2000      	movs	r0, #0
10004cf6:	bd00      	pop	{pc}
10004cf8:	2001      	movs	r0, #1
10004cfa:	bd00      	pop	{pc}

10004cfc <__wrap___aeabi_dcmpgt>:
10004cfc:	b500      	push	{lr}
10004cfe:	f7ff ffb1 	bl	10004c64 <__wrap___aeabi_cdrcmple>
10004d02:	4180      	sbcs	r0, r0
10004d04:	bd00      	pop	{pc}

10004d06 <__wrap___aeabi_dcmpun>:
10004d06:	2001      	movs	r0, #1
10004d08:	0540      	lsls	r0, r0, #21
10004d0a:	004a      	lsls	r2, r1, #1
10004d0c:	1812      	adds	r2, r2, r0
10004d0e:	d804      	bhi.n	10004d1a <__wrap___aeabi_dcmpun+0x14>
10004d10:	005a      	lsls	r2, r3, #1
10004d12:	1812      	adds	r2, r2, r0
10004d14:	d801      	bhi.n	10004d1a <__wrap___aeabi_dcmpun+0x14>
10004d16:	2000      	movs	r0, #0
10004d18:	4770      	bx	lr
10004d1a:	2001      	movs	r0, #1
10004d1c:	4770      	bx	lr
10004d1e:	2000      	movs	r0, #0
10004d20:	4770      	bx	lr
	...

10004d24 <__wrap___aeabi_ui2d>:
10004d24:	2100      	movs	r1, #0
10004d26:	2800      	cmp	r0, #0
10004d28:	d105      	bne.n	10004d36 <__wrap___aeabi_i2d+0xa>
10004d2a:	4770      	bx	lr

10004d2c <__wrap___aeabi_i2d>:
10004d2c:	17c1      	asrs	r1, r0, #31
10004d2e:	4048      	eors	r0, r1
10004d30:	1a40      	subs	r0, r0, r1
10004d32:	d0fa      	beq.n	10004d2a <__wrap___aeabi_ui2d+0x6>
10004d34:	07c9      	lsls	r1, r1, #31
10004d36:	b513      	push	{r0, r1, r4, lr}
10004d38:	4b06      	ldr	r3, [pc, #24]	; (10004d54 <__wrap___aeabi_i2d+0x28>)
10004d3a:	681b      	ldr	r3, [r3, #0]
10004d3c:	4798      	blx	r3
10004d3e:	bc0c      	pop	{r2, r3}
10004d40:	1c44      	adds	r4, r0, #1
10004d42:	40a2      	lsls	r2, r4
10004d44:	0510      	lsls	r0, r2, #20
10004d46:	0b12      	lsrs	r2, r2, #12
10004d48:	4903      	ldr	r1, [pc, #12]	; (10004d58 <__wrap___aeabi_i2d+0x2c>)
10004d4a:	1b09      	subs	r1, r1, r4
10004d4c:	0509      	lsls	r1, r1, #20
10004d4e:	4319      	orrs	r1, r3
10004d50:	4311      	orrs	r1, r2
10004d52:	bd10      	pop	{r4, pc}
10004d54:	20002638 	.word	0x20002638
10004d58:	0000041f 	.word	0x0000041f

10004d5c <__wrap___aeabi_d2iz>:
10004d5c:	b510      	push	{r4, lr}
10004d5e:	004c      	lsls	r4, r1, #1
10004d60:	0d62      	lsrs	r2, r4, #21
10004d62:	2380      	movs	r3, #128	; 0x80
10004d64:	18d2      	adds	r2, r2, r3
10004d66:	00db      	lsls	r3, r3, #3
10004d68:	1ad2      	subs	r2, r2, r3
10004d6a:	055b      	lsls	r3, r3, #21
10004d6c:	2a7e      	cmp	r2, #126	; 0x7e
10004d6e:	dd10      	ble.n	10004d92 <__wrap___aeabi_d2iz+0x36>
10004d70:	3a9e      	subs	r2, #158	; 0x9e
10004d72:	da13      	bge.n	10004d9c <__wrap___aeabi_d2iz+0x40>
10004d74:	17cc      	asrs	r4, r1, #31
10004d76:	0309      	lsls	r1, r1, #12
10004d78:	0849      	lsrs	r1, r1, #1
10004d7a:	4319      	orrs	r1, r3
10004d7c:	4252      	negs	r2, r2
10004d7e:	40d1      	lsrs	r1, r2
10004d80:	0064      	lsls	r4, r4, #1
10004d82:	3401      	adds	r4, #1
10004d84:	3215      	adds	r2, #21
10004d86:	2a20      	cmp	r2, #32
10004d88:	da05      	bge.n	10004d96 <__wrap___aeabi_d2iz+0x3a>
10004d8a:	40d0      	lsrs	r0, r2
10004d8c:	4308      	orrs	r0, r1
10004d8e:	4360      	muls	r0, r4
10004d90:	bd10      	pop	{r4, pc}
10004d92:	2000      	movs	r0, #0
10004d94:	bd10      	pop	{r4, pc}
10004d96:	4608      	mov	r0, r1
10004d98:	4360      	muls	r0, r4
10004d9a:	bd10      	pop	{r4, pc}
10004d9c:	0fc8      	lsrs	r0, r1, #31
10004d9e:	18c0      	adds	r0, r0, r3
10004da0:	3801      	subs	r0, #1
10004da2:	bd10      	pop	{r4, pc}

10004da4 <__wrap___aeabi_d2uiz>:
10004da4:	b418      	push	{r3, r4}
10004da6:	4b04      	ldr	r3, [pc, #16]	; (10004db8 <__wrap___aeabi_d2uiz+0x14>)
10004da8:	6a5b      	ldr	r3, [r3, #36]	; 0x24
10004daa:	46fc      	mov	ip, pc
10004dac:	9301      	str	r3, [sp, #4]
10004dae:	bd08      	pop	{r3, pc}
10004db0:	5991df24 	.word	0x5991df24
10004db4:	00001000 	.word	0x00001000
10004db8:	20001958 	.word	0x20001958

10004dbc <fix642double>:
10004dbc:	b418      	push	{r3, r4}
10004dbe:	4b04      	ldr	r3, [pc, #16]	; (10004dd0 <fix642double+0x14>)
10004dc0:	6e1b      	ldr	r3, [r3, #96]	; 0x60
10004dc2:	46fc      	mov	ip, pc
10004dc4:	9301      	str	r3, [sp, #4]
10004dc6:	bd08      	pop	{r3, pc}
10004dc8:	5a43df60 	.word	0x5a43df60
10004dcc:	00001000 	.word	0x00001000
10004dd0:	20001958 	.word	0x20001958

10004dd4 <__wrap_sqrt>:
10004dd4:	b418      	push	{r3, r4}
10004dd6:	4b04      	ldr	r3, [pc, #16]	; (10004de8 <__wrap_sqrt+0x14>)
10004dd8:	699b      	ldr	r3, [r3, #24]
10004dda:	46fc      	mov	ip, pc
10004ddc:	9301      	str	r3, [sp, #4]
10004dde:	bd08      	pop	{r3, pc}
10004de0:	5781df18 	.word	0x5781df18
10004de4:	00001000 	.word	0x00001000
10004de8:	20001958 	.word	0x20001958

10004dec <sincostan_remainder>:
10004dec:	4a02      	ldr	r2, [pc, #8]	; (10004df8 <sincostan_remainder+0xc>)
10004dee:	4b03      	ldr	r3, [pc, #12]	; (10004dfc <sincostan_remainder+0x10>)
10004df0:	b500      	push	{lr}
10004df2:	f000 fa5d 	bl	100052b0 <__wrap_remainder>
10004df6:	bd00      	pop	{pc}
10004df8:	54442d18 	.word	0x54442d18
10004dfc:	401921fb 	.word	0x401921fb

10004e00 <__wrap_cos>:
10004e00:	008a      	lsls	r2, r1, #2
10004e02:	d302      	bcc.n	10004e0a <__wrap_cos+0xa>
10004e04:	0d92      	lsrs	r2, r2, #22
10004e06:	2a09      	cmp	r2, #9
10004e08:	da08      	bge.n	10004e1c <__wrap_cos+0x1c>
10004e0a:	b418      	push	{r3, r4}
10004e0c:	4b06      	ldr	r3, [pc, #24]	; (10004e28 <__wrap_cos+0x28>)
10004e0e:	6bdb      	ldr	r3, [r3, #60]	; 0x3c
10004e10:	46fc      	mov	ip, pc
10004e12:	9301      	str	r3, [sp, #4]
10004e14:	bd08      	pop	{r3, pc}
10004e16:	df3c      	.short	0xdf3c
10004e18:	10005b77 	.word	0x10005b77
10004e1c:	b500      	push	{lr}
10004e1e:	f7ff ffe5 	bl	10004dec <sincostan_remainder>
10004e22:	bc04      	pop	{r2}
10004e24:	4696      	mov	lr, r2
10004e26:	e7f0      	b.n	10004e0a <__wrap_cos+0xa>
10004e28:	20001958 	.word	0x20001958

10004e2c <__wrap_log>:
10004e2c:	b418      	push	{r3, r4}
10004e2e:	4b04      	ldr	r3, [pc, #16]	; (10004e40 <__wrap_log+0x14>)
10004e30:	6d1b      	ldr	r3, [r3, #80]	; 0x50
10004e32:	46fc      	mov	ip, pc
10004e34:	9301      	str	r3, [sp, #4]
10004e36:	bd08      	pop	{r3, pc}
10004e38:	5f25df50 	.word	0x5f25df50
10004e3c:	00001000 	.word	0x00001000
10004e40:	20001958 	.word	0x20001958

10004e44 <__aeabi_double_init>:
10004e44:	2313      	movs	r3, #19
10004e46:	b570      	push	{r4, r5, r6, lr}
10004e48:	781d      	ldrb	r5, [r3, #0]
10004e4a:	2d01      	cmp	r5, #1
10004e4c:	d015      	beq.n	10004e7a <__aeabi_double_init+0x36>
10004e4e:	dd10      	ble.n	10004e72 <__aeabi_double_init+0x2e>
10004e50:	481c      	ldr	r0, [pc, #112]	; (10004ec4 <__aeabi_double_init+0x80>)
10004e52:	f7ff fc31 	bl	100046b8 <rom_data_lookup>
10004e56:	4c1c      	ldr	r4, [pc, #112]	; (10004ec8 <__aeabi_double_init+0x84>)
10004e58:	0001      	movs	r1, r0
10004e5a:	2280      	movs	r2, #128	; 0x80
10004e5c:	0020      	movs	r0, r4
10004e5e:	f001 f9c9 	bl	100061f4 <__wrap___aeabi_memcpy>
10004e62:	2d02      	cmp	r5, #2
10004e64:	d006      	beq.n	10004e74 <__aeabi_double_init+0x30>
10004e66:	4819      	ldr	r0, [pc, #100]	; (10004ecc <__aeabi_double_init+0x88>)
10004e68:	f7ff fc1e 	bl	100046a8 <rom_func_lookup>
10004e6c:	4b18      	ldr	r3, [pc, #96]	; (10004ed0 <__aeabi_double_init+0x8c>)
10004e6e:	6018      	str	r0, [r3, #0]
10004e70:	bd70      	pop	{r4, r5, r6, pc}
10004e72:	4c15      	ldr	r4, [pc, #84]	; (10004ec8 <__aeabi_double_init+0x84>)
10004e74:	4b17      	ldr	r3, [pc, #92]	; (10004ed4 <__aeabi_double_init+0x90>)
10004e76:	64a3      	str	r3, [r4, #72]	; 0x48
10004e78:	e7f5      	b.n	10004e66 <__aeabi_double_init+0x22>
10004e7a:	4b16      	ldr	r3, [pc, #88]	; (10004ed4 <__aeabi_double_init+0x90>)
10004e7c:	4c12      	ldr	r4, [pc, #72]	; (10004ec8 <__aeabi_double_init+0x84>)
10004e7e:	6023      	str	r3, [r4, #0]
10004e80:	6063      	str	r3, [r4, #4]
10004e82:	60a3      	str	r3, [r4, #8]
10004e84:	60e3      	str	r3, [r4, #12]
10004e86:	6123      	str	r3, [r4, #16]
10004e88:	6163      	str	r3, [r4, #20]
10004e8a:	61a3      	str	r3, [r4, #24]
10004e8c:	61e3      	str	r3, [r4, #28]
10004e8e:	6223      	str	r3, [r4, #32]
10004e90:	6263      	str	r3, [r4, #36]	; 0x24
10004e92:	62a3      	str	r3, [r4, #40]	; 0x28
10004e94:	62e3      	str	r3, [r4, #44]	; 0x2c
10004e96:	6323      	str	r3, [r4, #48]	; 0x30
10004e98:	6363      	str	r3, [r4, #52]	; 0x34
10004e9a:	63a3      	str	r3, [r4, #56]	; 0x38
10004e9c:	63e3      	str	r3, [r4, #60]	; 0x3c
10004e9e:	6423      	str	r3, [r4, #64]	; 0x40
10004ea0:	6463      	str	r3, [r4, #68]	; 0x44
10004ea2:	64a3      	str	r3, [r4, #72]	; 0x48
10004ea4:	64e3      	str	r3, [r4, #76]	; 0x4c
10004ea6:	6523      	str	r3, [r4, #80]	; 0x50
10004ea8:	6563      	str	r3, [r4, #84]	; 0x54
10004eaa:	65a3      	str	r3, [r4, #88]	; 0x58
10004eac:	65e3      	str	r3, [r4, #92]	; 0x5c
10004eae:	6623      	str	r3, [r4, #96]	; 0x60
10004eb0:	6663      	str	r3, [r4, #100]	; 0x64
10004eb2:	66a3      	str	r3, [r4, #104]	; 0x68
10004eb4:	66e3      	str	r3, [r4, #108]	; 0x6c
10004eb6:	6723      	str	r3, [r4, #112]	; 0x70
10004eb8:	6763      	str	r3, [r4, #116]	; 0x74
10004eba:	67a3      	str	r3, [r4, #120]	; 0x78
10004ebc:	67e3      	str	r3, [r4, #124]	; 0x7c
10004ebe:	64a3      	str	r3, [r4, #72]	; 0x48
10004ec0:	e7d1      	b.n	10004e66 <__aeabi_double_init+0x22>
10004ec2:	46c0      	nop			; (mov r8, r8)
10004ec4:	00004453 	.word	0x00004453
10004ec8:	20001958 	.word	0x20001958
10004ecc:	0000334c 	.word	0x0000334c
10004ed0:	20002638 	.word	0x20002638
10004ed4:	100052c1 	.word	0x100052c1

10004ed8 <__wrap_round>:
10004ed8:	4a25      	ldr	r2, [pc, #148]	; (10004f70 <__wrap_round+0x98>)
10004eda:	004b      	lsls	r3, r1, #1
10004edc:	4694      	mov	ip, r2
10004ede:	0d5b      	lsrs	r3, r3, #21
10004ee0:	4463      	add	r3, ip
10004ee2:	b5f0      	push	{r4, r5, r6, r7, lr}
10004ee4:	0004      	movs	r4, r0
10004ee6:	000d      	movs	r5, r1
10004ee8:	1c5a      	adds	r2, r3, #1
10004eea:	db24      	blt.n	10004f36 <__wrap_round+0x5e>
10004eec:	1c5a      	adds	r2, r3, #1
10004eee:	d038      	beq.n	10004f62 <__wrap_round+0x8a>
10004ef0:	2234      	movs	r2, #52	; 0x34
10004ef2:	1ad2      	subs	r2, r2, r3
10004ef4:	2a00      	cmp	r2, #0
10004ef6:	dd1d      	ble.n	10004f34 <__wrap_round+0x5c>
10004ef8:	2233      	movs	r2, #51	; 0x33
10004efa:	1ad3      	subs	r3, r2, r3
10004efc:	3a53      	subs	r2, #83	; 0x53
10004efe:	189a      	adds	r2, r3, r2
10004f00:	d41d      	bmi.n	10004f3e <__wrap_round+0x66>
10004f02:	2601      	movs	r6, #1
10004f04:	4096      	lsls	r6, r2
10004f06:	0031      	movs	r1, r6
10004f08:	2601      	movs	r6, #1
10004f0a:	409e      	lsls	r6, r3
10004f0c:	0030      	movs	r0, r6
10004f0e:	1824      	adds	r4, r4, r0
10004f10:	414d      	adcs	r5, r1
10004f12:	2a00      	cmp	r2, #0
10004f14:	db1f      	blt.n	10004f56 <__wrap_round+0x7e>
10004f16:	2602      	movs	r6, #2
10004f18:	4096      	lsls	r6, r2
10004f1a:	0031      	movs	r1, r6
10004f1c:	2202      	movs	r2, #2
10004f1e:	409a      	lsls	r2, r3
10004f20:	0010      	movs	r0, r2
10004f22:	0026      	movs	r6, r4
10004f24:	2300      	movs	r3, #0
10004f26:	4242      	negs	r2, r0
10004f28:	418b      	sbcs	r3, r1
10004f2a:	002c      	movs	r4, r5
10004f2c:	4016      	ands	r6, r2
10004f2e:	401c      	ands	r4, r3
10004f30:	0030      	movs	r0, r6
10004f32:	0021      	movs	r1, r4
10004f34:	bdf0      	pop	{r4, r5, r6, r7, pc}
10004f36:	0fcb      	lsrs	r3, r1, #31
10004f38:	2000      	movs	r0, #0
10004f3a:	07d9      	lsls	r1, r3, #31
10004f3c:	e7fa      	b.n	10004f34 <__wrap_round+0x5c>
10004f3e:	2620      	movs	r6, #32
10004f40:	2701      	movs	r7, #1
10004f42:	1af6      	subs	r6, r6, r3
10004f44:	40f7      	lsrs	r7, r6
10004f46:	2601      	movs	r6, #1
10004f48:	409e      	lsls	r6, r3
10004f4a:	0039      	movs	r1, r7
10004f4c:	0030      	movs	r0, r6
10004f4e:	1824      	adds	r4, r4, r0
10004f50:	414d      	adcs	r5, r1
10004f52:	2a00      	cmp	r2, #0
10004f54:	dadf      	bge.n	10004f16 <__wrap_round+0x3e>
10004f56:	2220      	movs	r2, #32
10004f58:	2602      	movs	r6, #2
10004f5a:	1ad2      	subs	r2, r2, r3
10004f5c:	40d6      	lsrs	r6, r2
10004f5e:	0031      	movs	r1, r6
10004f60:	e7dc      	b.n	10004f1c <__wrap_round+0x44>
10004f62:	0fcb      	lsrs	r3, r1, #31
10004f64:	4a03      	ldr	r2, [pc, #12]	; (10004f74 <__wrap_round+0x9c>)
10004f66:	07db      	lsls	r3, r3, #31
10004f68:	431a      	orrs	r2, r3
10004f6a:	2000      	movs	r0, #0
10004f6c:	0011      	movs	r1, r2
10004f6e:	e7e1      	b.n	10004f34 <__wrap_round+0x5c>
10004f70:	fffffc01 	.word	0xfffffc01
10004f74:	3ff00000 	.word	0x3ff00000

10004f78 <__wrap_ceil>:
10004f78:	b5f0      	push	{r4, r5, r6, r7, lr}
10004f7a:	46c6      	mov	lr, r8
10004f7c:	000b      	movs	r3, r1
10004f7e:	000d      	movs	r5, r1
10004f80:	0049      	lsls	r1, r1, #1
10004f82:	0002      	movs	r2, r0
10004f84:	0004      	movs	r4, r0
10004f86:	b500      	push	{lr}
10004f88:	0d49      	lsrs	r1, r1, #21
10004f8a:	d030      	beq.n	10004fee <__wrap_ceil+0x76>
10004f8c:	481e      	ldr	r0, [pc, #120]	; (10005008 <__wrap_ceil+0x90>)
10004f8e:	1809      	adds	r1, r1, r0
10004f90:	d427      	bmi.n	10004fe2 <__wrap_ceil+0x6a>
10004f92:	2634      	movs	r6, #52	; 0x34
10004f94:	1a71      	subs	r1, r6, r1
10004f96:	4688      	mov	r8, r1
10004f98:	4646      	mov	r6, r8
10004f9a:	0010      	movs	r0, r2
10004f9c:	0019      	movs	r1, r3
10004f9e:	2e00      	cmp	r6, #0
10004fa0:	dd1c      	ble.n	10004fdc <__wrap_ceil+0x64>
10004fa2:	2120      	movs	r1, #32
10004fa4:	4249      	negs	r1, r1
10004fa6:	1877      	adds	r7, r6, r1
10004fa8:	d427      	bmi.n	10004ffa <__wrap_ceil+0x82>
10004faa:	2601      	movs	r6, #1
10004fac:	40be      	lsls	r6, r7
10004fae:	0031      	movs	r1, r6
10004fb0:	2701      	movs	r7, #1
10004fb2:	4646      	mov	r6, r8
10004fb4:	40b7      	lsls	r7, r6
10004fb6:	0038      	movs	r0, r7
10004fb8:	2b00      	cmp	r3, #0
10004fba:	db06      	blt.n	10004fca <__wrap_ceil+0x52>
10004fbc:	2401      	movs	r4, #1
10004fbe:	4264      	negs	r4, r4
10004fc0:	17e5      	asrs	r5, r4, #31
10004fc2:	18a4      	adds	r4, r4, r2
10004fc4:	415d      	adcs	r5, r3
10004fc6:	1824      	adds	r4, r4, r0
10004fc8:	414d      	adcs	r5, r1
10004fca:	2300      	movs	r3, #0
10004fcc:	4242      	negs	r2, r0
10004fce:	418b      	sbcs	r3, r1
10004fd0:	0026      	movs	r6, r4
10004fd2:	002c      	movs	r4, r5
10004fd4:	4016      	ands	r6, r2
10004fd6:	401c      	ands	r4, r3
10004fd8:	0030      	movs	r0, r6
10004fda:	0021      	movs	r1, r4
10004fdc:	bc80      	pop	{r7}
10004fde:	46b8      	mov	r8, r7
10004fe0:	bdf0      	pop	{r4, r5, r6, r7, pc}
10004fe2:	2000      	movs	r0, #0
10004fe4:	2b00      	cmp	r3, #0
10004fe6:	da06      	bge.n	10004ff6 <__wrap_ceil+0x7e>
10004fe8:	2180      	movs	r1, #128	; 0x80
10004fea:	0609      	lsls	r1, r1, #24
10004fec:	e7f6      	b.n	10004fdc <__wrap_ceil+0x64>
10004fee:	0fdb      	lsrs	r3, r3, #31
10004ff0:	2000      	movs	r0, #0
10004ff2:	07d9      	lsls	r1, r3, #31
10004ff4:	e7f2      	b.n	10004fdc <__wrap_ceil+0x64>
10004ff6:	4905      	ldr	r1, [pc, #20]	; (1000500c <__wrap_ceil+0x94>)
10004ff8:	e7f0      	b.n	10004fdc <__wrap_ceil+0x64>
10004ffa:	2720      	movs	r7, #32
10004ffc:	1bbf      	subs	r7, r7, r6
10004ffe:	2601      	movs	r6, #1
10005000:	40fe      	lsrs	r6, r7
10005002:	0031      	movs	r1, r6
10005004:	e7d4      	b.n	10004fb0 <__wrap_ceil+0x38>
10005006:	46c0      	nop			; (mov r8, r8)
10005008:	fffffc01 	.word	0xfffffc01
1000500c:	3ff00000 	.word	0x3ff00000

10005010 <__wrap_remquo>:
10005010:	b5f0      	push	{r4, r5, r6, r7, lr}
10005012:	4657      	mov	r7, sl
10005014:	464e      	mov	r6, r9
10005016:	4645      	mov	r5, r8
10005018:	46de      	mov	lr, fp
1000501a:	b5e0      	push	{r5, r6, r7, lr}
1000501c:	b087      	sub	sp, #28
1000501e:	9202      	str	r2, [sp, #8]
10005020:	005a      	lsls	r2, r3, #1
10005022:	469a      	mov	sl, r3
10005024:	0d53      	lsrs	r3, r2, #21
10005026:	4699      	mov	r9, r3
10005028:	9b10      	ldr	r3, [sp, #64]	; 0x40
1000502a:	004d      	lsls	r5, r1, #1
1000502c:	0004      	movs	r4, r0
1000502e:	0d6d      	lsrs	r5, r5, #21
10005030:	2b00      	cmp	r3, #0
10005032:	d001      	beq.n	10005038 <__wrap_remquo+0x28>
10005034:	2200      	movs	r2, #0
10005036:	601a      	str	r2, [r3, #0]
10005038:	4a9a      	ldr	r2, [pc, #616]	; (100052a4 <__wrap_remquo+0x294>)
1000503a:	4295      	cmp	r5, r2
1000503c:	d07d      	beq.n	1000513a <__wrap_remquo+0x12a>
1000503e:	464b      	mov	r3, r9
10005040:	2b00      	cmp	r3, #0
10005042:	d07a      	beq.n	1000513a <__wrap_remquo+0x12a>
10005044:	2d00      	cmp	r5, #0
10005046:	d100      	bne.n	1000504a <__wrap_remquo+0x3a>
10005048:	e082      	b.n	10005150 <__wrap_remquo+0x140>
1000504a:	0027      	movs	r7, r4
1000504c:	000e      	movs	r6, r1
1000504e:	4591      	cmp	r9, r2
10005050:	d075      	beq.n	1000513e <__wrap_remquo+0x12e>
10005052:	3b01      	subs	r3, #1
10005054:	9303      	str	r3, [sp, #12]
10005056:	42ab      	cmp	r3, r5
10005058:	dc71      	bgt.n	1000513e <__wrap_remquo+0x12e>
1000505a:	0fcb      	lsrs	r3, r1, #31
1000505c:	030e      	lsls	r6, r1, #12
1000505e:	4698      	mov	r8, r3
10005060:	0b33      	lsrs	r3, r6, #12
10005062:	469b      	mov	fp, r3
10005064:	2380      	movs	r3, #128	; 0x80
10005066:	035b      	lsls	r3, r3, #13
10005068:	469c      	mov	ip, r3
1000506a:	465b      	mov	r3, fp
1000506c:	4662      	mov	r2, ip
1000506e:	4313      	orrs	r3, r2
10005070:	001f      	movs	r7, r3
10005072:	4653      	mov	r3, sl
10005074:	0006      	movs	r6, r0
10005076:	0318      	lsls	r0, r3, #12
10005078:	4663      	mov	r3, ip
1000507a:	0b00      	lsrs	r0, r0, #12
1000507c:	4303      	orrs	r3, r0
1000507e:	9a02      	ldr	r2, [sp, #8]
10005080:	9301      	str	r3, [sp, #4]
10005082:	9b03      	ldr	r3, [sp, #12]
10005084:	9200      	str	r2, [sp, #0]
10005086:	42ab      	cmp	r3, r5
10005088:	d100      	bne.n	1000508c <__wrap_remquo+0x7c>
1000508a:	e0aa      	b.n	100051e2 <__wrap_remquo+0x1d2>
1000508c:	4643      	mov	r3, r8
1000508e:	2b00      	cmp	r3, #0
10005090:	d100      	bne.n	10005094 <__wrap_remquo+0x84>
10005092:	e0b7      	b.n	10005204 <__wrap_remquo+0x1f4>
10005094:	0033      	movs	r3, r6
10005096:	003c      	movs	r4, r7
10005098:	2700      	movs	r7, #0
1000509a:	425e      	negs	r6, r3
1000509c:	41a7      	sbcs	r7, r4
1000509e:	464b      	mov	r3, r9
100050a0:	1aed      	subs	r5, r5, r3
100050a2:	2d00      	cmp	r5, #0
100050a4:	dc00      	bgt.n	100050a8 <__wrap_remquo+0x98>
100050a6:	e0c0      	b.n	1000522a <__wrap_remquo+0x21a>
100050a8:	2001      	movs	r0, #1
100050aa:	9b01      	ldr	r3, [sp, #4]
100050ac:	4240      	negs	r0, r0
100050ae:	1119      	asrs	r1, r3, #4
100050b0:	f7ff fb54 	bl	1000475c <__wrap___aeabi_uidiv>
100050b4:	2300      	movs	r3, #0
100050b6:	4698      	mov	r8, r3
100050b8:	464b      	mov	r3, r9
100050ba:	9303      	str	r3, [sp, #12]
100050bc:	4653      	mov	r3, sl
100050be:	46ab      	mov	fp, r5
100050c0:	9002      	str	r0, [sp, #8]
100050c2:	9304      	str	r3, [sp, #16]
100050c4:	e01b      	b.n	100050fe <__wrap_remquo+0xee>
100050c6:	0032      	movs	r2, r6
100050c8:	409a      	lsls	r2, r3
100050ca:	0015      	movs	r5, r2
100050cc:	0033      	movs	r3, r6
100050ce:	4652      	mov	r2, sl
100050d0:	4093      	lsls	r3, r2
100050d2:	001c      	movs	r4, r3
100050d4:	464b      	mov	r3, r9
100050d6:	4648      	mov	r0, r9
100050d8:	17d9      	asrs	r1, r3, #31
100050da:	9a00      	ldr	r2, [sp, #0]
100050dc:	9b01      	ldr	r3, [sp, #4]
100050de:	f001 f807 	bl	100060f0 <__wrap___aeabi_lmul>
100050e2:	4643      	mov	r3, r8
100050e4:	4652      	mov	r2, sl
100050e6:	4093      	lsls	r3, r2
100050e8:	444b      	add	r3, r9
100050ea:	4698      	mov	r8, r3
100050ec:	465b      	mov	r3, fp
100050ee:	0026      	movs	r6, r4
100050f0:	002f      	movs	r7, r5
100050f2:	1a9b      	subs	r3, r3, r2
100050f4:	1a36      	subs	r6, r6, r0
100050f6:	418f      	sbcs	r7, r1
100050f8:	469b      	mov	fp, r3
100050fa:	2b00      	cmp	r3, #0
100050fc:	dd2b      	ble.n	10005156 <__wrap_remquo+0x146>
100050fe:	465b      	mov	r3, fp
10005100:	46da      	mov	sl, fp
10005102:	2b0c      	cmp	r3, #12
10005104:	dd01      	ble.n	1000510a <__wrap_remquo+0xfa>
10005106:	230c      	movs	r3, #12
10005108:	469a      	mov	sl, r3
1000510a:	9a02      	ldr	r2, [sp, #8]
1000510c:	11bb      	asrs	r3, r7, #6
1000510e:	4353      	muls	r3, r2
10005110:	4651      	mov	r1, sl
10005112:	221d      	movs	r2, #29
10005114:	1a52      	subs	r2, r2, r1
10005116:	4113      	asrs	r3, r2
10005118:	2220      	movs	r2, #32
1000511a:	3301      	adds	r3, #1
1000511c:	105b      	asrs	r3, r3, #1
1000511e:	4252      	negs	r2, r2
10005120:	4699      	mov	r9, r3
10005122:	188b      	adds	r3, r1, r2
10005124:	d5cf      	bpl.n	100050c6 <__wrap_remquo+0xb6>
10005126:	2320      	movs	r3, #32
10005128:	0032      	movs	r2, r6
1000512a:	1a5b      	subs	r3, r3, r1
1000512c:	40da      	lsrs	r2, r3
1000512e:	0013      	movs	r3, r2
10005130:	003a      	movs	r2, r7
10005132:	408a      	lsls	r2, r1
10005134:	0015      	movs	r5, r2
10005136:	431d      	orrs	r5, r3
10005138:	e7c8      	b.n	100050cc <__wrap_remquo+0xbc>
1000513a:	2700      	movs	r7, #0
1000513c:	4e5a      	ldr	r6, [pc, #360]	; (100052a8 <__wrap_remquo+0x298>)
1000513e:	0038      	movs	r0, r7
10005140:	0031      	movs	r1, r6
10005142:	b007      	add	sp, #28
10005144:	bcf0      	pop	{r4, r5, r6, r7}
10005146:	46bb      	mov	fp, r7
10005148:	46b2      	mov	sl, r6
1000514a:	46a9      	mov	r9, r5
1000514c:	46a0      	mov	r8, r4
1000514e:	bdf0      	pop	{r4, r5, r6, r7, pc}
10005150:	2700      	movs	r7, #0
10005152:	2600      	movs	r6, #0
10005154:	e7f3      	b.n	1000513e <__wrap_remquo+0x12e>
10005156:	9b03      	ldr	r3, [sp, #12]
10005158:	4699      	mov	r9, r3
1000515a:	9b04      	ldr	r3, [sp, #16]
1000515c:	469a      	mov	sl, r3
1000515e:	9b00      	ldr	r3, [sp, #0]
10005160:	9c01      	ldr	r4, [sp, #4]
10005162:	42bc      	cmp	r4, r7
10005164:	dd00      	ble.n	10005168 <__wrap_remquo+0x158>
10005166:	e083      	b.n	10005270 <__wrap_remquo+0x260>
10005168:	d100      	bne.n	1000516c <__wrap_remquo+0x15c>
1000516a:	e07d      	b.n	10005268 <__wrap_remquo+0x258>
1000516c:	9b00      	ldr	r3, [sp, #0]
1000516e:	9c01      	ldr	r4, [sp, #4]
10005170:	1af6      	subs	r6, r6, r3
10005172:	41a7      	sbcs	r7, r4
10005174:	42bc      	cmp	r4, r7
10005176:	dd00      	ble.n	1000517a <__wrap_remquo+0x16a>
10005178:	e08b      	b.n	10005292 <__wrap_remquo+0x282>
1000517a:	d100      	bne.n	1000517e <__wrap_remquo+0x16e>
1000517c:	e085      	b.n	1000528a <__wrap_remquo+0x27a>
1000517e:	9b00      	ldr	r3, [sp, #0]
10005180:	9c01      	ldr	r4, [sp, #4]
10005182:	1af6      	subs	r6, r6, r3
10005184:	41a7      	sbcs	r7, r4
10005186:	2302      	movs	r3, #2
10005188:	469c      	mov	ip, r3
1000518a:	44e0      	add	r8, ip
1000518c:	0032      	movs	r2, r6
1000518e:	9800      	ldr	r0, [sp, #0]
10005190:	9901      	ldr	r1, [sp, #4]
10005192:	003b      	movs	r3, r7
10005194:	1992      	adds	r2, r2, r6
10005196:	417b      	adcs	r3, r7
10005198:	428b      	cmp	r3, r1
1000519a:	dc1a      	bgt.n	100051d2 <__wrap_remquo+0x1c2>
1000519c:	d017      	beq.n	100051ce <__wrap_remquo+0x1be>
1000519e:	9900      	ldr	r1, [sp, #0]
100051a0:	428a      	cmp	r2, r1
100051a2:	d05a      	beq.n	1000525a <__wrap_remquo+0x24a>
100051a4:	4653      	mov	r3, sl
100051a6:	2b00      	cmp	r3, #0
100051a8:	da02      	bge.n	100051b0 <__wrap_remquo+0x1a0>
100051aa:	4643      	mov	r3, r8
100051ac:	425b      	negs	r3, r3
100051ae:	4698      	mov	r8, r3
100051b0:	9b10      	ldr	r3, [sp, #64]	; 0x40
100051b2:	2b00      	cmp	r3, #0
100051b4:	d001      	beq.n	100051ba <__wrap_remquo+0x1aa>
100051b6:	4642      	mov	r2, r8
100051b8:	601a      	str	r2, [r3, #0]
100051ba:	464b      	mov	r3, r9
100051bc:	4a3b      	ldr	r2, [pc, #236]	; (100052ac <__wrap_remquo+0x29c>)
100051be:	0030      	movs	r0, r6
100051c0:	0039      	movs	r1, r7
100051c2:	1ad2      	subs	r2, r2, r3
100051c4:	f7ff fdfa 	bl	10004dbc <fix642double>
100051c8:	0007      	movs	r7, r0
100051ca:	000e      	movs	r6, r1
100051cc:	e7b7      	b.n	1000513e <__wrap_remquo+0x12e>
100051ce:	4282      	cmp	r2, r0
100051d0:	d9e5      	bls.n	1000519e <__wrap_remquo+0x18e>
100051d2:	9b00      	ldr	r3, [sp, #0]
100051d4:	9c01      	ldr	r4, [sp, #4]
100051d6:	1af6      	subs	r6, r6, r3
100051d8:	41a7      	sbcs	r7, r4
100051da:	2301      	movs	r3, #1
100051dc:	469c      	mov	ip, r3
100051de:	44e0      	add	r8, ip
100051e0:	e7e0      	b.n	100051a4 <__wrap_remquo+0x194>
100051e2:	9b01      	ldr	r3, [sp, #4]
100051e4:	429f      	cmp	r7, r3
100051e6:	dd2f      	ble.n	10005248 <__wrap_remquo+0x238>
100051e8:	9800      	ldr	r0, [sp, #0]
100051ea:	9901      	ldr	r1, [sp, #4]
100051ec:	4643      	mov	r3, r8
100051ee:	1800      	adds	r0, r0, r0
100051f0:	4149      	adcs	r1, r1
100051f2:	2b00      	cmp	r3, #0
100051f4:	d13f      	bne.n	10005276 <__wrap_remquo+0x266>
100051f6:	9b03      	ldr	r3, [sp, #12]
100051f8:	1a36      	subs	r6, r6, r0
100051fa:	418f      	sbcs	r7, r1
100051fc:	4699      	mov	r9, r3
100051fe:	2301      	movs	r3, #1
10005200:	4698      	mov	r8, r3
10005202:	e7cf      	b.n	100051a4 <__wrap_remquo+0x194>
10005204:	464b      	mov	r3, r9
10005206:	1aed      	subs	r5, r5, r3
10005208:	2d00      	cmp	r5, #0
1000520a:	dd00      	ble.n	1000520e <__wrap_remquo+0x1fe>
1000520c:	e74c      	b.n	100050a8 <__wrap_remquo+0x98>
1000520e:	9b01      	ldr	r3, [sp, #4]
10005210:	42bb      	cmp	r3, r7
10005212:	dcbb      	bgt.n	1000518c <__wrap_remquo+0x17c>
10005214:	9b00      	ldr	r3, [sp, #0]
10005216:	9c01      	ldr	r4, [sp, #4]
10005218:	42bc      	cmp	r4, r7
1000521a:	d101      	bne.n	10005220 <__wrap_remquo+0x210>
1000521c:	42b3      	cmp	r3, r6
1000521e:	d8b5      	bhi.n	1000518c <__wrap_remquo+0x17c>
10005220:	9b00      	ldr	r3, [sp, #0]
10005222:	9c01      	ldr	r4, [sp, #4]
10005224:	1af6      	subs	r6, r6, r3
10005226:	41a7      	sbcs	r7, r4
10005228:	e033      	b.n	10005292 <__wrap_remquo+0x282>
1000522a:	2300      	movs	r3, #0
1000522c:	4698      	mov	r8, r3
1000522e:	9b00      	ldr	r3, [sp, #0]
10005230:	9c01      	ldr	r4, [sp, #4]
10005232:	18f6      	adds	r6, r6, r3
10005234:	4167      	adcs	r7, r4
10005236:	2f00      	cmp	r7, #0
10005238:	da2f      	bge.n	1000529a <__wrap_remquo+0x28a>
1000523a:	18f6      	adds	r6, r6, r3
1000523c:	4167      	adcs	r7, r4
1000523e:	2302      	movs	r3, #2
10005240:	425b      	negs	r3, r3
10005242:	469c      	mov	ip, r3
10005244:	44e0      	add	r8, ip
10005246:	e7a1      	b.n	1000518c <__wrap_remquo+0x17c>
10005248:	9a00      	ldr	r2, [sp, #0]
1000524a:	9b01      	ldr	r3, [sp, #4]
1000524c:	429f      	cmp	r7, r3
1000524e:	d101      	bne.n	10005254 <__wrap_remquo+0x244>
10005250:	4296      	cmp	r6, r2
10005252:	d8c9      	bhi.n	100051e8 <__wrap_remquo+0x1d8>
10005254:	0027      	movs	r7, r4
10005256:	000e      	movs	r6, r1
10005258:	e771      	b.n	1000513e <__wrap_remquo+0x12e>
1000525a:	9a01      	ldr	r2, [sp, #4]
1000525c:	4293      	cmp	r3, r2
1000525e:	d1a1      	bne.n	100051a4 <__wrap_remquo+0x194>
10005260:	4643      	mov	r3, r8
10005262:	07db      	lsls	r3, r3, #31
10005264:	d59e      	bpl.n	100051a4 <__wrap_remquo+0x194>
10005266:	e7b4      	b.n	100051d2 <__wrap_remquo+0x1c2>
10005268:	9b00      	ldr	r3, [sp, #0]
1000526a:	42b3      	cmp	r3, r6
1000526c:	d800      	bhi.n	10005270 <__wrap_remquo+0x260>
1000526e:	e77d      	b.n	1000516c <__wrap_remquo+0x15c>
10005270:	2f00      	cmp	r7, #0
10005272:	dbdc      	blt.n	1000522e <__wrap_remquo+0x21e>
10005274:	e78a      	b.n	1000518c <__wrap_remquo+0x17c>
10005276:	9b03      	ldr	r3, [sp, #12]
10005278:	1b80      	subs	r0, r0, r6
1000527a:	41b9      	sbcs	r1, r7
1000527c:	4699      	mov	r9, r3
1000527e:	2301      	movs	r3, #1
10005280:	425b      	negs	r3, r3
10005282:	0006      	movs	r6, r0
10005284:	000f      	movs	r7, r1
10005286:	4698      	mov	r8, r3
10005288:	e78c      	b.n	100051a4 <__wrap_remquo+0x194>
1000528a:	9b00      	ldr	r3, [sp, #0]
1000528c:	42b3      	cmp	r3, r6
1000528e:	d800      	bhi.n	10005292 <__wrap_remquo+0x282>
10005290:	e775      	b.n	1000517e <__wrap_remquo+0x16e>
10005292:	2301      	movs	r3, #1
10005294:	469c      	mov	ip, r3
10005296:	44e0      	add	r8, ip
10005298:	e778      	b.n	1000518c <__wrap_remquo+0x17c>
1000529a:	2301      	movs	r3, #1
1000529c:	425b      	negs	r3, r3
1000529e:	469c      	mov	ip, r3
100052a0:	44e0      	add	r8, ip
100052a2:	e773      	b.n	1000518c <__wrap_remquo+0x17c>
100052a4:	000007ff 	.word	0x000007ff
100052a8:	7ff00000 	.word	0x7ff00000
100052ac:	00000433 	.word	0x00000433

100052b0 <__wrap_remainder>:
100052b0:	b510      	push	{r4, lr}
100052b2:	2400      	movs	r4, #0
100052b4:	b082      	sub	sp, #8
100052b6:	9400      	str	r4, [sp, #0]
100052b8:	f7ff feaa 	bl	10005010 <__wrap_remquo>
100052bc:	b002      	add	sp, #8
100052be:	bd10      	pop	{r4, pc}

100052c0 <double_table_shim_on_use_helper>:
100052c0:	b507      	push	{r0, r1, r2, lr}
100052c2:	4660      	mov	r0, ip
100052c4:	8801      	ldrh	r1, [r0, #0]
100052c6:	0a0a      	lsrs	r2, r1, #8
100052c8:	3002      	adds	r0, #2
100052ca:	2adf      	cmp	r2, #223	; 0xdf
100052cc:	d1fa      	bne.n	100052c4 <double_table_shim_on_use_helper+0x4>
100052ce:	b2c9      	uxtb	r1, r1
100052d0:	0882      	lsrs	r2, r0, #2
100052d2:	d304      	bcc.n	100052de <double_table_shim_on_use_helper+0x1e>
100052d4:	8802      	ldrh	r2, [r0, #0]
100052d6:	8840      	ldrh	r0, [r0, #2]
100052d8:	0400      	lsls	r0, r0, #16
100052da:	4310      	orrs	r0, r2
100052dc:	e000      	b.n	100052e0 <double_table_shim_on_use_helper+0x20>
100052de:	6800      	ldr	r0, [r0, #0]
100052e0:	4a01      	ldr	r2, [pc, #4]	; (100052e8 <double_table_shim_on_use_helper+0x28>)
100052e2:	5050      	str	r0, [r2, r1]
100052e4:	9003      	str	r0, [sp, #12]
100052e6:	bd07      	pop	{r0, r1, r2, pc}
100052e8:	20001958 	.word	0x20001958

100052ec <drsub_shim>:
100052ec:	b40f      	push	{r0, r1, r2, r3}
100052ee:	bc03      	pop	{r0, r1}
100052f0:	bc0c      	pop	{r2, r3}

100052f2 <dsub_shim>:
100052f2:	b5f0      	push	{r4, r5, r6, r7, lr}
100052f4:	2401      	movs	r4, #1
100052f6:	07e4      	lsls	r4, r4, #31
100052f8:	4063      	eors	r3, r4
100052fa:	e000      	b.n	100052fe <da_entry>

100052fc <dadd_shim>:
100052fc:	b5f0      	push	{r4, r5, r6, r7, lr}

100052fe <da_entry>:
100052fe:	0d0c      	lsrs	r4, r1, #20
10005300:	0fcf      	lsrs	r7, r1, #31
10005302:	1e66      	subs	r6, r4, #1
10005304:	0536      	lsls	r6, r6, #20
10005306:	1b89      	subs	r1, r1, r6
10005308:	0564      	lsls	r4, r4, #21
1000530a:	d303      	bcc.n	10005314 <l8_1>
1000530c:	43c9      	mvns	r1, r1
1000530e:	4240      	negs	r0, r0
10005310:	d300      	bcc.n	10005314 <l8_1>
10005312:	3101      	adds	r1, #1

10005314 <l8_1>:
10005314:	0d64      	lsrs	r4, r4, #21
10005316:	d003      	beq.n	10005320 <l8_2>
10005318:	1c66      	adds	r6, r4, #1
1000531a:	0af6      	lsrs	r6, r6, #11
1000531c:	d007      	beq.n	1000532e <l8_3>
1000531e:	1be4      	subs	r4, r4, r7

10005320 <l8_2>:
10005320:	2000      	movs	r0, #0
10005322:	007f      	lsls	r7, r7, #1
10005324:	1c79      	adds	r1, r7, #1
10005326:	0789      	lsls	r1, r1, #30
10005328:	1289      	asrs	r1, r1, #10
1000532a:	3c80      	subs	r4, #128	; 0x80
1000532c:	0324      	lsls	r4, r4, #12

1000532e <l8_3>:
1000532e:	0d1d      	lsrs	r5, r3, #20
10005330:	0fdf      	lsrs	r7, r3, #31
10005332:	1e6e      	subs	r6, r5, #1
10005334:	0536      	lsls	r6, r6, #20
10005336:	1b9b      	subs	r3, r3, r6
10005338:	056d      	lsls	r5, r5, #21
1000533a:	d303      	bcc.n	10005344 <l9_1>
1000533c:	43db      	mvns	r3, r3
1000533e:	4252      	negs	r2, r2
10005340:	d300      	bcc.n	10005344 <l9_1>
10005342:	3301      	adds	r3, #1

10005344 <l9_1>:
10005344:	0d6d      	lsrs	r5, r5, #21
10005346:	d003      	beq.n	10005350 <l9_2>
10005348:	1c6e      	adds	r6, r5, #1
1000534a:	0af6      	lsrs	r6, r6, #11
1000534c:	d007      	beq.n	1000535e <l9_3>
1000534e:	1bed      	subs	r5, r5, r7

10005350 <l9_2>:
10005350:	2200      	movs	r2, #0
10005352:	007f      	lsls	r7, r7, #1
10005354:	1c7b      	adds	r3, r7, #1
10005356:	079b      	lsls	r3, r3, #30
10005358:	129b      	asrs	r3, r3, #10
1000535a:	3d80      	subs	r5, #128	; 0x80
1000535c:	032d      	lsls	r5, r5, #12

1000535e <l9_3>:
1000535e:	1b2f      	subs	r7, r5, r4
10005360:	1b66      	subs	r6, r4, r5
10005362:	d458      	bmi.n	10005416 <da_ygtx>
10005364:	46a4      	mov	ip, r4
10005366:	2e20      	cmp	r6, #32
10005368:	da46      	bge.n	100053f8 <da_xrgty>
1000536a:	3720      	adds	r7, #32
1000536c:	0014      	movs	r4, r2
1000536e:	40bc      	lsls	r4, r7

10005370 <da_xgty0>:
10005370:	001d      	movs	r5, r3
10005372:	40bd      	lsls	r5, r7
10005374:	40f2      	lsrs	r2, r6
10005376:	4133      	asrs	r3, r6
10005378:	432a      	orrs	r2, r5

1000537a <da_add>:
1000537a:	1880      	adds	r0, r0, r2
1000537c:	4159      	adcs	r1, r3

1000537e <da_pack>:
1000537e:	0fcb      	lsrs	r3, r1, #31
10005380:	d005      	beq.n	1000538e <da_pack+0x10>
10005382:	43c9      	mvns	r1, r1
10005384:	43c0      	mvns	r0, r0
10005386:	2200      	movs	r2, #0
10005388:	4264      	negs	r4, r4
1000538a:	4150      	adcs	r0, r2
1000538c:	4151      	adcs	r1, r2
1000538e:	4662      	mov	r2, ip
10005390:	0d4d      	lsrs	r5, r1, #21
10005392:	d128      	bne.n	100053e6 <da_0>
10005394:	0d0d      	lsrs	r5, r1, #20
10005396:	d107      	bne.n	100053a8 <da_1>
10005398:	2800      	cmp	r0, #0
1000539a:	d01f      	beq.n	100053dc <da_5>

1000539c <da_2>:
1000539c:	1924      	adds	r4, r4, r4
1000539e:	4140      	adcs	r0, r0
100053a0:	4149      	adcs	r1, r1
100053a2:	3a01      	subs	r2, #1
100053a4:	0d0d      	lsrs	r5, r1, #20
100053a6:	d0f9      	beq.n	1000539c <da_2>

100053a8 <da_1>:
100053a8:	0064      	lsls	r4, r4, #1
100053aa:	d306      	bcc.n	100053ba <da_3>

100053ac <da_4>:
100053ac:	3001      	adds	r0, #1
100053ae:	d300      	bcc.n	100053b2 <da_4+0x6>
100053b0:	3101      	adds	r1, #1
100053b2:	2c00      	cmp	r4, #0
100053b4:	d101      	bne.n	100053ba <da_3>
100053b6:	0840      	lsrs	r0, r0, #1
100053b8:	0040      	lsls	r0, r0, #1

100053ba <da_3>:
100053ba:	3a01      	subs	r2, #1
100053bc:	d40b      	bmi.n	100053d6 <da_6>
100053be:	1c94      	adds	r4, r2, #2
100053c0:	0ae4      	lsrs	r4, r4, #11
100053c2:	d104      	bne.n	100053ce <da_7>
100053c4:	0512      	lsls	r2, r2, #20
100053c6:	4411      	add	r1, r2
100053c8:	07db      	lsls	r3, r3, #31
100053ca:	4419      	add	r1, r3
100053cc:	bdf0      	pop	{r4, r5, r6, r7, pc}

100053ce <da_7>:
100053ce:	07d9      	lsls	r1, r3, #31
100053d0:	4b20      	ldr	r3, [pc, #128]	; (10005454 <da_xmgty+0x4>)
100053d2:	4319      	orrs	r1, r3
100053d4:	e000      	b.n	100053d8 <da_6+0x2>

100053d6 <da_6>:
100053d6:	07d9      	lsls	r1, r3, #31
100053d8:	2000      	movs	r0, #0
100053da:	bdf0      	pop	{r4, r5, r6, r7, pc}

100053dc <da_5>:
100053dc:	2900      	cmp	r1, #0
100053de:	d1dd      	bne.n	1000539c <da_2>
100053e0:	2c00      	cmp	r4, #0
100053e2:	d1db      	bne.n	1000539c <da_2>
100053e4:	bdf0      	pop	{r4, r5, r6, r7, pc}

100053e6 <da_0>:
100053e6:	3201      	adds	r2, #1
100053e8:	07c6      	lsls	r6, r0, #31
100053ea:	0840      	lsrs	r0, r0, #1
100053ec:	07cd      	lsls	r5, r1, #31
100053ee:	4328      	orrs	r0, r5
100053f0:	0849      	lsrs	r1, r1, #1
100053f2:	2e00      	cmp	r6, #0
100053f4:	d0e1      	beq.n	100053ba <da_3>
100053f6:	e7d9      	b.n	100053ac <da_4>

100053f8 <da_xrgty>:
100053f8:	2e3c      	cmp	r6, #60	; 0x3c
100053fa:	da29      	bge.n	10005450 <da_xmgty>
100053fc:	3e20      	subs	r6, #32
100053fe:	3740      	adds	r7, #64	; 0x40
10005400:	0014      	movs	r4, r2
10005402:	40bc      	lsls	r4, r7
10005404:	d000      	beq.n	10005408 <da_xrgty+0x10>
10005406:	2401      	movs	r4, #1
10005408:	40f2      	lsrs	r2, r6
1000540a:	4314      	orrs	r4, r2
1000540c:	001a      	movs	r2, r3
1000540e:	40bb      	lsls	r3, r7
10005410:	431c      	orrs	r4, r3
10005412:	17d3      	asrs	r3, r2, #31
10005414:	e7ac      	b.n	10005370 <da_xgty0>

10005416 <da_ygtx>:
10005416:	46ac      	mov	ip, r5
10005418:	2f20      	cmp	r7, #32
1000541a:	da08      	bge.n	1000542e <da_yrgtx>
1000541c:	3620      	adds	r6, #32
1000541e:	0004      	movs	r4, r0
10005420:	40b4      	lsls	r4, r6

10005422 <da_ygtx0>:
10005422:	000d      	movs	r5, r1
10005424:	40b5      	lsls	r5, r6
10005426:	40f8      	lsrs	r0, r7
10005428:	4139      	asrs	r1, r7
1000542a:	4328      	orrs	r0, r5
1000542c:	e7a5      	b.n	1000537a <da_add>

1000542e <da_yrgtx>:
1000542e:	2f3c      	cmp	r7, #60	; 0x3c
10005430:	da0c      	bge.n	1000544c <da_ymgtx>
10005432:	3f20      	subs	r7, #32
10005434:	3640      	adds	r6, #64	; 0x40
10005436:	0004      	movs	r4, r0
10005438:	40b4      	lsls	r4, r6
1000543a:	d000      	beq.n	1000543e <da_yrgtx+0x10>
1000543c:	2401      	movs	r4, #1
1000543e:	40f8      	lsrs	r0, r7
10005440:	4304      	orrs	r4, r0
10005442:	0008      	movs	r0, r1
10005444:	40b1      	lsls	r1, r6
10005446:	430c      	orrs	r4, r1
10005448:	17c1      	asrs	r1, r0, #31
1000544a:	e7ea      	b.n	10005422 <da_ygtx0>

1000544c <da_ymgtx>:
1000544c:	0010      	movs	r0, r2
1000544e:	0019      	movs	r1, r3

10005450 <da_xmgty>:
10005450:	2400      	movs	r4, #0
10005452:	e794      	b.n	1000537e <da_pack>
10005454:	7ff00000 	.word	0x7ff00000

10005458 <dmul_shim>:
10005458:	b5f0      	push	{r4, r5, r6, r7, lr}
1000545a:	0d0c      	lsrs	r4, r1, #20
1000545c:	1e66      	subs	r6, r4, #1
1000545e:	0536      	lsls	r6, r6, #20
10005460:	1b89      	subs	r1, r1, r6
10005462:	0ae6      	lsrs	r6, r4, #11
10005464:	0564      	lsls	r4, r4, #21
10005466:	0d64      	lsrs	r4, r4, #21
10005468:	d002      	beq.n	10005470 <l12_1>
1000546a:	1c65      	adds	r5, r4, #1
1000546c:	0aed      	lsrs	r5, r5, #11
1000546e:	d004      	beq.n	1000547a <l12_2>

10005470 <l12_1>:
10005470:	2000      	movs	r0, #0
10005472:	2101      	movs	r1, #1
10005474:	0509      	lsls	r1, r1, #20
10005476:	3c80      	subs	r4, #128	; 0x80
10005478:	0324      	lsls	r4, r4, #12

1000547a <l12_2>:
1000547a:	46a4      	mov	ip, r4
1000547c:	0d1c      	lsrs	r4, r3, #20
1000547e:	1e67      	subs	r7, r4, #1
10005480:	053f      	lsls	r7, r7, #20
10005482:	1bdb      	subs	r3, r3, r7
10005484:	0ae7      	lsrs	r7, r4, #11
10005486:	0564      	lsls	r4, r4, #21
10005488:	0d64      	lsrs	r4, r4, #21
1000548a:	d002      	beq.n	10005492 <l13_1>
1000548c:	1c65      	adds	r5, r4, #1
1000548e:	0aed      	lsrs	r5, r5, #11
10005490:	d004      	beq.n	1000549c <l13_2>

10005492 <l13_1>:
10005492:	2200      	movs	r2, #0
10005494:	2301      	movs	r3, #1
10005496:	051b      	lsls	r3, r3, #20
10005498:	3c80      	subs	r4, #128	; 0x80
1000549a:	0324      	lsls	r4, r4, #12

1000549c <l13_2>:
1000549c:	4077      	eors	r7, r6
1000549e:	4464      	add	r4, ip
100054a0:	b497      	push	{r0, r1, r2, r4, r7}
100054a2:	b284      	uxth	r4, r0
100054a4:	b296      	uxth	r6, r2
100054a6:	4374      	muls	r4, r6
100054a8:	0c07      	lsrs	r7, r0, #16
100054aa:	437e      	muls	r6, r7
100054ac:	0c15      	lsrs	r5, r2, #16
100054ae:	436f      	muls	r7, r5
100054b0:	b280      	uxth	r0, r0
100054b2:	4368      	muls	r0, r5
100054b4:	1836      	adds	r6, r6, r0
100054b6:	d302      	bcc.n	100054be <l14_1>
100054b8:	2001      	movs	r0, #1
100054ba:	0400      	lsls	r0, r0, #16
100054bc:	183f      	adds	r7, r7, r0

100054be <l14_1>:
100054be:	0430      	lsls	r0, r6, #16
100054c0:	0c35      	lsrs	r5, r6, #16
100054c2:	1900      	adds	r0, r0, r4
100054c4:	417d      	adcs	r5, r7
100054c6:	4684      	mov	ip, r0
100054c8:	b288      	uxth	r0, r1
100054ca:	b29a      	uxth	r2, r3
100054cc:	4350      	muls	r0, r2
100054ce:	0c0c      	lsrs	r4, r1, #16
100054d0:	4362      	muls	r2, r4
100054d2:	0c1f      	lsrs	r7, r3, #16
100054d4:	437c      	muls	r4, r7
100054d6:	b28e      	uxth	r6, r1
100054d8:	437e      	muls	r6, r7
100054da:	1992      	adds	r2, r2, r6
100054dc:	d302      	bcc.n	100054e4 <l15_1>
100054de:	2601      	movs	r6, #1
100054e0:	0436      	lsls	r6, r6, #16
100054e2:	19a4      	adds	r4, r4, r6

100054e4 <l15_1>:
100054e4:	0416      	lsls	r6, r2, #16
100054e6:	0c17      	lsrs	r7, r2, #16
100054e8:	1836      	adds	r6, r6, r0
100054ea:	4167      	adcs	r7, r4
100054ec:	bc01      	pop	{r0}
100054ee:	b281      	uxth	r1, r0
100054f0:	b29a      	uxth	r2, r3
100054f2:	4351      	muls	r1, r2
100054f4:	0c04      	lsrs	r4, r0, #16
100054f6:	4362      	muls	r2, r4
100054f8:	0c1b      	lsrs	r3, r3, #16
100054fa:	435c      	muls	r4, r3
100054fc:	b280      	uxth	r0, r0
100054fe:	4358      	muls	r0, r3
10005500:	1812      	adds	r2, r2, r0
10005502:	d302      	bcc.n	1000550a <l16_1>
10005504:	2001      	movs	r0, #1
10005506:	0400      	lsls	r0, r0, #16
10005508:	1824      	adds	r4, r4, r0

1000550a <l16_1>:
1000550a:	0410      	lsls	r0, r2, #16
1000550c:	0c13      	lsrs	r3, r2, #16
1000550e:	1840      	adds	r0, r0, r1
10005510:	4163      	adcs	r3, r4
10005512:	182d      	adds	r5, r5, r0
10005514:	415e      	adcs	r6, r3
10005516:	2000      	movs	r0, #0
10005518:	4147      	adcs	r7, r0
1000551a:	bc06      	pop	{r1, r2}
1000551c:	b288      	uxth	r0, r1
1000551e:	b293      	uxth	r3, r2
10005520:	4358      	muls	r0, r3
10005522:	0c0c      	lsrs	r4, r1, #16
10005524:	4363      	muls	r3, r4
10005526:	0c12      	lsrs	r2, r2, #16
10005528:	4354      	muls	r4, r2
1000552a:	b289      	uxth	r1, r1
1000552c:	4351      	muls	r1, r2
1000552e:	185b      	adds	r3, r3, r1
10005530:	d302      	bcc.n	10005538 <l17_1>
10005532:	2101      	movs	r1, #1
10005534:	0409      	lsls	r1, r1, #16
10005536:	1864      	adds	r4, r4, r1

10005538 <l17_1>:
10005538:	0419      	lsls	r1, r3, #16
1000553a:	0c1a      	lsrs	r2, r3, #16
1000553c:	1809      	adds	r1, r1, r0
1000553e:	4162      	adcs	r2, r4
10005540:	186d      	adds	r5, r5, r1
10005542:	4156      	adcs	r6, r2
10005544:	2000      	movs	r0, #0
10005546:	4147      	adcs	r7, r0
10005548:	bc18      	pop	{r3, r4}
1000554a:	02f9      	lsls	r1, r7, #11
1000554c:	0d72      	lsrs	r2, r6, #21
1000554e:	4311      	orrs	r1, r2
10005550:	02f0      	lsls	r0, r6, #11
10005552:	0d6a      	lsrs	r2, r5, #21
10005554:	4310      	orrs	r0, r2
10005556:	02ed      	lsls	r5, r5, #11
10005558:	0d0a      	lsrs	r2, r1, #20
1000555a:	d103      	bne.n	10005564 <l17_1+0x2c>
1000555c:	196d      	adds	r5, r5, r5
1000555e:	4140      	adcs	r0, r0
10005560:	4149      	adcs	r1, r1
10005562:	3b01      	subs	r3, #1
10005564:	4e12      	ldr	r6, [pc, #72]	; (100055b0 <dm_1+0xa>)
10005566:	1b9b      	subs	r3, r3, r6
10005568:	0076      	lsls	r6, r6, #1
1000556a:	42b3      	cmp	r3, r6
1000556c:	d20e      	bcs.n	1000558c <dm_0>
1000556e:	006d      	lsls	r5, r5, #1
10005570:	d307      	bcc.n	10005582 <l17_1+0x4a>
10005572:	3001      	adds	r0, #1
10005574:	2600      	movs	r6, #0
10005576:	4171      	adcs	r1, r6
10005578:	4666      	mov	r6, ip
1000557a:	4335      	orrs	r5, r6
1000557c:	d101      	bne.n	10005582 <l17_1+0x4a>
1000557e:	0840      	lsrs	r0, r0, #1
10005580:	0040      	lsls	r0, r0, #1
10005582:	051b      	lsls	r3, r3, #20
10005584:	18c9      	adds	r1, r1, r3

10005586 <dm_2>:
10005586:	07e4      	lsls	r4, r4, #31
10005588:	4421      	add	r1, r4
1000558a:	bdf0      	pop	{r4, r5, r6, r7, pc}

1000558c <dm_0>:
1000558c:	da0b      	bge.n	100055a6 <dm_1>
1000558e:	3301      	adds	r3, #1
10005590:	d106      	bne.n	100055a0 <dm_0+0x14>
10005592:	3001      	adds	r0, #1
10005594:	d104      	bne.n	100055a0 <dm_0+0x14>
10005596:	3101      	adds	r1, #1
10005598:	0d4f      	lsrs	r7, r1, #21
1000559a:	d001      	beq.n	100055a0 <dm_0+0x14>
1000559c:	0849      	lsrs	r1, r1, #1
1000559e:	e7f2      	b.n	10005586 <dm_2>
100055a0:	07e1      	lsls	r1, r4, #31
100055a2:	2000      	movs	r0, #0
100055a4:	bdf0      	pop	{r4, r5, r6, r7, pc}

100055a6 <dm_1>:
100055a6:	3601      	adds	r6, #1
100055a8:	0531      	lsls	r1, r6, #20
100055aa:	2000      	movs	r0, #0
100055ac:	e7eb      	b.n	10005586 <dm_2>
100055ae:	0000      	.short	0x0000
100055b0:	000003ff 	.word	0x000003ff

100055b4 <ddiv_shim>:
100055b4:	b5f0      	push	{r4, r5, r6, r7, lr}

100055b6 <ddiv0>:
100055b6:	0d1c      	lsrs	r4, r3, #20
100055b8:	1e67      	subs	r7, r4, #1
100055ba:	053f      	lsls	r7, r7, #20
100055bc:	1bdb      	subs	r3, r3, r7
100055be:	0ae7      	lsrs	r7, r4, #11
100055c0:	0564      	lsls	r4, r4, #21
100055c2:	0d64      	lsrs	r4, r4, #21
100055c4:	d002      	beq.n	100055cc <l20_1>
100055c6:	1c66      	adds	r6, r4, #1
100055c8:	0af6      	lsrs	r6, r6, #11
100055ca:	d004      	beq.n	100055d6 <l20_2>

100055cc <l20_1>:
100055cc:	2200      	movs	r2, #0
100055ce:	2301      	movs	r3, #1
100055d0:	051b      	lsls	r3, r3, #20
100055d2:	3c80      	subs	r4, #128	; 0x80
100055d4:	0324      	lsls	r4, r4, #12

100055d6 <l20_2>:
100055d6:	25d0      	movs	r5, #208	; 0xd0
100055d8:	062d      	lsls	r5, r5, #24
100055da:	2600      	movs	r6, #0
100055dc:	43f6      	mvns	r6, r6
100055de:	662e      	str	r6, [r5, #96]	; 0x60
100055e0:	091e      	lsrs	r6, r3, #4
100055e2:	666e      	str	r6, [r5, #100]	; 0x64
100055e4:	0fce      	lsrs	r6, r1, #31
100055e6:	19f6      	adds	r6, r6, r7
100055e8:	46b4      	mov	ip, r6
100055ea:	0049      	lsls	r1, r1, #1
100055ec:	0d4f      	lsrs	r7, r1, #21
100055ee:	d002      	beq.n	100055f6 <l20_2+0x20>
100055f0:	1c7e      	adds	r6, r7, #1
100055f2:	0af6      	lsrs	r6, r6, #11
100055f4:	d003      	beq.n	100055fe <l20_2+0x28>
100055f6:	2000      	movs	r0, #0
100055f8:	2100      	movs	r1, #0
100055fa:	3f40      	subs	r7, #64	; 0x40
100055fc:	033f      	lsls	r7, r7, #12
100055fe:	1b3e      	subs	r6, r7, r4
10005600:	00b6      	lsls	r6, r6, #2
10005602:	44b4      	add	ip, r6
10005604:	3f01      	subs	r7, #1
10005606:	057f      	lsls	r7, r7, #21
10005608:	1bc9      	subs	r1, r1, r7
1000560a:	0849      	lsrs	r1, r1, #1
1000560c:	6f2e      	ldr	r6, [r5, #112]	; 0x70
1000560e:	3601      	adds	r6, #1
10005610:	0876      	lsrs	r6, r6, #1
10005612:	029c      	lsls	r4, r3, #10
10005614:	0d95      	lsrs	r5, r2, #22
10005616:	4325      	orrs	r5, r4
10005618:	4375      	muls	r5, r6
1000561a:	13ed      	asrs	r5, r5, #15
1000561c:	4375      	muls	r5, r6
1000561e:	13ad      	asrs	r5, r5, #14
10005620:	3501      	adds	r5, #1
10005622:	106d      	asrs	r5, r5, #1
10005624:	03f6      	lsls	r6, r6, #15
10005626:	1b76      	subs	r6, r6, r5
10005628:	b40c      	push	{r2, r3}
1000562a:	02cc      	lsls	r4, r1, #11
1000562c:	0d45      	lsrs	r5, r0, #21
1000562e:	432c      	orrs	r4, r5
10005630:	b2a2      	uxth	r2, r4
10005632:	b2b3      	uxth	r3, r6
10005634:	435a      	muls	r2, r3
10005636:	0c27      	lsrs	r7, r4, #16
10005638:	437b      	muls	r3, r7
1000563a:	0c35      	lsrs	r5, r6, #16
1000563c:	436f      	muls	r7, r5
1000563e:	b2a4      	uxth	r4, r4
10005640:	436c      	muls	r4, r5
10005642:	191b      	adds	r3, r3, r4
10005644:	d302      	bcc.n	1000564c <l21_1>
10005646:	2401      	movs	r4, #1
10005648:	0424      	lsls	r4, r4, #16
1000564a:	193f      	adds	r7, r7, r4

1000564c <l21_1>:
1000564c:	041c      	lsls	r4, r3, #16
1000564e:	0c1d      	lsrs	r5, r3, #16
10005650:	18a4      	adds	r4, r4, r2
10005652:	417d      	adcs	r5, r7
10005654:	1924      	adds	r4, r4, r4
10005656:	416d      	adcs	r5, r5
10005658:	9a00      	ldr	r2, [sp, #0]
1000565a:	b291      	uxth	r1, r2
1000565c:	b2ac      	uxth	r4, r5
1000565e:	4361      	muls	r1, r4
10005660:	0c17      	lsrs	r7, r2, #16
10005662:	437c      	muls	r4, r7
10005664:	0c2b      	lsrs	r3, r5, #16
10005666:	435f      	muls	r7, r3
10005668:	b292      	uxth	r2, r2
1000566a:	435a      	muls	r2, r3
1000566c:	18a4      	adds	r4, r4, r2
1000566e:	d302      	bcc.n	10005676 <l22_1>
10005670:	2201      	movs	r2, #1
10005672:	0412      	lsls	r2, r2, #16
10005674:	18bf      	adds	r7, r7, r2

10005676 <l22_1>:
10005676:	0422      	lsls	r2, r4, #16
10005678:	0c23      	lsrs	r3, r4, #16
1000567a:	1852      	adds	r2, r2, r1
1000567c:	417b      	adcs	r3, r7
1000567e:	9c01      	ldr	r4, [sp, #4]
10005680:	436c      	muls	r4, r5
10005682:	191b      	adds	r3, r3, r4
10005684:	0e52      	lsrs	r2, r2, #25
10005686:	01d9      	lsls	r1, r3, #7
10005688:	430a      	orrs	r2, r1
1000568a:	0144      	lsls	r4, r0, #5
1000568c:	1aa0      	subs	r0, r4, r2
1000568e:	b281      	uxth	r1, r0
10005690:	b2b2      	uxth	r2, r6
10005692:	4351      	muls	r1, r2
10005694:	1403      	asrs	r3, r0, #16
10005696:	435a      	muls	r2, r3
10005698:	0c36      	lsrs	r6, r6, #16
1000569a:	4373      	muls	r3, r6
1000569c:	b287      	uxth	r7, r0
1000569e:	4377      	muls	r7, r6
100056a0:	17d6      	asrs	r6, r2, #31
100056a2:	19d2      	adds	r2, r2, r7
100056a4:	2700      	movs	r7, #0
100056a6:	417e      	adcs	r6, r7
100056a8:	0436      	lsls	r6, r6, #16
100056aa:	199b      	adds	r3, r3, r6
100056ac:	0417      	lsls	r7, r2, #16
100056ae:	0c16      	lsrs	r6, r2, #16
100056b0:	187f      	adds	r7, r7, r1
100056b2:	415e      	adcs	r6, r3
100056b4:	1673      	asrs	r3, r6, #25
100056b6:	18ed      	adds	r5, r5, r3
100056b8:	01f3      	lsls	r3, r6, #7
100056ba:	2600      	movs	r6, #0
100056bc:	3380      	adds	r3, #128	; 0x80
100056be:	4175      	adcs	r5, r6
100056c0:	0fa9      	lsrs	r1, r5, #30
100056c2:	d106      	bne.n	100056d2 <dd_0>
100056c4:	0064      	lsls	r4, r4, #1
100056c6:	0a69      	lsrs	r1, r5, #9
100056c8:	05e8      	lsls	r0, r5, #23
100056ca:	0a5b      	lsrs	r3, r3, #9
100056cc:	4318      	orrs	r0, r3
100056ce:	d209      	bcs.n	100056e4 <dd_1>
100056d0:	e02f      	b.n	10005732 <dd_2>

100056d2 <dd_0>:
100056d2:	2204      	movs	r2, #4
100056d4:	4494      	add	ip, r2
100056d6:	3380      	adds	r3, #128	; 0x80
100056d8:	4175      	adcs	r5, r6
100056da:	0aa9      	lsrs	r1, r5, #10
100056dc:	05a8      	lsls	r0, r5, #22
100056de:	0a9b      	lsrs	r3, r3, #10
100056e0:	4318      	orrs	r0, r3
100056e2:	d326      	bcc.n	10005732 <dd_2>

100056e4 <dd_1>:
100056e4:	4140      	adcs	r0, r0
100056e6:	4149      	adcs	r1, r1
100056e8:	0424      	lsls	r4, r4, #16
100056ea:	9a00      	ldr	r2, [sp, #0]
100056ec:	9b01      	ldr	r3, [sp, #4]
100056ee:	000d      	movs	r5, r1
100056f0:	4355      	muls	r5, r2
100056f2:	1b64      	subs	r4, r4, r5
100056f4:	4343      	muls	r3, r0
100056f6:	1ae4      	subs	r4, r4, r3
100056f8:	b295      	uxth	r5, r2
100056fa:	b286      	uxth	r6, r0
100056fc:	4375      	muls	r5, r6
100056fe:	0c17      	lsrs	r7, r2, #16
10005700:	437e      	muls	r6, r7
10005702:	0c03      	lsrs	r3, r0, #16
10005704:	435f      	muls	r7, r3
10005706:	b292      	uxth	r2, r2
10005708:	435a      	muls	r2, r3
1000570a:	18b6      	adds	r6, r6, r2
1000570c:	d302      	bcc.n	10005714 <l24_1>
1000570e:	2201      	movs	r2, #1
10005710:	0412      	lsls	r2, r2, #16
10005712:	18bf      	adds	r7, r7, r2

10005714 <l24_1>:
10005714:	0432      	lsls	r2, r6, #16
10005716:	0c33      	lsrs	r3, r6, #16
10005718:	1952      	adds	r2, r2, r5
1000571a:	417b      	adcs	r3, r7
1000571c:	4252      	negs	r2, r2
1000571e:	419c      	sbcs	r4, r3
10005720:	2c00      	cmp	r4, #0
10005722:	d402      	bmi.n	1000572a <l24_1+0x16>
10005724:	2200      	movs	r2, #0
10005726:	3001      	adds	r0, #1
10005728:	4151      	adcs	r1, r2
1000572a:	0840      	lsrs	r0, r0, #1
1000572c:	07ca      	lsls	r2, r1, #31
1000572e:	4310      	orrs	r0, r2
10005730:	0849      	lsrs	r1, r1, #1

10005732 <dd_2>:
10005732:	b002      	add	sp, #8
10005734:	4662      	mov	r2, ip
10005736:	07d7      	lsls	r7, r2, #31
10005738:	1092      	asrs	r2, r2, #2
1000573a:	4b08      	ldr	r3, [pc, #32]	; (1000575c <dd_4+0x6>)
1000573c:	18d2      	adds	r2, r2, r3
1000573e:	4b08      	ldr	r3, [pc, #32]	; (10005760 <dd_4+0xa>)
10005740:	429a      	cmp	r2, r3
10005742:	d203      	bcs.n	1000574c <dd_3>
10005744:	0512      	lsls	r2, r2, #20
10005746:	1889      	adds	r1, r1, r2

10005748 <dd_5>:
10005748:	19c9      	adds	r1, r1, r7
1000574a:	bdf0      	pop	{r4, r5, r6, r7, pc}

1000574c <dd_3>:
1000574c:	2000      	movs	r0, #0
1000574e:	2a00      	cmp	r2, #0
10005750:	dc01      	bgt.n	10005756 <dd_4>
10005752:	0039      	movs	r1, r7
10005754:	bdf0      	pop	{r4, r5, r6, r7, pc}

10005756 <dd_4>:
10005756:	3301      	adds	r3, #1
10005758:	0519      	lsls	r1, r3, #20
1000575a:	e7f5      	b.n	10005748 <dd_5>
1000575c:	000003fd 	.word	0x000003fd
10005760:	000007fe 	.word	0x000007fe

10005764 <dq_2>:
10005764:	da07      	bge.n	10005776 <dq_3>
10005766:	2100      	movs	r1, #0
10005768:	e007      	b.n	1000577a <dq_4>

1000576a <dq_0>:
1000576a:	0fc9      	lsrs	r1, r1, #31
1000576c:	07c9      	lsls	r1, r1, #31
1000576e:	0d52      	lsrs	r2, r2, #21
10005770:	d003      	beq.n	1000577a <dq_4>
10005772:	12c9      	asrs	r1, r1, #11
10005774:	e001      	b.n	1000577a <dq_4>

10005776 <dq_3>:
10005776:	494c      	ldr	r1, [pc, #304]	; (100058a8 <drsqrtapp_minus_8>)
10005778:	0509      	lsls	r1, r1, #20

1000577a <dq_4>:
1000577a:	2000      	movs	r0, #0

1000577c <dq_1>:
1000577c:	4770      	bx	lr
1000577e:	46c0      	nop			; (mov r8, r8)

10005780 <dsqrt_shim>:
10005780:	004a      	lsls	r2, r1, #1
10005782:	d2f2      	bcs.n	1000576a <dq_0>
10005784:	0d52      	lsrs	r2, r2, #21
10005786:	3a01      	subs	r2, #1
10005788:	4b48      	ldr	r3, [pc, #288]	; (100058ac <drsqrtapp_minus_8+0x4>)
1000578a:	429a      	cmp	r2, r3
1000578c:	d2ea      	bcs.n	10005764 <dq_2>
1000578e:	b5f0      	push	{r4, r5, r6, r7, lr}
10005790:	0514      	lsls	r4, r2, #20
10005792:	1b09      	subs	r1, r1, r4
10005794:	0852      	lsrs	r2, r2, #1
10005796:	d301      	bcc.n	1000579c <dsqrt_shim+0x1c>
10005798:	1800      	adds	r0, r0, r0
1000579a:	4149      	adcs	r1, r1
1000579c:	089b      	lsrs	r3, r3, #2
1000579e:	18d2      	adds	r2, r2, r3
100057a0:	0512      	lsls	r2, r2, #20
100057a2:	4694      	mov	ip, r2
100057a4:	a440      	add	r4, pc, #256	; (adr r4, 100058a8 <drsqrtapp_minus_8>)
100057a6:	0c4a      	lsrs	r2, r1, #17
100057a8:	5ca2      	ldrb	r2, [r4, r2]
100057aa:	090b      	lsrs	r3, r1, #4
100057ac:	4353      	muls	r3, r2
100057ae:	4353      	muls	r3, r2
100057b0:	131b      	asrs	r3, r3, #12
100057b2:	4353      	muls	r3, r2
100057b4:	135b      	asrs	r3, r3, #13
100057b6:	0212      	lsls	r2, r2, #8
100057b8:	1ad2      	subs	r2, r2, r3
100057ba:	0013      	movs	r3, r2
100057bc:	435b      	muls	r3, r3
100057be:	0b5b      	lsrs	r3, r3, #13
100057c0:	084c      	lsrs	r4, r1, #1
100057c2:	4363      	muls	r3, r4
100057c4:	13db      	asrs	r3, r3, #15
100057c6:	4353      	muls	r3, r2
100057c8:	15db      	asrs	r3, r3, #23
100057ca:	3301      	adds	r3, #1
100057cc:	105b      	asrs	r3, r3, #1
100057ce:	1ad2      	subs	r2, r2, r3
100057d0:	0c13      	lsrs	r3, r2, #16
100057d2:	1ad2      	subs	r2, r2, r3
100057d4:	0013      	movs	r3, r2
100057d6:	435b      	muls	r3, r3
100057d8:	0289      	lsls	r1, r1, #10
100057da:	0d84      	lsrs	r4, r0, #22
100057dc:	4321      	orrs	r1, r4
100057de:	b28d      	uxth	r5, r1
100057e0:	b29e      	uxth	r6, r3
100057e2:	4375      	muls	r5, r6
100057e4:	0c0f      	lsrs	r7, r1, #16
100057e6:	437e      	muls	r6, r7
100057e8:	0c1b      	lsrs	r3, r3, #16
100057ea:	435f      	muls	r7, r3
100057ec:	b28c      	uxth	r4, r1
100057ee:	435c      	muls	r4, r3
100057f0:	1936      	adds	r6, r6, r4
100057f2:	d302      	bcc.n	100057fa <l26_1>
100057f4:	2401      	movs	r4, #1
100057f6:	0424      	lsls	r4, r4, #16
100057f8:	193f      	adds	r7, r7, r4

100057fa <l26_1>:
100057fa:	0434      	lsls	r4, r6, #16
100057fc:	0c33      	lsrs	r3, r6, #16
100057fe:	1964      	adds	r4, r4, r5
10005800:	417b      	adcs	r3, r7
10005802:	019d      	lsls	r5, r3, #6
10005804:	0ea4      	lsrs	r4, r4, #26
10005806:	432c      	orrs	r4, r5
10005808:	3420      	adds	r4, #32
1000580a:	b2a5      	uxth	r5, r4
1000580c:	4355      	muls	r5, r2
1000580e:	1424      	asrs	r4, r4, #16
10005810:	4354      	muls	r4, r2
10005812:	0c2d      	lsrs	r5, r5, #16
10005814:	1964      	adds	r4, r4, r5
10005816:	11a4      	asrs	r4, r4, #6
10005818:	03d2      	lsls	r2, r2, #15
1000581a:	1b12      	subs	r2, r2, r4
1000581c:	b295      	uxth	r5, r2
1000581e:	b28e      	uxth	r6, r1
10005820:	4375      	muls	r5, r6
10005822:	0c17      	lsrs	r7, r2, #16
10005824:	437e      	muls	r6, r7
10005826:	0c0c      	lsrs	r4, r1, #16
10005828:	4367      	muls	r7, r4
1000582a:	b293      	uxth	r3, r2
1000582c:	4363      	muls	r3, r4
1000582e:	18f6      	adds	r6, r6, r3
10005830:	d302      	bcc.n	10005838 <l27_1>
10005832:	2301      	movs	r3, #1
10005834:	041b      	lsls	r3, r3, #16
10005836:	18ff      	adds	r7, r7, r3

10005838 <l27_1>:
10005838:	0433      	lsls	r3, r6, #16
1000583a:	0c34      	lsrs	r4, r6, #16
1000583c:	195b      	adds	r3, r3, r5
1000583e:	417c      	adcs	r4, r7
10005840:	18db      	adds	r3, r3, r3
10005842:	4164      	adcs	r4, r4
10005844:	18db      	adds	r3, r3, r3
10005846:	2300      	movs	r3, #0
10005848:	4163      	adcs	r3, r4
1000584a:	b29e      	uxth	r6, r3
1000584c:	4376      	muls	r6, r6
1000584e:	b29d      	uxth	r5, r3
10005850:	0c1f      	lsrs	r7, r3, #16
10005852:	437d      	muls	r5, r7
10005854:	437f      	muls	r7, r7
10005856:	046c      	lsls	r4, r5, #17
10005858:	0bed      	lsrs	r5, r5, #15
1000585a:	19a4      	adds	r4, r4, r6
1000585c:	417d      	adcs	r5, r7
1000585e:	0206      	lsls	r6, r0, #8
10005860:	088f      	lsrs	r7, r1, #2
10005862:	1b36      	subs	r6, r6, r4
10005864:	41af      	sbcs	r7, r5
10005866:	077d      	lsls	r5, r7, #29
10005868:	08f6      	lsrs	r6, r6, #3
1000586a:	416e      	adcs	r6, r5
1000586c:	b2b4      	uxth	r4, r6
1000586e:	b295      	uxth	r5, r2
10005870:	436c      	muls	r4, r5
10005872:	1437      	asrs	r7, r6, #16
10005874:	437d      	muls	r5, r7
10005876:	0c12      	lsrs	r2, r2, #16
10005878:	4357      	muls	r7, r2
1000587a:	b2b6      	uxth	r6, r6
1000587c:	4356      	muls	r6, r2
1000587e:	17ea      	asrs	r2, r5, #31
10005880:	19ad      	adds	r5, r5, r6
10005882:	2600      	movs	r6, #0
10005884:	4172      	adcs	r2, r6
10005886:	0412      	lsls	r2, r2, #16
10005888:	18bf      	adds	r7, r7, r2
1000588a:	042e      	lsls	r6, r5, #16
1000588c:	0c2a      	lsrs	r2, r5, #16
1000588e:	1936      	adds	r6, r6, r4
10005890:	417a      	adcs	r2, r7
10005892:	3208      	adds	r2, #8
10005894:	1152      	asrs	r2, r2, #5
10005896:	d217      	bcs.n	100058c8 <dq_5>
10005898:	0a9d      	lsrs	r5, r3, #10
1000589a:	059c      	lsls	r4, r3, #22
1000589c:	17d1      	asrs	r1, r2, #31
1000589e:	1910      	adds	r0, r2, r4
100058a0:	4169      	adcs	r1, r5
100058a2:	4461      	add	r1, ip
100058a4:	bdf0      	pop	{r4, r5, r6, r7, pc}
	...

100058a8 <drsqrtapp_minus_8>:
100058a8:	000007ff 	.word	0x000007ff
100058ac:	000007fe 	.word	0x000007fe

100058b0 <drsqrtapp>:
100058b0:	d6dfebf8 	.word	0xd6dfebf8
100058b4:	b8bec5cd 	.word	0xb8bec5cd
100058b8:	a4a8adb2 	.word	0xa4a8adb2
100058bc:	95999ca0 	.word	0x95999ca0
100058c0:	8a8d8f92 	.word	0x8a8d8f92
100058c4:	81838588 	.word	0x81838588

100058c8 <dq_5>:
100058c8:	4152      	adcs	r2, r2
100058ca:	0a5d      	lsrs	r5, r3, #9
100058cc:	05dc      	lsls	r4, r3, #23
100058ce:	17d1      	asrs	r1, r2, #31
100058d0:	1914      	adds	r4, r2, r4
100058d2:	414d      	adcs	r5, r1
100058d4:	002b      	movs	r3, r5
100058d6:	4363      	muls	r3, r4
100058d8:	b2a6      	uxth	r6, r4
100058da:	4376      	muls	r6, r6
100058dc:	b2a2      	uxth	r2, r4
100058de:	0c27      	lsrs	r7, r4, #16
100058e0:	437a      	muls	r2, r7
100058e2:	437f      	muls	r7, r7
100058e4:	0451      	lsls	r1, r2, #17
100058e6:	0bd2      	lsrs	r2, r2, #15
100058e8:	1989      	adds	r1, r1, r6
100058ea:	417a      	adcs	r2, r7
100058ec:	18d2      	adds	r2, r2, r3
100058ee:	18d2      	adds	r2, r2, r3
100058f0:	0580      	lsls	r0, r0, #22
100058f2:	4249      	negs	r1, r1
100058f4:	4190      	sbcs	r0, r2
100058f6:	d402      	bmi.n	100058fe <dq_5+0x36>
100058f8:	2300      	movs	r3, #0
100058fa:	3401      	adds	r4, #1
100058fc:	415d      	adcs	r5, r3
100058fe:	0860      	lsrs	r0, r4, #1
10005900:	0869      	lsrs	r1, r5, #1
10005902:	07ed      	lsls	r5, r5, #31
10005904:	4328      	orrs	r0, r5
10005906:	4461      	add	r1, ip
10005908:	bdf0      	pop	{r4, r5, r6, r7, pc}
1000590a:	46c0      	nop			; (mov r8, r8)

1000590c <dcordic_vec_step>:
1000590c:	4662      	mov	r2, ip
1000590e:	ca18      	ldmia	r2!, {r3, r4}
10005910:	4694      	mov	ip, r2
10005912:	465a      	mov	r2, fp
10005914:	2a00      	cmp	r2, #0
10005916:	db20      	blt.n	1000595a <dcordic_rot_step+0x40>
10005918:	e004      	b.n	10005924 <dcordic_rot_step+0xa>

1000591a <dcordic_rot_step>:
1000591a:	4662      	mov	r2, ip
1000591c:	ca18      	ldmia	r2!, {r3, r4}
1000591e:	4694      	mov	ip, r2
10005920:	2900      	cmp	r1, #0
10005922:	da1a      	bge.n	1000595a <dcordic_rot_step+0x40>
10005924:	18c0      	adds	r0, r0, r3
10005926:	4161      	adcs	r1, r4
10005928:	465b      	mov	r3, fp
1000592a:	413b      	asrs	r3, r7
1000592c:	465c      	mov	r4, fp
1000592e:	40b4      	lsls	r4, r6
10005930:	4652      	mov	r2, sl
10005932:	40fa      	lsrs	r2, r7
10005934:	4322      	orrs	r2, r4
10005936:	4644      	mov	r4, r8
10005938:	464d      	mov	r5, r9
1000593a:	4162      	adcs	r2, r4
1000593c:	416b      	adcs	r3, r5
1000593e:	4690      	mov	r8, r2
10005940:	4699      	mov	r9, r3
10005942:	462b      	mov	r3, r5
10005944:	40b3      	lsls	r3, r6
10005946:	413d      	asrs	r5, r7
10005948:	40fc      	lsrs	r4, r7
1000594a:	431c      	orrs	r4, r3
1000594c:	4652      	mov	r2, sl
1000594e:	465b      	mov	r3, fp
10005950:	41a2      	sbcs	r2, r4
10005952:	41ab      	sbcs	r3, r5
10005954:	4692      	mov	sl, r2
10005956:	469b      	mov	fp, r3
10005958:	4770      	bx	lr
1000595a:	1ac0      	subs	r0, r0, r3
1000595c:	41a1      	sbcs	r1, r4
1000595e:	464b      	mov	r3, r9
10005960:	413b      	asrs	r3, r7
10005962:	464c      	mov	r4, r9
10005964:	40b4      	lsls	r4, r6
10005966:	4642      	mov	r2, r8
10005968:	40fa      	lsrs	r2, r7
1000596a:	4322      	orrs	r2, r4
1000596c:	4654      	mov	r4, sl
1000596e:	465d      	mov	r5, fp
10005970:	4162      	adcs	r2, r4
10005972:	416b      	adcs	r3, r5
10005974:	4692      	mov	sl, r2
10005976:	469b      	mov	fp, r3
10005978:	462b      	mov	r3, r5
1000597a:	40b3      	lsls	r3, r6
1000597c:	413d      	asrs	r5, r7
1000597e:	40fc      	lsrs	r4, r7
10005980:	431c      	orrs	r4, r3
10005982:	4642      	mov	r2, r8
10005984:	464b      	mov	r3, r9
10005986:	41a2      	sbcs	r2, r4
10005988:	41ab      	sbcs	r3, r5
1000598a:	4690      	mov	r8, r2
1000598c:	4699      	mov	r9, r3
1000598e:	4770      	bx	lr

10005990 <double2uint_shim>:
10005990:	2200      	movs	r2, #0

10005992 <double2ufix_shim>:
10005992:	b500      	push	{lr}
10005994:	3220      	adds	r2, #32
10005996:	f000 f810 	bl	100059ba <double2ufix64_shim>
1000599a:	0008      	movs	r0, r1
1000599c:	bd00      	pop	{pc}

1000599e <double2int64_shim>:
1000599e:	2200      	movs	r2, #0

100059a0 <double2fix64_shim>:
100059a0:	b500      	push	{lr}
100059a2:	f000 f80c 	bl	100059be <d2fix>
100059a6:	17ca      	asrs	r2, r1, #31
100059a8:	429a      	cmp	r2, r3
100059aa:	d100      	bne.n	100059ae <double2fix64_shim+0xe>
100059ac:	bd00      	pop	{pc}
100059ae:	43d8      	mvns	r0, r3
100059b0:	2101      	movs	r1, #1
100059b2:	07c9      	lsls	r1, r1, #31
100059b4:	4041      	eors	r1, r0
100059b6:	bd00      	pop	{pc}

100059b8 <double2uint64_shim>:
100059b8:	2200      	movs	r2, #0

100059ba <double2ufix64_shim>:
100059ba:	150b      	asrs	r3, r1, #20
100059bc:	d40a      	bmi.n	100059d4 <ret_dzero>

100059be <d2fix>:
100059be:	b510      	push	{r4, lr}
100059c0:	4694      	mov	ip, r2
100059c2:	f000 f879 	bl	10005ab8 <dunpacks>
100059c6:	1414      	asrs	r4, r2, #16
100059c8:	3401      	adds	r4, #1
100059ca:	da00      	bge.n	100059ce <d2fix+0x10>
100059cc:	2100      	movs	r1, #0
100059ce:	17cb      	asrs	r3, r1, #31
100059d0:	4c14      	ldr	r4, [pc, #80]	; (10005a24 <d2fix_a+0x4a>)
100059d2:	4720      	bx	r4

100059d4 <ret_dzero>:
100059d4:	2000      	movs	r0, #0
100059d6:	2100      	movs	r1, #0
100059d8:	4770      	bx	lr

100059da <d2fix_a>:
100059da:	4462      	add	r2, ip
100059dc:	3a34      	subs	r2, #52	; 0x34
100059de:	d40c      	bmi.n	100059fa <d2fix_a+0x20>
100059e0:	2a0c      	cmp	r2, #12
100059e2:	da07      	bge.n	100059f4 <d2fix_a+0x1a>
100059e4:	0004      	movs	r4, r0
100059e6:	4091      	lsls	r1, r2
100059e8:	4090      	lsls	r0, r2
100059ea:	4252      	negs	r2, r2
100059ec:	3220      	adds	r2, #32
100059ee:	40d4      	lsrs	r4, r2
100059f0:	4321      	orrs	r1, r4
100059f2:	bd10      	pop	{r4, pc}
100059f4:	43d8      	mvns	r0, r3
100059f6:	43d9      	mvns	r1, r3
100059f8:	bd10      	pop	{r4, pc}
100059fa:	3220      	adds	r2, #32
100059fc:	d407      	bmi.n	10005a0e <d2fix_a+0x34>
100059fe:	460c      	mov	r4, r1
10005a00:	4094      	lsls	r4, r2
10005a02:	4252      	negs	r2, r2
10005a04:	3220      	adds	r2, #32
10005a06:	4111      	asrs	r1, r2
10005a08:	40d0      	lsrs	r0, r2
10005a0a:	4320      	orrs	r0, r4
10005a0c:	bd10      	pop	{r4, pc}
10005a0e:	0008      	movs	r0, r1
10005a10:	17c9      	asrs	r1, r1, #31
10005a12:	3220      	adds	r2, #32
10005a14:	d403      	bmi.n	10005a1e <d2fix_a+0x44>
10005a16:	4252      	negs	r2, r2
10005a18:	3220      	adds	r2, #32
10005a1a:	4110      	asrs	r0, r2
10005a1c:	bd10      	pop	{r4, pc}
10005a1e:	0018      	movs	r0, r3
10005a20:	0019      	movs	r1, r3
10005a22:	bd10      	pop	{r4, pc}
10005a24:	100059db 	.word	0x100059db

10005a28 <uint2double_shim>:
10005a28:	2100      	movs	r1, #0

10005a2a <ufix2double_shim>:
10005a2a:	000a      	movs	r2, r1
10005a2c:	2100      	movs	r1, #0
10005a2e:	e004      	b.n	10005a3a <ufix642double_shim>

10005a30 <int2double_shim>:
10005a30:	2100      	movs	r1, #0

10005a32 <fix2double_shim>:
10005a32:	000a      	movs	r2, r1
10005a34:	17c1      	asrs	r1, r0, #31
10005a36:	e004      	b.n	10005a42 <fix642double_shim>

10005a38 <uint642double_shim>:
10005a38:	2200      	movs	r2, #0

10005a3a <ufix642double_shim>:
10005a3a:	2300      	movs	r3, #0
10005a3c:	e006      	b.n	10005a4c <uf2d>
10005a3e:	46c0      	nop			; (mov r8, r8)

10005a40 <int642double_shim>:
10005a40:	2200      	movs	r2, #0

10005a42 <fix642double_shim>:
10005a42:	17cb      	asrs	r3, r1, #31
10005a44:	4058      	eors	r0, r3
10005a46:	4059      	eors	r1, r3
10005a48:	1ac0      	subs	r0, r0, r3
10005a4a:	4199      	sbcs	r1, r3

10005a4c <uf2d>:
10005a4c:	b530      	push	{r4, r5, lr}
10005a4e:	4c18      	ldr	r4, [pc, #96]	; (10005ab0 <uf2d+0x64>)
10005a50:	1aa2      	subs	r2, r4, r2
10005a52:	2900      	cmp	r1, #0
10005a54:	d103      	bne.n	10005a5e <uf2d+0x12>
10005a56:	0001      	movs	r1, r0
10005a58:	d010      	beq.n	10005a7c <uf2d+0x30>
10005a5a:	2000      	movs	r0, #0
10005a5c:	3a20      	subs	r2, #32
10005a5e:	154c      	asrs	r4, r1, #21
10005a60:	d112      	bne.n	10005a88 <uf2d+0x3c>
10005a62:	d204      	bcs.n	10005a6e <uf2d+0x22>
10005a64:	3a01      	subs	r2, #1
10005a66:	1800      	adds	r0, r0, r0
10005a68:	4149      	adcs	r1, r1
10005a6a:	0d4c      	lsrs	r4, r1, #21
10005a6c:	d3fa      	bcc.n	10005a64 <uf2d+0x18>
10005a6e:	4c11      	ldr	r4, [pc, #68]	; (10005ab4 <uf2d+0x68>)
10005a70:	42a2      	cmp	r2, r4
10005a72:	d204      	bcs.n	10005a7e <uf2d+0x32>
10005a74:	0512      	lsls	r2, r2, #20
10005a76:	1889      	adds	r1, r1, r2
10005a78:	07db      	lsls	r3, r3, #31
10005a7a:	18c9      	adds	r1, r1, r3
10005a7c:	bd30      	pop	{r4, r5, pc}
10005a7e:	43d2      	mvns	r2, r2
10005a80:	0d52      	lsrs	r2, r2, #21
10005a82:	2000      	movs	r0, #0
10005a84:	2100      	movs	r1, #0
10005a86:	e7f5      	b.n	10005a74 <uf2d+0x28>
10005a88:	d403      	bmi.n	10005a92 <uf2d+0x46>
10005a8a:	3a01      	subs	r2, #1
10005a8c:	1800      	adds	r0, r0, r0
10005a8e:	4149      	adcs	r1, r1
10005a90:	d5fb      	bpl.n	10005a8a <uf2d+0x3e>
10005a92:	320b      	adds	r2, #11
10005a94:	0544      	lsls	r4, r0, #21
10005a96:	0ac0      	lsrs	r0, r0, #11
10005a98:	054d      	lsls	r5, r1, #21
10005a9a:	4328      	orrs	r0, r5
10005a9c:	0ac9      	lsrs	r1, r1, #11
10005a9e:	0064      	lsls	r4, r4, #1
10005aa0:	d003      	beq.n	10005aaa <uf2d+0x5e>
10005aa2:	2400      	movs	r4, #0
10005aa4:	4160      	adcs	r0, r4
10005aa6:	4161      	adcs	r1, r4
10005aa8:	e7e1      	b.n	10005a6e <uf2d+0x22>
10005aaa:	d3e0      	bcc.n	10005a6e <uf2d+0x22>
10005aac:	0844      	lsrs	r4, r0, #1
10005aae:	e7f8      	b.n	10005aa2 <uf2d+0x56>
10005ab0:	00000432 	.word	0x00000432
10005ab4:	000007fe 	.word	0x000007fe

10005ab8 <dunpacks>:
10005ab8:	0d0a      	lsrs	r2, r1, #20
10005aba:	0fcc      	lsrs	r4, r1, #31
10005abc:	1e53      	subs	r3, r2, #1
10005abe:	051b      	lsls	r3, r3, #20
10005ac0:	1ac9      	subs	r1, r1, r3
10005ac2:	0552      	lsls	r2, r2, #21
10005ac4:	d303      	bcc.n	10005ace <l60_1>
10005ac6:	43c9      	mvns	r1, r1
10005ac8:	4240      	negs	r0, r0
10005aca:	d300      	bcc.n	10005ace <l60_1>
10005acc:	3101      	adds	r1, #1

10005ace <l60_1>:
10005ace:	0d52      	lsrs	r2, r2, #21
10005ad0:	d003      	beq.n	10005ada <l60_2>
10005ad2:	1c53      	adds	r3, r2, #1
10005ad4:	0adb      	lsrs	r3, r3, #11
10005ad6:	d007      	beq.n	10005ae8 <l60_3>
10005ad8:	1b12      	subs	r2, r2, r4

10005ada <l60_2>:
10005ada:	2000      	movs	r0, #0
10005adc:	0064      	lsls	r4, r4, #1
10005ade:	1c61      	adds	r1, r4, #1
10005ae0:	0789      	lsls	r1, r1, #30
10005ae2:	1289      	asrs	r1, r1, #10
10005ae4:	3a80      	subs	r2, #128	; 0x80
10005ae6:	0312      	lsls	r2, r2, #12

10005ae8 <l60_3>:
10005ae8:	4b01      	ldr	r3, [pc, #4]	; (10005af0 <l60_3+0x8>)
10005aea:	1ad2      	subs	r2, r2, r3
10005aec:	4770      	bx	lr
10005aee:	0000      	.short	0x0000
10005af0:	000003ff 	.word	0x000003ff

10005af4 <dreduce>:
10005af4:	3202      	adds	r2, #2
10005af6:	d425      	bmi.n	10005b44 <dreduce+0x50>
10005af8:	2a0c      	cmp	r2, #12
10005afa:	da1c      	bge.n	10005b36 <dreduce+0x42>
10005afc:	2511      	movs	r5, #17
10005afe:	1aad      	subs	r5, r5, r2
10005b00:	000b      	movs	r3, r1
10005b02:	412b      	asrs	r3, r5
10005b04:	3208      	adds	r2, #8
10005b06:	3507      	adds	r5, #7
10005b08:	0006      	movs	r6, r0
10005b0a:	40ee      	lsrs	r6, r5
10005b0c:	4090      	lsls	r0, r2
10005b0e:	4091      	lsls	r1, r2
10005b10:	4331      	orrs	r1, r6
10005b12:	ccf0      	ldmia	r4, {r4, r5, r6, r7}
10005b14:	4363      	muls	r3, r4
10005b16:	151a      	asrs	r2, r3, #20
10005b18:	2300      	movs	r3, #0
10005b1a:	415a      	adcs	r2, r3
10005b1c:	4355      	muls	r5, r2
10005b1e:	4356      	muls	r6, r2
10005b20:	4357      	muls	r7, r2
10005b22:	02bf      	lsls	r7, r7, #10
10005b24:	12f4      	asrs	r4, r6, #11
10005b26:	0576      	lsls	r6, r6, #21
10005b28:	1976      	adds	r6, r6, r5
10005b2a:	4167      	adcs	r7, r4
10005b2c:	17ed      	asrs	r5, r5, #31
10005b2e:	197f      	adds	r7, r7, r5
10005b30:	1b80      	subs	r0, r0, r6
10005b32:	41b9      	sbcs	r1, r7
10005b34:	4770      	bx	lr
10005b36:	220c      	movs	r2, #12
10005b38:	2000      	movs	r0, #0
10005b3a:	17c9      	asrs	r1, r1, #31
10005b3c:	0049      	lsls	r1, r1, #1
10005b3e:	3101      	adds	r1, #1
10005b40:	0509      	lsls	r1, r1, #20
10005b42:	e7db      	b.n	10005afc <dreduce+0x8>
10005b44:	0209      	lsls	r1, r1, #8
10005b46:	0e03      	lsrs	r3, r0, #24
10005b48:	4319      	orrs	r1, r3
10005b4a:	0200      	lsls	r0, r0, #8
10005b4c:	4253      	negs	r3, r2
10005b4e:	3220      	adds	r2, #32
10005b50:	d408      	bmi.n	10005b64 <dreduce+0x70>
10005b52:	000c      	movs	r4, r1
10005b54:	4119      	asrs	r1, r3
10005b56:	4094      	lsls	r4, r2
10005b58:	40d8      	lsrs	r0, r3
10005b5a:	4320      	orrs	r0, r4
10005b5c:	2200      	movs	r2, #0
10005b5e:	4150      	adcs	r0, r2
10005b60:	4151      	adcs	r1, r2
10005b62:	4770      	bx	lr
10005b64:	0008      	movs	r0, r1
10005b66:	17c9      	asrs	r1, r1, #31
10005b68:	3b20      	subs	r3, #32
10005b6a:	3220      	adds	r2, #32
10005b6c:	d5f1      	bpl.n	10005b52 <dreduce+0x5e>
10005b6e:	2000      	movs	r0, #0
10005b70:	2100      	movs	r1, #0
10005b72:	2200      	movs	r2, #0
10005b74:	4770      	bx	lr

10005b76 <dcos_shim>:
10005b76:	b5f0      	push	{r4, r5, r6, r7, lr}
10005b78:	f7ff f828 	bl	10004bcc <push_r8_r11>
10005b7c:	f000 f80e 	bl	10005b9c <dsincos_internal>
10005b80:	f000 f830 	bl	10005be4 <dcos_finish>
10005b84:	e006      	b.n	10005b94 <dsin_shim+0xe>

10005b86 <dsin_shim>:
10005b86:	b5f0      	push	{r4, r5, r6, r7, lr}
10005b88:	f7ff f820 	bl	10004bcc <push_r8_r11>
10005b8c:	f000 f806 	bl	10005b9c <dsincos_internal>
10005b90:	f000 f846 	bl	10005c20 <dsin_finish>
10005b94:	f7ff f820 	bl	10004bd8 <pop_r8_r11>
10005b98:	bdf0      	pop	{r4, r5, r6, r7, pc}
	...

10005b9c <dsincos_internal>:
10005b9c:	b500      	push	{lr}
10005b9e:	f7ff ff8b 	bl	10005ab8 <dunpacks>
10005ba2:	a430      	add	r4, pc, #192	; (adr r4, 10005c64 <dreddata0>)
10005ba4:	f7ff ffa6 	bl	10005af4 <dreduce>
10005ba8:	2400      	movs	r4, #0
10005baa:	4d2c      	ldr	r5, [pc, #176]	; (10005c5c <l73_1+0x20>)
10005bac:	4e2c      	ldr	r6, [pc, #176]	; (10005c60 <l73_1+0x24>)
10005bae:	07d2      	lsls	r2, r2, #31
10005bb0:	d302      	bcc.n	10005bb8 <dsincos_internal+0x1c>
10005bb2:	43f6      	mvns	r6, r6
10005bb4:	426d      	negs	r5, r5
10005bb6:	4166      	adcs	r6, r4
10005bb8:	0052      	lsls	r2, r2, #1
10005bba:	d204      	bcs.n	10005bc6 <dsincos_internal+0x2a>
10005bbc:	46a2      	mov	sl, r4
10005bbe:	46a3      	mov	fp, r4
10005bc0:	46a8      	mov	r8, r5
10005bc2:	46b1      	mov	r9, r6
10005bc4:	e003      	b.n	10005bce <dsincos_internal+0x32>
10005bc6:	46a0      	mov	r8, r4
10005bc8:	46a1      	mov	r9, r4
10005bca:	46aa      	mov	sl, r5
10005bcc:	46b3      	mov	fp, r6
10005bce:	a46e      	add	r4, pc, #440	; (adr r4, 10005d88 <dtab_cc>)
10005bd0:	46a4      	mov	ip, r4
10005bd2:	2701      	movs	r7, #1
10005bd4:	261f      	movs	r6, #31
10005bd6:	f7ff fea0 	bl	1000591a <dcordic_rot_step>
10005bda:	3701      	adds	r7, #1
10005bdc:	3e01      	subs	r6, #1
10005bde:	2f21      	cmp	r7, #33	; 0x21
10005be0:	d1f9      	bne.n	10005bd6 <dsincos_internal+0x3a>
10005be2:	bd00      	pop	{pc}

10005be4 <dcos_finish>:
10005be4:	4659      	mov	r1, fp
10005be6:	b284      	uxth	r4, r0
10005be8:	b28d      	uxth	r5, r1
10005bea:	436c      	muls	r4, r5
10005bec:	1406      	asrs	r6, r0, #16
10005bee:	4375      	muls	r5, r6
10005bf0:	140b      	asrs	r3, r1, #16
10005bf2:	435e      	muls	r6, r3
10005bf4:	b282      	uxth	r2, r0
10005bf6:	435a      	muls	r2, r3
10005bf8:	18ad      	adds	r5, r5, r2
10005bfa:	17ea      	asrs	r2, r5, #31
10005bfc:	d700      	bvc.n	10005c00 <l72_1>
10005bfe:	43d2      	mvns	r2, r2

10005c00 <l72_1>:
10005c00:	0412      	lsls	r2, r2, #16
10005c02:	18b6      	adds	r6, r6, r2
10005c04:	042a      	lsls	r2, r5, #16
10005c06:	0c2b      	lsrs	r3, r5, #16
10005c08:	1912      	adds	r2, r2, r4
10005c0a:	4173      	adcs	r3, r6
10005c0c:	4640      	mov	r0, r8
10005c0e:	4649      	mov	r1, r9
10005c10:	009d      	lsls	r5, r3, #2
10005c12:	179b      	asrs	r3, r3, #30
10005c14:	0f92      	lsrs	r2, r2, #30
10005c16:	432a      	orrs	r2, r5
10005c18:	4190      	sbcs	r0, r2
10005c1a:	4199      	sbcs	r1, r3
10005c1c:	223e      	movs	r2, #62	; 0x3e
10005c1e:	e710      	b.n	10005a42 <fix642double_shim>

10005c20 <dsin_finish>:
10005c20:	4649      	mov	r1, r9
10005c22:	b284      	uxth	r4, r0
10005c24:	b28d      	uxth	r5, r1
10005c26:	436c      	muls	r4, r5
10005c28:	1406      	asrs	r6, r0, #16
10005c2a:	4375      	muls	r5, r6
10005c2c:	140b      	asrs	r3, r1, #16
10005c2e:	435e      	muls	r6, r3
10005c30:	b282      	uxth	r2, r0
10005c32:	435a      	muls	r2, r3
10005c34:	18ad      	adds	r5, r5, r2
10005c36:	17ea      	asrs	r2, r5, #31
10005c38:	d700      	bvc.n	10005c3c <l73_1>
10005c3a:	43d2      	mvns	r2, r2

10005c3c <l73_1>:
10005c3c:	0412      	lsls	r2, r2, #16
10005c3e:	18b6      	adds	r6, r6, r2
10005c40:	042a      	lsls	r2, r5, #16
10005c42:	0c2b      	lsrs	r3, r5, #16
10005c44:	1912      	adds	r2, r2, r4
10005c46:	4173      	adcs	r3, r6
10005c48:	4650      	mov	r0, sl
10005c4a:	4659      	mov	r1, fp
10005c4c:	009d      	lsls	r5, r3, #2
10005c4e:	179b      	asrs	r3, r3, #30
10005c50:	0f92      	lsrs	r2, r2, #30
10005c52:	432a      	orrs	r2, r5
10005c54:	4150      	adcs	r0, r2
10005c56:	4159      	adcs	r1, r3
10005c58:	223e      	movs	r2, #62	; 0x3e
10005c5a:	e6f2      	b.n	10005a42 <fix642double_shim>
10005c5c:	9df04dbb 	.word	0x9df04dbb
10005c60:	36f656c5 	.word	0x36f656c5

10005c64 <dreddata0>:
10005c64:	0000517d 	.word	0x0000517d
10005c68:	0014611a 	.word	0x0014611a
10005c6c:	000a8885 	.word	0x000a8885
10005c70:	001921fb 	.word	0x001921fb

10005c74 <datan2_shim>:
10005c74:	b5f0      	push	{r4, r5, r6, r7, lr}
10005c76:	f7fe ffa9 	bl	10004bcc <push_r8_r11>
10005c7a:	4d40      	ldr	r5, [pc, #256]	; (10005d7c <datan2_shim+0x108>)
10005c7c:	000c      	movs	r4, r1
10005c7e:	402c      	ands	r4, r5
10005c80:	d001      	beq.n	10005c86 <datan2_shim+0x12>
10005c82:	42ac      	cmp	r4, r5
10005c84:	d102      	bne.n	10005c8c <datan2_shim+0x18>
10005c86:	0d09      	lsrs	r1, r1, #20
10005c88:	0509      	lsls	r1, r1, #20
10005c8a:	2000      	movs	r0, #0
10005c8c:	001c      	movs	r4, r3
10005c8e:	402c      	ands	r4, r5
10005c90:	d001      	beq.n	10005c96 <datan2_shim+0x22>
10005c92:	42ac      	cmp	r4, r5
10005c94:	d102      	bne.n	10005c9c <datan2_shim+0x28>
10005c96:	0d1b      	lsrs	r3, r3, #20
10005c98:	051b      	lsls	r3, r3, #20
10005c9a:	2200      	movs	r2, #0
10005c9c:	2600      	movs	r6, #0
10005c9e:	02ed      	lsls	r5, r5, #11
10005ca0:	2b00      	cmp	r3, #0
10005ca2:	d504      	bpl.n	10005cae <datan2_shim+0x3a>
10005ca4:	2602      	movs	r6, #2
10005ca6:	406b      	eors	r3, r5
10005ca8:	4069      	eors	r1, r5
10005caa:	d400      	bmi.n	10005cae <datan2_shim+0x3a>
10005cac:	4276      	negs	r6, r6
10005cae:	194f      	adds	r7, r1, r5
10005cb0:	d504      	bpl.n	10005cbc <datan2_shim+0x48>
10005cb2:	4299      	cmp	r1, r3
10005cb4:	dd0c      	ble.n	10005cd0 <datan2_shim+0x5c>
10005cb6:	3601      	adds	r6, #1
10005cb8:	4069      	eors	r1, r5
10005cba:	e003      	b.n	10005cc4 <datan2_shim+0x50>
10005cbc:	42bb      	cmp	r3, r7
10005cbe:	da07      	bge.n	10005cd0 <datan2_shim+0x5c>
10005cc0:	3e01      	subs	r6, #1
10005cc2:	406b      	eors	r3, r5
10005cc4:	0007      	movs	r7, r0
10005cc6:	0010      	movs	r0, r2
10005cc8:	003a      	movs	r2, r7
10005cca:	000f      	movs	r7, r1
10005ccc:	0019      	movs	r1, r3
10005cce:	003b      	movs	r3, r7
10005cd0:	b440      	push	{r6}
10005cd2:	2a00      	cmp	r2, #0
10005cd4:	d10f      	bne.n	10005cf6 <datan2_shim+0x82>
10005cd6:	2b00      	cmp	r3, #0
10005cd8:	d00a      	beq.n	10005cf0 <datan2_shim+0x7c>
10005cda:	005c      	lsls	r4, r3, #1
10005cdc:	1564      	asrs	r4, r4, #21
10005cde:	3401      	adds	r4, #1
10005ce0:	d109      	bne.n	10005cf6 <datan2_shim+0x82>
10005ce2:	004c      	lsls	r4, r1, #1
10005ce4:	1564      	asrs	r4, r4, #21
10005ce6:	3401      	adds	r4, #1
10005ce8:	d102      	bne.n	10005cf0 <datan2_shim+0x7c>
10005cea:	3901      	subs	r1, #1
10005cec:	3b01      	subs	r3, #1
10005cee:	e002      	b.n	10005cf6 <datan2_shim+0x82>
10005cf0:	2000      	movs	r0, #0
10005cf2:	2100      	movs	r1, #0
10005cf4:	e02e      	b.n	10005d54 <datan2_shim+0xe0>
10005cf6:	f7ff fc5d 	bl	100055b4 <ddiv_shim>
10005cfa:	223e      	movs	r2, #62	; 0x3e
10005cfc:	f7ff fe50 	bl	100059a0 <double2fix64_shim>
10005d00:	4682      	mov	sl, r0
10005d02:	468b      	mov	fp, r1
10005d04:	2000      	movs	r0, #0
10005d06:	2100      	movs	r1, #0
10005d08:	4680      	mov	r8, r0
10005d0a:	2201      	movs	r2, #1
10005d0c:	0792      	lsls	r2, r2, #30
10005d0e:	4691      	mov	r9, r2
10005d10:	a41d      	add	r4, pc, #116	; (adr r4, 10005d88 <dtab_cc>)
10005d12:	46a4      	mov	ip, r4
10005d14:	2701      	movs	r7, #1
10005d16:	261f      	movs	r6, #31
10005d18:	f7ff fdf8 	bl	1000590c <dcordic_vec_step>
10005d1c:	3701      	adds	r7, #1
10005d1e:	3e01      	subs	r6, #1
10005d20:	2f21      	cmp	r7, #33	; 0x21
10005d22:	d1f9      	bne.n	10005d18 <datan2_shim+0xa4>
10005d24:	464a      	mov	r2, r9
10005d26:	4653      	mov	r3, sl
10005d28:	3a0c      	subs	r2, #12
10005d2a:	2401      	movs	r4, #1
10005d2c:	0764      	lsls	r4, r4, #29
10005d2e:	2700      	movs	r7, #0
10005d30:	0852      	lsrs	r2, r2, #1
10005d32:	001b      	movs	r3, r3
10005d34:	d405      	bmi.n	10005d42 <datan2_shim+0xce>
10005d36:	4193      	sbcs	r3, r2
10005d38:	1900      	adds	r0, r0, r4
10005d3a:	4179      	adcs	r1, r7
10005d3c:	0864      	lsrs	r4, r4, #1
10005d3e:	d1f7      	bne.n	10005d30 <datan2_shim+0xbc>
10005d40:	e004      	b.n	10005d4c <datan2_shim+0xd8>
10005d42:	4153      	adcs	r3, r2
10005d44:	1b00      	subs	r0, r0, r4
10005d46:	41b9      	sbcs	r1, r7
10005d48:	0864      	lsrs	r4, r4, #1
10005d4a:	d1f1      	bne.n	10005d30 <datan2_shim+0xbc>
10005d4c:	07ce      	lsls	r6, r1, #31
10005d4e:	1049      	asrs	r1, r1, #1
10005d50:	0840      	lsrs	r0, r0, #1
10005d52:	4330      	orrs	r0, r6
10005d54:	bc40      	pop	{r6}
10005d56:	2e00      	cmp	r6, #0
10005d58:	d00a      	beq.n	10005d70 <datan2_shim+0xfc>
10005d5a:	4c09      	ldr	r4, [pc, #36]	; (10005d80 <datan2_shim+0x10c>)
10005d5c:	4d09      	ldr	r5, [pc, #36]	; (10005d84 <datan2_shim+0x110>)
10005d5e:	d501      	bpl.n	10005d64 <datan2_shim+0xf0>
10005d60:	43e4      	mvns	r4, r4
10005d62:	43ed      	mvns	r5, r5
10005d64:	07f6      	lsls	r6, r6, #31
10005d66:	d101      	bne.n	10005d6c <datan2_shim+0xf8>
10005d68:	1900      	adds	r0, r0, r4
10005d6a:	4169      	adcs	r1, r5
10005d6c:	1900      	adds	r0, r0, r4
10005d6e:	4169      	adcs	r1, r5
10005d70:	223d      	movs	r2, #61	; 0x3d
10005d72:	f7ff fe66 	bl	10005a42 <fix642double_shim>
10005d76:	f7fe ff2f 	bl	10004bd8 <pop_r8_r11>
10005d7a:	bdf0      	pop	{r4, r5, r6, r7, pc}
10005d7c:	7ff00000 	.word	0x7ff00000
10005d80:	885a308d 	.word	0x885a308d
10005d84:	3243f6a8 	.word	0x3243f6a8

10005d88 <dtab_cc>:
10005d88:	61bb4f69 	.word	0x61bb4f69
10005d8c:	1dac6705 	.word	0x1dac6705
10005d90:	96406eb1 	.word	0x96406eb1
10005d94:	0fadbafc 	.word	0x0fadbafc
10005d98:	ab0bdb72 	.word	0xab0bdb72
10005d9c:	07f56ea6 	.word	0x07f56ea6
10005da0:	e59fbd39 	.word	0xe59fbd39
10005da4:	03feab76 	.word	0x03feab76
10005da8:	ba97624b 	.word	0xba97624b
10005dac:	01ffd55b 	.word	0x01ffd55b
10005db0:	dddb94d6 	.word	0xdddb94d6
10005db4:	00fffaaa 	.word	0x00fffaaa
10005db8:	56eeea5d 	.word	0x56eeea5d
10005dbc:	007fff55 	.word	0x007fff55
10005dc0:	aab7776e 	.word	0xaab7776e
10005dc4:	003fffea 	.word	0x003fffea
10005dc8:	5555bbbc 	.word	0x5555bbbc
10005dcc:	001ffffd 	.word	0x001ffffd
10005dd0:	aaaaadde 	.word	0xaaaaadde
10005dd4:	000fffff 	.word	0x000fffff
10005dd8:	f555556f 	.word	0xf555556f
10005ddc:	0007ffff 	.word	0x0007ffff
10005de0:	feaaaaab 	.word	0xfeaaaaab
10005de4:	0003ffff 	.word	0x0003ffff
10005de8:	ffd55555 	.word	0xffd55555
10005dec:	0001ffff 	.word	0x0001ffff
10005df0:	fffaaaab 	.word	0xfffaaaab
10005df4:	0000ffff 	.word	0x0000ffff
10005df8:	ffff5555 	.word	0xffff5555
10005dfc:	00007fff 	.word	0x00007fff
10005e00:	ffffeaab 	.word	0xffffeaab
10005e04:	00003fff 	.word	0x00003fff
10005e08:	fffffd55 	.word	0xfffffd55
10005e0c:	00001fff 	.word	0x00001fff
10005e10:	ffffffab 	.word	0xffffffab
10005e14:	00000fff 	.word	0x00000fff
10005e18:	fffffff5 	.word	0xfffffff5
10005e1c:	000007ff 	.word	0x000007ff
10005e20:	ffffffff 	.word	0xffffffff
10005e24:	000003ff 	.word	0x000003ff
10005e28:	00000000 	.word	0x00000000
10005e2c:	00000200 	.word	0x00000200
10005e30:	00000000 	.word	0x00000000
10005e34:	00000100 	.word	0x00000100
10005e38:	00000000 	.word	0x00000000
10005e3c:	00000080 	.word	0x00000080
10005e40:	00000000 	.word	0x00000000
10005e44:	00000040 	.word	0x00000040
10005e48:	00000000 	.word	0x00000000
10005e4c:	00000020 	.word	0x00000020
10005e50:	00000000 	.word	0x00000000
10005e54:	00000010 	.word	0x00000010
10005e58:	00000000 	.word	0x00000000
10005e5c:	00000008 	.word	0x00000008
10005e60:	00000000 	.word	0x00000000
10005e64:	00000004 	.word	0x00000004
10005e68:	00000000 	.word	0x00000000
10005e6c:	00000002 	.word	0x00000002
10005e70:	00000000 	.word	0x00000000
10005e74:	00000001 	.word	0x00000001
10005e78:	80000000 	.word	0x80000000
10005e7c:	00000000 	.word	0x00000000
10005e80:	40000000 	.word	0x40000000
10005e84:	00000000 	.word	0x00000000

10005e88 <dexp_shim>:
10005e88:	b5f0      	push	{r4, r5, r6, r7, lr}
10005e8a:	f7ff fe15 	bl	10005ab8 <dunpacks>
10005e8e:	a454      	add	r4, pc, #336	; (adr r4, 10005fe0 <dreddata1>)
10005e90:	f7ff fe30 	bl	10005af4 <dreduce>
10005e94:	2900      	cmp	r1, #0
10005e96:	da04      	bge.n	10005ea2 <dexp_shim+0x1a>
10005e98:	4c20      	ldr	r4, [pc, #128]	; (10005f1c <dexp_shim+0x94>)
10005e9a:	4d21      	ldr	r5, [pc, #132]	; (10005f20 <dexp_shim+0x98>)
10005e9c:	1900      	adds	r0, r0, r4
10005e9e:	4169      	adcs	r1, r5
10005ea0:	3a01      	subs	r2, #1
10005ea2:	b404      	push	{r2}
10005ea4:	2701      	movs	r7, #1
10005ea6:	a652      	add	r6, pc, #328	; (adr r6, 10005ff0 <dtab_exp>)
10005ea8:	2200      	movs	r2, #0
10005eaa:	2301      	movs	r3, #1
10005eac:	079b      	lsls	r3, r3, #30
10005eae:	ce30      	ldmia	r6!, {r4, r5}
10005eb0:	46b4      	mov	ip, r6
10005eb2:	1b00      	subs	r0, r0, r4
10005eb4:	41a9      	sbcs	r1, r5
10005eb6:	d40b      	bmi.n	10005ed0 <dexp_shim+0x48>
10005eb8:	427e      	negs	r6, r7
10005eba:	3620      	adds	r6, #32
10005ebc:	001d      	movs	r5, r3
10005ebe:	413d      	asrs	r5, r7
10005ec0:	001c      	movs	r4, r3
10005ec2:	40b4      	lsls	r4, r6
10005ec4:	0016      	movs	r6, r2
10005ec6:	40fe      	lsrs	r6, r7
10005ec8:	4334      	orrs	r4, r6
10005eca:	4162      	adcs	r2, r4
10005ecc:	416b      	adcs	r3, r5
10005ece:	e001      	b.n	10005ed4 <dexp_shim+0x4c>
10005ed0:	1900      	adds	r0, r0, r4
10005ed2:	4169      	adcs	r1, r5
10005ed4:	4666      	mov	r6, ip
10005ed6:	3701      	adds	r7, #1
10005ed8:	2f21      	cmp	r7, #33	; 0x21
10005eda:	d1e8      	bne.n	10005eae <dexp_shim+0x26>
10005edc:	b285      	uxth	r5, r0
10005ede:	b29e      	uxth	r6, r3
10005ee0:	4375      	muls	r5, r6
10005ee2:	1407      	asrs	r7, r0, #16
10005ee4:	437e      	muls	r6, r7
10005ee6:	0c19      	lsrs	r1, r3, #16
10005ee8:	434f      	muls	r7, r1
10005eea:	b284      	uxth	r4, r0
10005eec:	434c      	muls	r4, r1
10005eee:	17f1      	asrs	r1, r6, #31
10005ef0:	1936      	adds	r6, r6, r4
10005ef2:	2400      	movs	r4, #0
10005ef4:	4161      	adcs	r1, r4
10005ef6:	0409      	lsls	r1, r1, #16
10005ef8:	187f      	adds	r7, r7, r1
10005efa:	0434      	lsls	r4, r6, #16
10005efc:	0c31      	lsrs	r1, r6, #16
10005efe:	1964      	adds	r4, r4, r5
10005f00:	4179      	adcs	r1, r7
10005f02:	0fa4      	lsrs	r4, r4, #30
10005f04:	0088      	lsls	r0, r1, #2
10005f06:	4320      	orrs	r0, r4
10005f08:	1789      	asrs	r1, r1, #30
10005f0a:	1880      	adds	r0, r0, r2
10005f0c:	4159      	adcs	r1, r3
10005f0e:	bc04      	pop	{r2}
10005f10:	4252      	negs	r2, r2
10005f12:	323e      	adds	r2, #62	; 0x3e
10005f14:	f7ff fd95 	bl	10005a42 <fix642double_shim>
10005f18:	bdf0      	pop	{r4, r5, r6, r7, pc}
10005f1a:	0000      	.short	0x0000
10005f1c:	f473de6b 	.word	0xf473de6b
10005f20:	2c5c85fd 	.word	0x2c5c85fd

10005f24 <dln_shim>:
10005f24:	b5f0      	push	{r4, r5, r6, r7, lr}
10005f26:	004f      	lsls	r7, r1, #1
10005f28:	d250      	bcs.n	10005fcc <dln_shim+0xa8>
10005f2a:	157f      	asrs	r7, r7, #21
10005f2c:	d04e      	beq.n	10005fcc <dln_shim+0xa8>
10005f2e:	3701      	adds	r7, #1
10005f30:	d04f      	beq.n	10005fd2 <dln_shim+0xae>
10005f32:	f7ff fdc1 	bl	10005ab8 <dunpacks>
10005f36:	b404      	push	{r2}
10005f38:	0249      	lsls	r1, r1, #9
10005f3a:	0dc2      	lsrs	r2, r0, #23
10005f3c:	4311      	orrs	r1, r2
10005f3e:	0240      	lsls	r0, r0, #9
10005f40:	2701      	movs	r7, #1
10005f42:	a62b      	add	r6, pc, #172	; (adr r6, 10005ff0 <dtab_exp>)
10005f44:	46b4      	mov	ip, r6
10005f46:	2200      	movs	r2, #0
10005f48:	2300      	movs	r3, #0
10005f4a:	427e      	negs	r6, r7
10005f4c:	3620      	adds	r6, #32
10005f4e:	000d      	movs	r5, r1
10005f50:	413d      	asrs	r5, r7
10005f52:	000c      	movs	r4, r1
10005f54:	40b4      	lsls	r4, r6
10005f56:	0006      	movs	r6, r0
10005f58:	40fe      	lsrs	r6, r7
10005f5a:	4334      	orrs	r4, r6
10005f5c:	4144      	adcs	r4, r0
10005f5e:	414d      	adcs	r5, r1
10005f60:	0fae      	lsrs	r6, r5, #30
10005f62:	d105      	bne.n	10005f70 <dln_shim+0x4c>
10005f64:	0020      	movs	r0, r4
10005f66:	0029      	movs	r1, r5
10005f68:	4666      	mov	r6, ip
10005f6a:	ce30      	ldmia	r6!, {r4, r5}
10005f6c:	1b12      	subs	r2, r2, r4
10005f6e:	41ab      	sbcs	r3, r5
10005f70:	2408      	movs	r4, #8
10005f72:	44a4      	add	ip, r4
10005f74:	3701      	adds	r7, #1
10005f76:	2f21      	cmp	r7, #33	; 0x21
10005f78:	d1e7      	bne.n	10005f4a <dln_shim+0x26>
10005f7a:	0089      	lsls	r1, r1, #2
10005f7c:	1089      	asrs	r1, r1, #2
10005f7e:	1812      	adds	r2, r2, r0
10005f80:	414b      	adcs	r3, r1
10005f82:	bc80      	pop	{r7}
10005f84:	a417      	add	r4, pc, #92	; (adr r4, 10005fe4 <dreddata1_plus_4>)
10005f86:	cc13      	ldmia	r4, {r0, r1, r4}
10005f88:	3701      	adds	r7, #1
10005f8a:	4378      	muls	r0, r7
10005f8c:	4379      	muls	r1, r7
10005f8e:	437c      	muls	r4, r7
10005f90:	054f      	lsls	r7, r1, #21
10005f92:	12c9      	asrs	r1, r1, #11
10005f94:	17cd      	asrs	r5, r1, #31
10005f96:	19c0      	adds	r0, r0, r7
10005f98:	4169      	adcs	r1, r5
10005f9a:	02a7      	lsls	r7, r4, #10
10005f9c:	15a4      	asrs	r4, r4, #22
10005f9e:	17cd      	asrs	r5, r1, #31
10005fa0:	19c9      	adds	r1, r1, r7
10005fa2:	416c      	adcs	r4, r5
10005fa4:	17dd      	asrs	r5, r3, #31
10005fa6:	1880      	adds	r0, r0, r2
10005fa8:	4159      	adcs	r1, r3
10005faa:	416c      	adcs	r4, r5
10005fac:	223e      	movs	r2, #62	; 0x3e
10005fae:	17cd      	asrs	r5, r1, #31
10005fb0:	42ac      	cmp	r4, r5
10005fb2:	d008      	beq.n	10005fc6 <dln_shim+0xa2>
10005fb4:	0900      	lsrs	r0, r0, #4
10005fb6:	070e      	lsls	r6, r1, #28
10005fb8:	4330      	orrs	r0, r6
10005fba:	0909      	lsrs	r1, r1, #4
10005fbc:	0726      	lsls	r6, r4, #28
10005fbe:	4331      	orrs	r1, r6
10005fc0:	1124      	asrs	r4, r4, #4
10005fc2:	3a04      	subs	r2, #4
10005fc4:	e7f3      	b.n	10005fae <dln_shim+0x8a>
10005fc6:	f7ff fd3c 	bl	10005a42 <fix642double_shim>
10005fca:	bdf0      	pop	{r4, r5, r6, r7, pc}
10005fcc:	4902      	ldr	r1, [pc, #8]	; (10005fd8 <dln_shim+0xb4>)
10005fce:	2000      	movs	r0, #0
10005fd0:	bdf0      	pop	{r4, r5, r6, r7, pc}
10005fd2:	4902      	ldr	r1, [pc, #8]	; (10005fdc <dln_shim+0xb8>)
10005fd4:	2000      	movs	r0, #0
10005fd6:	bdf0      	pop	{r4, r5, r6, r7, pc}
10005fd8:	fff00000 	.word	0xfff00000
10005fdc:	7ff00000 	.word	0x7ff00000

10005fe0 <dreddata1>:
10005fe0:	0000b8aa 	.word	0x0000b8aa

10005fe4 <dreddata1_plus_4>:
10005fe4:	0013de6b 	.word	0x0013de6b
10005fe8:	000fefa3 	.word	0x000fefa3
10005fec:	000b1721 	.word	0x000b1721

10005ff0 <dtab_exp>:
10005ff0:	bf984bf3 	.word	0xbf984bf3
10005ff4:	19f323ec 	.word	0x19f323ec
10005ff8:	cd4d10d6 	.word	0xcd4d10d6
10005ffc:	0e47fbe3 	.word	0x0e47fbe3
10006000:	8abcb97a 	.word	0x8abcb97a
10006004:	0789c1db 	.word	0x0789c1db
10006008:	022c54cc 	.word	0x022c54cc
1000600c:	03e14618 	.word	0x03e14618
10006010:	e7833005 	.word	0xe7833005
10006014:	01f829b0 	.word	0x01f829b0
10006018:	87e01f1e 	.word	0x87e01f1e
1000601c:	00fe0545 	.word	0x00fe0545
10006020:	ac419e24 	.word	0xac419e24
10006024:	007f80a9 	.word	0x007f80a9
10006028:	45621781 	.word	0x45621781
1000602c:	003fe015 	.word	0x003fe015
10006030:	a9ab10e6 	.word	0xa9ab10e6
10006034:	001ff802 	.word	0x001ff802
10006038:	55455888 	.word	0x55455888
1000603c:	000ffe00 	.word	0x000ffe00
10006040:	0aa9aac4 	.word	0x0aa9aac4
10006044:	0007ff80 	.word	0x0007ff80
10006048:	01554556 	.word	0x01554556
1000604c:	0003ffe0 	.word	0x0003ffe0
10006050:	002aa9ab 	.word	0x002aa9ab
10006054:	0001fff8 	.word	0x0001fff8
10006058:	00055545 	.word	0x00055545
1000605c:	0000fffe 	.word	0x0000fffe
10006060:	8000aaaa 	.word	0x8000aaaa
10006064:	00007fff 	.word	0x00007fff
10006068:	e0001555 	.word	0xe0001555
1000606c:	00003fff 	.word	0x00003fff
10006070:	f80002ab 	.word	0xf80002ab
10006074:	00001fff 	.word	0x00001fff
10006078:	fe000055 	.word	0xfe000055
1000607c:	00000fff 	.word	0x00000fff
10006080:	ff80000b 	.word	0xff80000b
10006084:	000007ff 	.word	0x000007ff
10006088:	ffe00001 	.word	0xffe00001
1000608c:	000003ff 	.word	0x000003ff
10006090:	fff80000 	.word	0xfff80000
10006094:	000001ff 	.word	0x000001ff
10006098:	fffe0000 	.word	0xfffe0000
1000609c:	000000ff 	.word	0x000000ff
100060a0:	ffff8000 	.word	0xffff8000
100060a4:	0000007f 	.word	0x0000007f
100060a8:	ffffe000 	.word	0xffffe000
100060ac:	0000003f 	.word	0x0000003f
100060b0:	fffff800 	.word	0xfffff800
100060b4:	0000001f 	.word	0x0000001f
100060b8:	fffffe00 	.word	0xfffffe00
100060bc:	0000000f 	.word	0x0000000f
100060c0:	ffffff80 	.word	0xffffff80
100060c4:	00000007 	.word	0x00000007
100060c8:	ffffffe0 	.word	0xffffffe0
100060cc:	00000003 	.word	0x00000003
100060d0:	fffffff8 	.word	0xfffffff8
100060d4:	00000001 	.word	0x00000001
100060d8:	fffffffe 	.word	0xfffffffe
100060dc:	00000000 	.word	0x00000000
100060e0:	80000000 	.word	0x80000000
100060e4:	00000000 	.word	0x00000000
100060e8:	40000000 	.word	0x40000000
100060ec:	00000000 	.word	0x00000000

100060f0 <__wrap___aeabi_lmul>:
100060f0:	4351      	muls	r1, r2
100060f2:	4343      	muls	r3, r0
100060f4:	18c9      	adds	r1, r1, r3
100060f6:	468c      	mov	ip, r1
100060f8:	0c11      	lsrs	r1, r2, #16
100060fa:	b283      	uxth	r3, r0
100060fc:	434b      	muls	r3, r1
100060fe:	b410      	push	{r4}
10006100:	0c04      	lsrs	r4, r0, #16
10006102:	4361      	muls	r1, r4
10006104:	b292      	uxth	r2, r2
10006106:	b280      	uxth	r0, r0
10006108:	4350      	muls	r0, r2
1000610a:	4362      	muls	r2, r4
1000610c:	041c      	lsls	r4, r3, #16
1000610e:	0c1b      	lsrs	r3, r3, #16
10006110:	1900      	adds	r0, r0, r4
10006112:	bc10      	pop	{r4}
10006114:	4159      	adcs	r1, r3
10006116:	0413      	lsls	r3, r2, #16
10006118:	0c12      	lsrs	r2, r2, #16
1000611a:	18c0      	adds	r0, r0, r3
1000611c:	4151      	adcs	r1, r2
1000611e:	4461      	add	r1, ip
10006120:	4770      	bx	lr
	...

10006124 <__aeabi_float_init>:
10006124:	2313      	movs	r3, #19
10006126:	b510      	push	{r4, lr}
10006128:	4812      	ldr	r0, [pc, #72]	; (10006174 <__aeabi_float_init+0x50>)
1000612a:	781c      	ldrb	r4, [r3, #0]
1000612c:	f7fe fac4 	bl	100046b8 <rom_data_lookup>
10006130:	0001      	movs	r1, r0
10006132:	2c01      	cmp	r4, #1
10006134:	d00a      	beq.n	1000614c <__aeabi_float_init+0x28>
10006136:	dd03      	ble.n	10006140 <__aeabi_float_init+0x1c>
10006138:	2280      	movs	r2, #128	; 0x80
1000613a:	480f      	ldr	r0, [pc, #60]	; (10006178 <__aeabi_float_init+0x54>)
1000613c:	f000 f85a 	bl	100061f4 <__wrap___aeabi_memcpy>
10006140:	480e      	ldr	r0, [pc, #56]	; (1000617c <__aeabi_float_init+0x58>)
10006142:	f7fe fab1 	bl	100046a8 <rom_func_lookup>
10006146:	4b0e      	ldr	r3, [pc, #56]	; (10006180 <__aeabi_float_init+0x5c>)
10006148:	6018      	str	r0, [r3, #0]
1000614a:	bd10      	pop	{r4, pc}
1000614c:	4c0a      	ldr	r4, [pc, #40]	; (10006178 <__aeabi_float_init+0x54>)
1000614e:	2254      	movs	r2, #84	; 0x54
10006150:	0020      	movs	r0, r4
10006152:	f000 f84f 	bl	100061f4 <__wrap___aeabi_memcpy>
10006156:	4b0b      	ldr	r3, [pc, #44]	; (10006184 <__aeabi_float_init+0x60>)
10006158:	6563      	str	r3, [r4, #84]	; 0x54
1000615a:	65a3      	str	r3, [r4, #88]	; 0x58
1000615c:	65e3      	str	r3, [r4, #92]	; 0x5c
1000615e:	6623      	str	r3, [r4, #96]	; 0x60
10006160:	6663      	str	r3, [r4, #100]	; 0x64
10006162:	66a3      	str	r3, [r4, #104]	; 0x68
10006164:	66e3      	str	r3, [r4, #108]	; 0x6c
10006166:	6723      	str	r3, [r4, #112]	; 0x70
10006168:	6763      	str	r3, [r4, #116]	; 0x74
1000616a:	67a3      	str	r3, [r4, #120]	; 0x78
1000616c:	67e3      	str	r3, [r4, #124]	; 0x7c
1000616e:	6223      	str	r3, [r4, #32]
10006170:	61e3      	str	r3, [r4, #28]
10006172:	e7e5      	b.n	10006140 <__aeabi_float_init+0x1c>
10006174:	00004653 	.word	0x00004653
10006178:	20001a58 	.word	0x20001a58
1000617c:	0000334c 	.word	0x0000334c
10006180:	20002638 	.word	0x20002638
10006184:	10006189 	.word	0x10006189

10006188 <float_table_shim_on_use_helper>:
10006188:	b507      	push	{r0, r1, r2, lr}
1000618a:	4660      	mov	r0, ip
1000618c:	8801      	ldrh	r1, [r0, #0]
1000618e:	0a0a      	lsrs	r2, r1, #8
10006190:	3002      	adds	r0, #2
10006192:	2adf      	cmp	r2, #223	; 0xdf
10006194:	d1fa      	bne.n	1000618c <float_table_shim_on_use_helper+0x4>
10006196:	b2c9      	uxtb	r1, r1
10006198:	0882      	lsrs	r2, r0, #2
1000619a:	d304      	bcc.n	100061a6 <float_table_shim_on_use_helper+0x1e>
1000619c:	8802      	ldrh	r2, [r0, #0]
1000619e:	8840      	ldrh	r0, [r0, #2]
100061a0:	0400      	lsls	r0, r0, #16
100061a2:	4310      	orrs	r0, r2
100061a4:	e000      	b.n	100061a8 <float_table_shim_on_use_helper+0x20>
100061a6:	6800      	ldr	r0, [r0, #0]
100061a8:	4a01      	ldr	r2, [pc, #4]	; (100061b0 <float_table_shim_on_use_helper+0x28>)
100061aa:	5050      	str	r0, [r2, r1]
100061ac:	9003      	str	r0, [sp, #12]
100061ae:	bd07      	pop	{r0, r1, r2, pc}
100061b0:	20001a58 	.word	0x20001a58

100061b4 <__wrap_calloc>:
100061b4:	b510      	push	{r4, lr}
100061b6:	000c      	movs	r4, r1
100061b8:	f002 fd4a 	bl	10008c50 <calloc>
100061bc:	2800      	cmp	r0, #0
100061be:	d004      	beq.n	100061ca <__wrap_calloc+0x16>
100061c0:	4b03      	ldr	r3, [pc, #12]	; (100061d0 <__wrap_calloc+0x1c>)
100061c2:	1904      	adds	r4, r0, r4
100061c4:	429c      	cmp	r4, r3
100061c6:	d800      	bhi.n	100061ca <__wrap_calloc+0x16>
100061c8:	bd10      	pop	{r4, pc}
100061ca:	4802      	ldr	r0, [pc, #8]	; (100061d4 <__wrap_calloc+0x20>)
100061cc:	f7fc ff64 	bl	10003098 <panic>
100061d0:	20040000 	.word	0x20040000
100061d4:	10009fd8 	.word	0x10009fd8

100061d8 <__aeabi_mem_init>:
100061d8:	4801      	ldr	r0, [pc, #4]	; (100061e0 <__aeabi_mem_init+0x8>)
100061da:	2104      	movs	r1, #4
100061dc:	4b01      	ldr	r3, [pc, #4]	; (100061e4 <__aeabi_mem_init+0xc>)
100061de:	4718      	bx	r3
100061e0:	20000fa0 	.word	0x20000fa0
100061e4:	100046c9 	.word	0x100046c9

100061e8 <__wrap_memset>:
100061e8:	4b01      	ldr	r3, [pc, #4]	; (100061f0 <__wrap_memset+0x8>)
100061ea:	681b      	ldr	r3, [r3, #0]
100061ec:	4718      	bx	r3
100061ee:	0000      	.short	0x0000
100061f0:	20000fa0 	.word	0x20000fa0

100061f4 <__wrap___aeabi_memcpy>:
100061f4:	4b01      	ldr	r3, [pc, #4]	; (100061fc <__wrap___aeabi_memcpy+0x8>)
100061f6:	685b      	ldr	r3, [r3, #4]
100061f8:	4718      	bx	r3
100061fa:	0000      	.short	0x0000
100061fc:	20000fa0 	.word	0x20000fa0

10006200 <stdio_out_chars_no_crlf>:
10006200:	0003      	movs	r3, r0
10006202:	b510      	push	{r4, lr}
10006204:	0008      	movs	r0, r1
10006206:	0011      	movs	r1, r2
10006208:	681b      	ldr	r3, [r3, #0]
1000620a:	4798      	blx	r3
1000620c:	bd10      	pop	{r4, pc}
1000620e:	46c0      	nop			; (mov r8, r8)

10006210 <stdio_out_chars_crlf>:
10006210:	b5f0      	push	{r4, r5, r6, r7, lr}
10006212:	4646      	mov	r6, r8
10006214:	464f      	mov	r7, r9
10006216:	46d6      	mov	lr, sl
10006218:	b5c0      	push	{r6, r7, lr}
1000621a:	7d43      	ldrb	r3, [r0, #21]
1000621c:	4680      	mov	r8, r0
1000621e:	000e      	movs	r6, r1
10006220:	0017      	movs	r7, r2
10006222:	2b00      	cmp	r3, #0
10006224:	d046      	beq.n	100062b4 <stdio_out_chars_crlf+0xa4>
10006226:	2a00      	cmp	r2, #0
10006228:	dd3f      	ble.n	100062aa <stdio_out_chars_crlf+0x9a>
1000622a:	1e4b      	subs	r3, r1, #1
1000622c:	4699      	mov	r9, r3
1000622e:	4b24      	ldr	r3, [pc, #144]	; (100062c0 <stdio_out_chars_crlf+0xb0>)
10006230:	2501      	movs	r5, #1
10006232:	2400      	movs	r4, #0
10006234:	2000      	movs	r0, #0
10006236:	469a      	mov	sl, r3
10006238:	e00d      	b.n	10006256 <stdio_out_chars_crlf+0x46>
1000623a:	464b      	mov	r3, r9
1000623c:	5d1b      	ldrb	r3, [r3, r4]
1000623e:	3b0d      	subs	r3, #13
10006240:	425a      	negs	r2, r3
10006242:	4153      	adcs	r3, r2
10006244:	5d32      	ldrb	r2, [r6, r4]
10006246:	b2db      	uxtb	r3, r3
10006248:	2a0a      	cmp	r2, #10
1000624a:	d00b      	beq.n	10006264 <stdio_out_chars_crlf+0x54>
1000624c:	002b      	movs	r3, r5
1000624e:	3401      	adds	r4, #1
10006250:	3501      	adds	r5, #1
10006252:	429f      	cmp	r7, r3
10006254:	dd1a      	ble.n	1000628c <stdio_out_chars_crlf+0x7c>
10006256:	2c00      	cmp	r4, #0
10006258:	d1ef      	bne.n	1000623a <stdio_out_chars_crlf+0x2a>
1000625a:	4643      	mov	r3, r8
1000625c:	5d32      	ldrb	r2, [r6, r4]
1000625e:	7d1b      	ldrb	r3, [r3, #20]
10006260:	2a0a      	cmp	r2, #10
10006262:	d1f3      	bne.n	1000624c <stdio_out_chars_crlf+0x3c>
10006264:	2b00      	cmp	r3, #0
10006266:	d1f1      	bne.n	1000624c <stdio_out_chars_crlf+0x3c>
10006268:	42a0      	cmp	r0, r4
1000626a:	da04      	bge.n	10006276 <stdio_out_chars_crlf+0x66>
1000626c:	4643      	mov	r3, r8
1000626e:	1a21      	subs	r1, r4, r0
10006270:	681b      	ldr	r3, [r3, #0]
10006272:	1830      	adds	r0, r6, r0
10006274:	4798      	blx	r3
10006276:	4643      	mov	r3, r8
10006278:	4650      	mov	r0, sl
1000627a:	681b      	ldr	r3, [r3, #0]
1000627c:	2102      	movs	r1, #2
1000627e:	4798      	blx	r3
10006280:	3401      	adds	r4, #1
10006282:	0028      	movs	r0, r5
10006284:	002b      	movs	r3, r5
10006286:	3501      	adds	r5, #1
10006288:	429f      	cmp	r7, r3
1000628a:	dce4      	bgt.n	10006256 <stdio_out_chars_crlf+0x46>
1000628c:	4287      	cmp	r7, r0
1000628e:	dd04      	ble.n	1000629a <stdio_out_chars_crlf+0x8a>
10006290:	4643      	mov	r3, r8
10006292:	1a39      	subs	r1, r7, r0
10006294:	681b      	ldr	r3, [r3, #0]
10006296:	1830      	adds	r0, r6, r0
10006298:	4798      	blx	r3
1000629a:	19f6      	adds	r6, r6, r7
1000629c:	3e01      	subs	r6, #1
1000629e:	7833      	ldrb	r3, [r6, #0]
100062a0:	3b0d      	subs	r3, #13
100062a2:	425a      	negs	r2, r3
100062a4:	4153      	adcs	r3, r2
100062a6:	4642      	mov	r2, r8
100062a8:	7513      	strb	r3, [r2, #20]
100062aa:	bce0      	pop	{r5, r6, r7}
100062ac:	46ba      	mov	sl, r7
100062ae:	46b1      	mov	r9, r6
100062b0:	46a8      	mov	r8, r5
100062b2:	bdf0      	pop	{r4, r5, r6, r7, pc}
100062b4:	6803      	ldr	r3, [r0, #0]
100062b6:	0011      	movs	r1, r2
100062b8:	0030      	movs	r0, r6
100062ba:	4798      	blx	r3
100062bc:	e7f5      	b.n	100062aa <stdio_out_chars_crlf+0x9a>
100062be:	46c0      	nop			; (mov r8, r8)
100062c0:	1000a05c 	.word	0x1000a05c

100062c4 <stdio_buffered_printer>:
100062c4:	b5f0      	push	{r4, r5, r6, r7, lr}
100062c6:	46c6      	mov	lr, r8
100062c8:	000c      	movs	r4, r1
100062ca:	6809      	ldr	r1, [r1, #0]
100062cc:	0006      	movs	r6, r0
100062ce:	b500      	push	{lr}
100062d0:	2980      	cmp	r1, #128	; 0x80
100062d2:	d006      	beq.n	100062e2 <stdio_buffered_printer+0x1e>
100062d4:	1c4b      	adds	r3, r1, #1
100062d6:	6023      	str	r3, [r4, #0]
100062d8:	1864      	adds	r4, r4, r1
100062da:	7126      	strb	r6, [r4, #4]
100062dc:	bc80      	pop	{r7}
100062de:	46b8      	mov	r8, r7
100062e0:	bdf0      	pop	{r4, r5, r6, r7, pc}
100062e2:	4b0f      	ldr	r3, [pc, #60]	; (10006320 <stdio_buffered_printer+0x5c>)
100062e4:	681d      	ldr	r5, [r3, #0]
100062e6:	2d00      	cmp	r5, #0
100062e8:	d016      	beq.n	10006318 <stdio_buffered_printer+0x54>
100062ea:	1d23      	adds	r3, r4, #4
100062ec:	4698      	mov	r8, r3
100062ee:	4f0d      	ldr	r7, [pc, #52]	; (10006324 <stdio_buffered_printer+0x60>)
100062f0:	e002      	b.n	100062f8 <stdio_buffered_printer+0x34>
100062f2:	692d      	ldr	r5, [r5, #16]
100062f4:	2d00      	cmp	r5, #0
100062f6:	d00f      	beq.n	10006318 <stdio_buffered_printer+0x54>
100062f8:	682b      	ldr	r3, [r5, #0]
100062fa:	2b00      	cmp	r3, #0
100062fc:	d0f9      	beq.n	100062f2 <stdio_buffered_printer+0x2e>
100062fe:	683b      	ldr	r3, [r7, #0]
10006300:	2b00      	cmp	r3, #0
10006302:	d001      	beq.n	10006308 <stdio_buffered_printer+0x44>
10006304:	42ab      	cmp	r3, r5
10006306:	d1f4      	bne.n	100062f2 <stdio_buffered_printer+0x2e>
10006308:	0028      	movs	r0, r5
1000630a:	4641      	mov	r1, r8
1000630c:	6822      	ldr	r2, [r4, #0]
1000630e:	f7ff ff7f 	bl	10006210 <stdio_out_chars_crlf>
10006312:	692d      	ldr	r5, [r5, #16]
10006314:	2d00      	cmp	r5, #0
10006316:	d1ef      	bne.n	100062f8 <stdio_buffered_printer+0x34>
10006318:	2301      	movs	r3, #1
1000631a:	2100      	movs	r1, #0
1000631c:	e7db      	b.n	100062d6 <stdio_buffered_printer+0x12>
1000631e:	46c0      	nop			; (mov r8, r8)
10006320:	200021c4 	.word	0x200021c4
10006324:	200021e0 	.word	0x200021e0

10006328 <stdio_put_string.isra.0>:
10006328:	b5f0      	push	{r4, r5, r6, r7, lr}
1000632a:	46de      	mov	lr, fp
1000632c:	4657      	mov	r7, sl
1000632e:	464e      	mov	r6, r9
10006330:	4645      	mov	r5, r8
10006332:	b5e0      	push	{r5, r6, r7, lr}
10006334:	b085      	sub	sp, #20
10006336:	0017      	movs	r7, r2
10006338:	001c      	movs	r4, r3
1000633a:	0006      	movs	r6, r0
1000633c:	000d      	movs	r5, r1
1000633e:	f7fc f8a9 	bl	10002494 <time_us_64>
10006342:	2300      	movs	r3, #0
10006344:	4a30      	ldr	r2, [pc, #192]	; (10006408 <stdio_put_string.isra.0+0xe0>)
10006346:	1812      	adds	r2, r2, r0
10006348:	414b      	adcs	r3, r1
1000634a:	2b00      	cmp	r3, #0
1000634c:	db58      	blt.n	10006400 <stdio_put_string.isra.0+0xd8>
1000634e:	492f      	ldr	r1, [pc, #188]	; (1000640c <stdio_put_string.isra.0+0xe4>)
10006350:	0008      	movs	r0, r1
10006352:	468a      	mov	sl, r1
10006354:	f003 f974 	bl	10009640 <__mutex_try_enter_block_until_veneer>
10006358:	9001      	str	r0, [sp, #4]
1000635a:	1c6b      	adds	r3, r5, #1
1000635c:	d103      	bne.n	10006366 <stdio_put_string.isra.0+0x3e>
1000635e:	0030      	movs	r0, r6
10006360:	f002 ffba 	bl	100092d8 <strlen>
10006364:	0005      	movs	r5, r0
10006366:	2c00      	cmp	r4, #0
10006368:	d125      	bne.n	100063b6 <stdio_put_string.isra.0+0x8e>
1000636a:	4b29      	ldr	r3, [pc, #164]	; (10006410 <stdio_put_string.isra.0+0xe8>)
1000636c:	4698      	mov	r8, r3
1000636e:	4b29      	ldr	r3, [pc, #164]	; (10006414 <stdio_put_string.isra.0+0xec>)
10006370:	681c      	ldr	r4, [r3, #0]
10006372:	2c00      	cmp	r4, #0
10006374:	d015      	beq.n	100063a2 <stdio_put_string.isra.0+0x7a>
10006376:	2f00      	cmp	r7, #0
10006378:	d120      	bne.n	100063bc <stdio_put_string.isra.0+0x94>
1000637a:	4f27      	ldr	r7, [pc, #156]	; (10006418 <stdio_put_string.isra.0+0xf0>)
1000637c:	e002      	b.n	10006384 <stdio_put_string.isra.0+0x5c>
1000637e:	6924      	ldr	r4, [r4, #16]
10006380:	2c00      	cmp	r4, #0
10006382:	d00e      	beq.n	100063a2 <stdio_put_string.isra.0+0x7a>
10006384:	6823      	ldr	r3, [r4, #0]
10006386:	2b00      	cmp	r3, #0
10006388:	d0f9      	beq.n	1000637e <stdio_put_string.isra.0+0x56>
1000638a:	683b      	ldr	r3, [r7, #0]
1000638c:	2b00      	cmp	r3, #0
1000638e:	d001      	beq.n	10006394 <stdio_put_string.isra.0+0x6c>
10006390:	42a3      	cmp	r3, r4
10006392:	d1f4      	bne.n	1000637e <stdio_put_string.isra.0+0x56>
10006394:	0020      	movs	r0, r4
10006396:	002a      	movs	r2, r5
10006398:	0031      	movs	r1, r6
1000639a:	47c0      	blx	r8
1000639c:	6924      	ldr	r4, [r4, #16]
1000639e:	2c00      	cmp	r4, #0
100063a0:	d1f0      	bne.n	10006384 <stdio_put_string.isra.0+0x5c>
100063a2:	9b01      	ldr	r3, [sp, #4]
100063a4:	2b00      	cmp	r3, #0
100063a6:	d127      	bne.n	100063f8 <stdio_put_string.isra.0+0xd0>
100063a8:	b005      	add	sp, #20
100063aa:	bcf0      	pop	{r4, r5, r6, r7}
100063ac:	46bb      	mov	fp, r7
100063ae:	46b2      	mov	sl, r6
100063b0:	46a9      	mov	r9, r5
100063b2:	46a0      	mov	r8, r4
100063b4:	bdf0      	pop	{r4, r5, r6, r7, pc}
100063b6:	4b19      	ldr	r3, [pc, #100]	; (1000641c <stdio_put_string.isra.0+0xf4>)
100063b8:	4698      	mov	r8, r3
100063ba:	e7d8      	b.n	1000636e <stdio_put_string.isra.0+0x46>
100063bc:	4b16      	ldr	r3, [pc, #88]	; (10006418 <stdio_put_string.isra.0+0xf0>)
100063be:	4699      	mov	r9, r3
100063c0:	ab02      	add	r3, sp, #8
100063c2:	1ddf      	adds	r7, r3, #7
100063c4:	230a      	movs	r3, #10
100063c6:	469b      	mov	fp, r3
100063c8:	e002      	b.n	100063d0 <stdio_put_string.isra.0+0xa8>
100063ca:	6924      	ldr	r4, [r4, #16]
100063cc:	2c00      	cmp	r4, #0
100063ce:	d0e8      	beq.n	100063a2 <stdio_put_string.isra.0+0x7a>
100063d0:	6823      	ldr	r3, [r4, #0]
100063d2:	2b00      	cmp	r3, #0
100063d4:	d0f9      	beq.n	100063ca <stdio_put_string.isra.0+0xa2>
100063d6:	464b      	mov	r3, r9
100063d8:	681b      	ldr	r3, [r3, #0]
100063da:	2b00      	cmp	r3, #0
100063dc:	d001      	beq.n	100063e2 <stdio_put_string.isra.0+0xba>
100063de:	42a3      	cmp	r3, r4
100063e0:	d1f3      	bne.n	100063ca <stdio_put_string.isra.0+0xa2>
100063e2:	002a      	movs	r2, r5
100063e4:	0031      	movs	r1, r6
100063e6:	0020      	movs	r0, r4
100063e8:	47c0      	blx	r8
100063ea:	465b      	mov	r3, fp
100063ec:	2201      	movs	r2, #1
100063ee:	0039      	movs	r1, r7
100063f0:	0020      	movs	r0, r4
100063f2:	703b      	strb	r3, [r7, #0]
100063f4:	47c0      	blx	r8
100063f6:	e7e8      	b.n	100063ca <stdio_put_string.isra.0+0xa2>
100063f8:	4650      	mov	r0, sl
100063fa:	f003 f8e1 	bl	100095c0 <__mutex_exit_veneer>
100063fe:	e7d3      	b.n	100063a8 <stdio_put_string.isra.0+0x80>
10006400:	2201      	movs	r2, #1
10006402:	4b07      	ldr	r3, [pc, #28]	; (10006420 <stdio_put_string.isra.0+0xf8>)
10006404:	4252      	negs	r2, r2
10006406:	e7a2      	b.n	1000634e <stdio_put_string.isra.0+0x26>
10006408:	000f4240 	.word	0x000f4240
1000640c:	20001830 	.word	0x20001830
10006410:	10006211 	.word	0x10006211
10006414:	200021c4 	.word	0x200021c4
10006418:	200021e0 	.word	0x200021e0
1000641c:	10006201 	.word	0x10006201
10006420:	7fffffff 	.word	0x7fffffff

10006424 <__wrap_putchar>:
10006424:	b5f0      	push	{r4, r5, r6, r7, lr}
10006426:	46ce      	mov	lr, r9
10006428:	4647      	mov	r7, r8
1000642a:	b580      	push	{r7, lr}
1000642c:	b083      	sub	sp, #12
1000642e:	466b      	mov	r3, sp
10006430:	0006      	movs	r6, r0
10006432:	1ddd      	adds	r5, r3, #7
10006434:	7028      	strb	r0, [r5, #0]
10006436:	f7fc f82d 	bl	10002494 <time_us_64>
1000643a:	2300      	movs	r3, #0
1000643c:	4a1a      	ldr	r2, [pc, #104]	; (100064a8 <__wrap_putchar+0x84>)
1000643e:	1812      	adds	r2, r2, r0
10006440:	414b      	adcs	r3, r1
10006442:	2b00      	cmp	r3, #0
10006444:	db2b      	blt.n	1000649e <__wrap_putchar+0x7a>
10006446:	4919      	ldr	r1, [pc, #100]	; (100064ac <__wrap_putchar+0x88>)
10006448:	0008      	movs	r0, r1
1000644a:	4688      	mov	r8, r1
1000644c:	f003 f8f8 	bl	10009640 <__mutex_try_enter_block_until_veneer>
10006450:	4b17      	ldr	r3, [pc, #92]	; (100064b0 <__wrap_putchar+0x8c>)
10006452:	4681      	mov	r9, r0
10006454:	681c      	ldr	r4, [r3, #0]
10006456:	2c00      	cmp	r4, #0
10006458:	d014      	beq.n	10006484 <__wrap_putchar+0x60>
1000645a:	4f16      	ldr	r7, [pc, #88]	; (100064b4 <__wrap_putchar+0x90>)
1000645c:	e002      	b.n	10006464 <__wrap_putchar+0x40>
1000645e:	6924      	ldr	r4, [r4, #16]
10006460:	2c00      	cmp	r4, #0
10006462:	d00f      	beq.n	10006484 <__wrap_putchar+0x60>
10006464:	6823      	ldr	r3, [r4, #0]
10006466:	2b00      	cmp	r3, #0
10006468:	d0f9      	beq.n	1000645e <__wrap_putchar+0x3a>
1000646a:	683b      	ldr	r3, [r7, #0]
1000646c:	2b00      	cmp	r3, #0
1000646e:	d001      	beq.n	10006474 <__wrap_putchar+0x50>
10006470:	42a3      	cmp	r3, r4
10006472:	d1f4      	bne.n	1000645e <__wrap_putchar+0x3a>
10006474:	0020      	movs	r0, r4
10006476:	2201      	movs	r2, #1
10006478:	0029      	movs	r1, r5
1000647a:	f7ff fec9 	bl	10006210 <stdio_out_chars_crlf>
1000647e:	6924      	ldr	r4, [r4, #16]
10006480:	2c00      	cmp	r4, #0
10006482:	d1ef      	bne.n	10006464 <__wrap_putchar+0x40>
10006484:	464b      	mov	r3, r9
10006486:	2b00      	cmp	r3, #0
10006488:	d105      	bne.n	10006496 <__wrap_putchar+0x72>
1000648a:	0030      	movs	r0, r6
1000648c:	b003      	add	sp, #12
1000648e:	bcc0      	pop	{r6, r7}
10006490:	46b9      	mov	r9, r7
10006492:	46b0      	mov	r8, r6
10006494:	bdf0      	pop	{r4, r5, r6, r7, pc}
10006496:	4640      	mov	r0, r8
10006498:	f003 f892 	bl	100095c0 <__mutex_exit_veneer>
1000649c:	e7f5      	b.n	1000648a <__wrap_putchar+0x66>
1000649e:	2201      	movs	r2, #1
100064a0:	4b05      	ldr	r3, [pc, #20]	; (100064b8 <__wrap_putchar+0x94>)
100064a2:	4252      	negs	r2, r2
100064a4:	e7cf      	b.n	10006446 <__wrap_putchar+0x22>
100064a6:	46c0      	nop			; (mov r8, r8)
100064a8:	000f4240 	.word	0x000f4240
100064ac:	20001830 	.word	0x20001830
100064b0:	200021c4 	.word	0x200021c4
100064b4:	200021e0 	.word	0x200021e0
100064b8:	7fffffff 	.word	0x7fffffff

100064bc <__wrap_puts>:
100064bc:	b570      	push	{r4, r5, r6, lr}
100064be:	0004      	movs	r4, r0
100064c0:	f002 ff0a 	bl	100092d8 <strlen>
100064c4:	2300      	movs	r3, #0
100064c6:	0001      	movs	r1, r0
100064c8:	0005      	movs	r5, r0
100064ca:	2201      	movs	r2, #1
100064cc:	0020      	movs	r0, r4
100064ce:	f7ff ff2b 	bl	10006328 <stdio_put_string.isra.0>
100064d2:	4b08      	ldr	r3, [pc, #32]	; (100064f4 <__wrap_puts+0x38>)
100064d4:	681c      	ldr	r4, [r3, #0]
100064d6:	2c00      	cmp	r4, #0
100064d8:	d006      	beq.n	100064e8 <__wrap_puts+0x2c>
100064da:	6863      	ldr	r3, [r4, #4]
100064dc:	2b00      	cmp	r3, #0
100064de:	d005      	beq.n	100064ec <__wrap_puts+0x30>
100064e0:	4798      	blx	r3
100064e2:	6924      	ldr	r4, [r4, #16]
100064e4:	2c00      	cmp	r4, #0
100064e6:	d1f8      	bne.n	100064da <__wrap_puts+0x1e>
100064e8:	0028      	movs	r0, r5
100064ea:	bd70      	pop	{r4, r5, r6, pc}
100064ec:	6924      	ldr	r4, [r4, #16]
100064ee:	2c00      	cmp	r4, #0
100064f0:	d1f3      	bne.n	100064da <__wrap_puts+0x1e>
100064f2:	e7f9      	b.n	100064e8 <__wrap_puts+0x2c>
100064f4:	200021c4 	.word	0x200021c4

100064f8 <stdio_set_driver_enabled>:
100064f8:	4a0a      	ldr	r2, [pc, #40]	; (10006524 <stdio_set_driver_enabled+0x2c>)
100064fa:	6813      	ldr	r3, [r2, #0]
100064fc:	2b00      	cmp	r3, #0
100064fe:	d105      	bne.n	1000650c <stdio_set_driver_enabled+0x14>
10006500:	e00c      	b.n	1000651c <stdio_set_driver_enabled+0x24>
10006502:	001a      	movs	r2, r3
10006504:	691b      	ldr	r3, [r3, #16]
10006506:	3210      	adds	r2, #16
10006508:	2b00      	cmp	r3, #0
1000650a:	d007      	beq.n	1000651c <stdio_set_driver_enabled+0x24>
1000650c:	4298      	cmp	r0, r3
1000650e:	d1f8      	bne.n	10006502 <stdio_set_driver_enabled+0xa>
10006510:	2900      	cmp	r1, #0
10006512:	d102      	bne.n	1000651a <stdio_set_driver_enabled+0x22>
10006514:	6903      	ldr	r3, [r0, #16]
10006516:	6013      	str	r3, [r2, #0]
10006518:	6101      	str	r1, [r0, #16]
1000651a:	4770      	bx	lr
1000651c:	2900      	cmp	r1, #0
1000651e:	d0fc      	beq.n	1000651a <stdio_set_driver_enabled+0x22>
10006520:	6010      	str	r0, [r2, #0]
10006522:	e7fa      	b.n	1000651a <stdio_set_driver_enabled+0x22>
10006524:	200021c4 	.word	0x200021c4

10006528 <__wrap_vprintf>:
10006528:	b5f0      	push	{r4, r5, r6, r7, lr}
1000652a:	46ce      	mov	lr, r9
1000652c:	4647      	mov	r7, r8
1000652e:	b580      	push	{r7, lr}
10006530:	b0a5      	sub	sp, #148	; 0x94
10006532:	0004      	movs	r4, r0
10006534:	000d      	movs	r5, r1
10006536:	f7fb ffad 	bl	10002494 <time_us_64>
1000653a:	2300      	movs	r3, #0
1000653c:	4a2a      	ldr	r2, [pc, #168]	; (100065e8 <__wrap_vprintf+0xc0>)
1000653e:	1812      	adds	r2, r2, r0
10006540:	414b      	adcs	r3, r1
10006542:	2b00      	cmp	r3, #0
10006544:	db49      	blt.n	100065da <__wrap_vprintf+0xb2>
10006546:	4e29      	ldr	r6, [pc, #164]	; (100065ec <__wrap_vprintf+0xc4>)
10006548:	0030      	movs	r0, r6
1000654a:	f003 f879 	bl	10009640 <__mutex_try_enter_block_until_veneer>
1000654e:	2300      	movs	r3, #0
10006550:	0007      	movs	r7, r0
10006552:	9303      	str	r3, [sp, #12]
10006554:	0022      	movs	r2, r4
10006556:	002b      	movs	r3, r5
10006558:	4825      	ldr	r0, [pc, #148]	; (100065f0 <__wrap_vprintf+0xc8>)
1000655a:	a903      	add	r1, sp, #12
1000655c:	f7fe f874 	bl	10004648 <vfctprintf>
10006560:	9b03      	ldr	r3, [sp, #12]
10006562:	4680      	mov	r8, r0
10006564:	2b00      	cmp	r3, #0
10006566:	d114      	bne.n	10006592 <__wrap_vprintf+0x6a>
10006568:	4b22      	ldr	r3, [pc, #136]	; (100065f4 <__wrap_vprintf+0xcc>)
1000656a:	681c      	ldr	r4, [r3, #0]
1000656c:	2c00      	cmp	r4, #0
1000656e:	d006      	beq.n	1000657e <__wrap_vprintf+0x56>
10006570:	6863      	ldr	r3, [r4, #4]
10006572:	2b00      	cmp	r3, #0
10006574:	d00b      	beq.n	1000658e <__wrap_vprintf+0x66>
10006576:	4798      	blx	r3
10006578:	6924      	ldr	r4, [r4, #16]
1000657a:	2c00      	cmp	r4, #0
1000657c:	d1f8      	bne.n	10006570 <__wrap_vprintf+0x48>
1000657e:	2f00      	cmp	r7, #0
10006580:	d127      	bne.n	100065d2 <__wrap_vprintf+0xaa>
10006582:	4640      	mov	r0, r8
10006584:	b025      	add	sp, #148	; 0x94
10006586:	bcc0      	pop	{r6, r7}
10006588:	46b9      	mov	r9, r7
1000658a:	46b0      	mov	r8, r6
1000658c:	bdf0      	pop	{r4, r5, r6, r7, pc}
1000658e:	6924      	ldr	r4, [r4, #16]
10006590:	e7ec      	b.n	1000656c <__wrap_vprintf+0x44>
10006592:	4b18      	ldr	r3, [pc, #96]	; (100065f4 <__wrap_vprintf+0xcc>)
10006594:	681d      	ldr	r5, [r3, #0]
10006596:	4699      	mov	r9, r3
10006598:	2d00      	cmp	r5, #0
1000659a:	d022      	beq.n	100065e2 <__wrap_vprintf+0xba>
1000659c:	4c16      	ldr	r4, [pc, #88]	; (100065f8 <__wrap_vprintf+0xd0>)
1000659e:	e002      	b.n	100065a6 <__wrap_vprintf+0x7e>
100065a0:	692d      	ldr	r5, [r5, #16]
100065a2:	2d00      	cmp	r5, #0
100065a4:	d011      	beq.n	100065ca <__wrap_vprintf+0xa2>
100065a6:	682b      	ldr	r3, [r5, #0]
100065a8:	2b00      	cmp	r3, #0
100065aa:	d0f9      	beq.n	100065a0 <__wrap_vprintf+0x78>
100065ac:	6823      	ldr	r3, [r4, #0]
100065ae:	2b00      	cmp	r3, #0
100065b0:	d001      	beq.n	100065b6 <__wrap_vprintf+0x8e>
100065b2:	429d      	cmp	r5, r3
100065b4:	d1f4      	bne.n	100065a0 <__wrap_vprintf+0x78>
100065b6:	9b03      	ldr	r3, [sp, #12]
100065b8:	0028      	movs	r0, r5
100065ba:	001a      	movs	r2, r3
100065bc:	a904      	add	r1, sp, #16
100065be:	9301      	str	r3, [sp, #4]
100065c0:	f7ff fe26 	bl	10006210 <stdio_out_chars_crlf>
100065c4:	692d      	ldr	r5, [r5, #16]
100065c6:	2d00      	cmp	r5, #0
100065c8:	d1ed      	bne.n	100065a6 <__wrap_vprintf+0x7e>
100065ca:	464b      	mov	r3, r9
100065cc:	9503      	str	r5, [sp, #12]
100065ce:	681c      	ldr	r4, [r3, #0]
100065d0:	e7cc      	b.n	1000656c <__wrap_vprintf+0x44>
100065d2:	0030      	movs	r0, r6
100065d4:	f002 fff4 	bl	100095c0 <__mutex_exit_veneer>
100065d8:	e7d3      	b.n	10006582 <__wrap_vprintf+0x5a>
100065da:	2201      	movs	r2, #1
100065dc:	4b07      	ldr	r3, [pc, #28]	; (100065fc <__wrap_vprintf+0xd4>)
100065de:	4252      	negs	r2, r2
100065e0:	e7b1      	b.n	10006546 <__wrap_vprintf+0x1e>
100065e2:	9503      	str	r5, [sp, #12]
100065e4:	e7cb      	b.n	1000657e <__wrap_vprintf+0x56>
100065e6:	46c0      	nop			; (mov r8, r8)
100065e8:	000f4240 	.word	0x000f4240
100065ec:	20001830 	.word	0x20001830
100065f0:	100062c5 	.word	0x100062c5
100065f4:	200021c4 	.word	0x200021c4
100065f8:	200021e0 	.word	0x200021e0
100065fc:	7fffffff 	.word	0x7fffffff

10006600 <__wrap_printf>:
10006600:	b40f      	push	{r0, r1, r2, r3}
10006602:	b500      	push	{lr}
10006604:	b083      	sub	sp, #12
10006606:	a904      	add	r1, sp, #16
10006608:	c901      	ldmia	r1!, {r0}
1000660a:	9101      	str	r1, [sp, #4]
1000660c:	f7ff ff8c 	bl	10006528 <__wrap_vprintf>
10006610:	b003      	add	sp, #12
10006612:	bc08      	pop	{r3}
10006614:	b004      	add	sp, #16
10006616:	4718      	bx	r3

10006618 <stdio_init_all>:
10006618:	b510      	push	{r4, lr}
1000661a:	f000 f9d9 	bl	100069d0 <stdio_usb_init>
1000661e:	bd10      	pop	{r4, pc}

10006620 <resetd_init>:
10006620:	4770      	bx	lr
10006622:	46c0      	nop			; (mov r8, r8)

10006624 <resetd_reset>:
10006624:	2200      	movs	r2, #0
10006626:	4b01      	ldr	r3, [pc, #4]	; (1000662c <resetd_reset+0x8>)
10006628:	701a      	strb	r2, [r3, #0]
1000662a:	4770      	bx	lr
1000662c:	20002671 	.word	0x20002671

10006630 <resetd_open>:
10006630:	794b      	ldrb	r3, [r1, #5]
10006632:	2000      	movs	r0, #0
10006634:	2bff      	cmp	r3, #255	; 0xff
10006636:	d10b      	bne.n	10006650 <resetd_open+0x20>
10006638:	798b      	ldrb	r3, [r1, #6]
1000663a:	2b00      	cmp	r3, #0
1000663c:	d108      	bne.n	10006650 <resetd_open+0x20>
1000663e:	79cb      	ldrb	r3, [r1, #7]
10006640:	2b01      	cmp	r3, #1
10006642:	d105      	bne.n	10006650 <resetd_open+0x20>
10006644:	2a08      	cmp	r2, #8
10006646:	d903      	bls.n	10006650 <resetd_open+0x20>
10006648:	788a      	ldrb	r2, [r1, #2]
1000664a:	4b02      	ldr	r3, [pc, #8]	; (10006654 <resetd_open+0x24>)
1000664c:	3009      	adds	r0, #9
1000664e:	701a      	strb	r2, [r3, #0]
10006650:	4770      	bx	lr
10006652:	46c0      	nop			; (mov r8, r8)
10006654:	20002671 	.word	0x20002671

10006658 <resetd_xfer_cb>:
10006658:	2001      	movs	r0, #1
1000665a:	4770      	bx	lr

1000665c <resetd_control_xfer_cb>:
1000665c:	b570      	push	{r4, r5, r6, lr}
1000665e:	2901      	cmp	r1, #1
10006660:	d109      	bne.n	10006676 <resetd_control_xfer_cb+0x1a>
10006662:	4915      	ldr	r1, [pc, #84]	; (100066b8 <resetd_control_xfer_cb+0x5c>)
10006664:	7953      	ldrb	r3, [r2, #5]
10006666:	7910      	ldrb	r0, [r2, #4]
10006668:	7809      	ldrb	r1, [r1, #0]
1000666a:	021b      	lsls	r3, r3, #8
1000666c:	4303      	orrs	r3, r0
1000666e:	2000      	movs	r0, #0
10006670:	4299      	cmp	r1, r3
10006672:	d002      	beq.n	1000667a <resetd_control_xfer_cb+0x1e>
10006674:	bd70      	pop	{r4, r5, r6, pc}
10006676:	2001      	movs	r0, #1
10006678:	e7fc      	b.n	10006674 <resetd_control_xfer_cb+0x18>
1000667a:	7853      	ldrb	r3, [r2, #1]
1000667c:	2b01      	cmp	r3, #1
1000667e:	d008      	beq.n	10006692 <resetd_control_xfer_cb+0x36>
10006680:	2b02      	cmp	r3, #2
10006682:	d1f7      	bne.n	10006674 <resetd_control_xfer_cb+0x18>
10006684:	2000      	movs	r0, #0
10006686:	2264      	movs	r2, #100	; 0x64
10006688:	2100      	movs	r1, #0
1000668a:	f7fc fc0d 	bl	10002ea8 <watchdog_reboot>
1000668e:	2001      	movs	r0, #1
10006690:	e7f0      	b.n	10006674 <resetd_control_xfer_cb+0x18>
10006692:	7894      	ldrb	r4, [r2, #2]
10006694:	78d2      	ldrb	r2, [r2, #3]
10006696:	0005      	movs	r5, r0
10006698:	0212      	lsls	r2, r2, #8
1000669a:	4314      	orrs	r4, r2
1000669c:	05d2      	lsls	r2, r2, #23
1000669e:	d502      	bpl.n	100066a6 <resetd_control_xfer_cb+0x4a>
100066a0:	0a62      	lsrs	r2, r4, #9
100066a2:	4093      	lsls	r3, r2
100066a4:	001d      	movs	r5, r3
100066a6:	4805      	ldr	r0, [pc, #20]	; (100066bc <resetd_control_xfer_cb+0x60>)
100066a8:	f7fd fffe 	bl	100046a8 <rom_func_lookup>
100066ac:	217f      	movs	r1, #127	; 0x7f
100066ae:	0003      	movs	r3, r0
100066b0:	4021      	ands	r1, r4
100066b2:	0028      	movs	r0, r5
100066b4:	4798      	blx	r3
100066b6:	46c0      	nop			; (mov r8, r8)
100066b8:	20002671 	.word	0x20002671
100066bc:	00004255 	.word	0x00004255

100066c0 <usbd_app_driver_get_cb>:
100066c0:	2301      	movs	r3, #1
100066c2:	7003      	strb	r3, [r0, #0]
100066c4:	4800      	ldr	r0, [pc, #0]	; (100066c8 <usbd_app_driver_get_cb+0x8>)
100066c6:	4770      	bx	lr
100066c8:	1000a060 	.word	0x1000a060

100066cc <tud_cdc_line_coding_cb>:
100066cc:	7848      	ldrb	r0, [r1, #1]
100066ce:	780b      	ldrb	r3, [r1, #0]
100066d0:	788a      	ldrb	r2, [r1, #2]
100066d2:	0200      	lsls	r0, r0, #8
100066d4:	4318      	orrs	r0, r3
100066d6:	0412      	lsls	r2, r2, #16
100066d8:	4310      	orrs	r0, r2
100066da:	2296      	movs	r2, #150	; 0x96
100066dc:	78cb      	ldrb	r3, [r1, #3]
100066de:	b510      	push	{r4, lr}
100066e0:	061b      	lsls	r3, r3, #24
100066e2:	4303      	orrs	r3, r0
100066e4:	00d2      	lsls	r2, r2, #3
100066e6:	4293      	cmp	r3, r2
100066e8:	d000      	beq.n	100066ec <tud_cdc_line_coding_cb+0x20>
100066ea:	bd10      	pop	{r4, pc}
100066ec:	4803      	ldr	r0, [pc, #12]	; (100066fc <tud_cdc_line_coding_cb+0x30>)
100066ee:	f7fd ffdb 	bl	100046a8 <rom_func_lookup>
100066f2:	2100      	movs	r1, #0
100066f4:	0003      	movs	r3, r0
100066f6:	0008      	movs	r0, r1
100066f8:	4798      	blx	r3
100066fa:	46c0      	nop			; (mov r8, r8)
100066fc:	00004255 	.word	0x00004255

10006700 <stdio_usb_set_chars_available_callback>:
10006700:	4b02      	ldr	r3, [pc, #8]	; (1000670c <stdio_usb_set_chars_available_callback+0xc>)
10006702:	6018      	str	r0, [r3, #0]
10006704:	4b02      	ldr	r3, [pc, #8]	; (10006710 <stdio_usb_set_chars_available_callback+0x10>)
10006706:	6019      	str	r1, [r3, #0]
10006708:	4770      	bx	lr
1000670a:	46c0      	nop			; (mov r8, r8)
1000670c:	20002128 	.word	0x20002128
10006710:	2000212c 	.word	0x2000212c

10006714 <usb_irq>:
10006714:	b510      	push	{r4, lr}
10006716:	4b02      	ldr	r3, [pc, #8]	; (10006720 <usb_irq+0xc>)
10006718:	7818      	ldrb	r0, [r3, #0]
1000671a:	f7fa fff7 	bl	1000170c <irq_set_pending>
1000671e:	bd10      	pop	{r4, pc}
10006720:	20002672 	.word	0x20002672

10006724 <timer_task>:
10006724:	4b11      	ldr	r3, [pc, #68]	; (1000676c <timer_task+0x48>)
10006726:	b570      	push	{r4, r5, r6, lr}
10006728:	681a      	ldr	r2, [r3, #0]
1000672a:	2a00      	cmp	r2, #0
1000672c:	d01a      	beq.n	10006764 <timer_task+0x40>
1000672e:	f3ef 8110 	mrs	r1, PRIMASK
10006732:	b672      	cpsid	i
10006734:	6810      	ldr	r0, [r2, #0]
10006736:	2800      	cmp	r0, #0
10006738:	d0fc      	beq.n	10006734 <timer_task+0x10>
1000673a:	f3bf 8f5f 	dmb	sy
1000673e:	2200      	movs	r2, #0
10006740:	480b      	ldr	r0, [pc, #44]	; (10006770 <timer_task+0x4c>)
10006742:	6059      	str	r1, [r3, #4]
10006744:	7002      	strb	r2, [r0, #0]
10006746:	681b      	ldr	r3, [r3, #0]
10006748:	f3bf 8f5f 	dmb	sy
1000674c:	601a      	str	r2, [r3, #0]
1000674e:	f381 8810 	msr	PRIMASK, r1
10006752:	2400      	movs	r4, #0
10006754:	2500      	movs	r5, #0
10006756:	4b07      	ldr	r3, [pc, #28]	; (10006774 <timer_task+0x50>)
10006758:	7818      	ldrb	r0, [r3, #0]
1000675a:	f7fa ffd7 	bl	1000170c <irq_set_pending>
1000675e:	0029      	movs	r1, r5
10006760:	0020      	movs	r0, r4
10006762:	bd70      	pop	{r4, r5, r6, pc}
10006764:	24fa      	movs	r4, #250	; 0xfa
10006766:	2500      	movs	r5, #0
10006768:	00a4      	lsls	r4, r4, #2
1000676a:	e7f4      	b.n	10006756 <timer_task+0x32>
1000676c:	20002610 	.word	0x20002610
10006770:	20002673 	.word	0x20002673
10006774:	20002672 	.word	0x20002672

10006778 <stdio_usb_in_chars>:
10006778:	b570      	push	{r4, r5, r6, lr}
1000677a:	0004      	movs	r4, r0
1000677c:	2000      	movs	r0, #0
1000677e:	000e      	movs	r6, r1
10006780:	f001 fb08 	bl	10007d94 <tud_cdc_n_connected>
10006784:	2800      	cmp	r0, #0
10006786:	d035      	beq.n	100067f4 <stdio_usb_in_chars+0x7c>
10006788:	2000      	movs	r0, #0
1000678a:	f001 fb1b 	bl	10007dc4 <tud_cdc_n_available>
1000678e:	2800      	cmp	r0, #0
10006790:	d030      	beq.n	100067f4 <stdio_usb_in_chars+0x7c>
10006792:	f7fb fe7f 	bl	10002494 <time_us_64>
10006796:	2300      	movs	r3, #0
10006798:	4a18      	ldr	r2, [pc, #96]	; (100067fc <stdio_usb_in_chars+0x84>)
1000679a:	1812      	adds	r2, r2, r0
1000679c:	414b      	adcs	r3, r1
1000679e:	2b00      	cmp	r3, #0
100067a0:	db24      	blt.n	100067ec <stdio_usb_in_chars+0x74>
100067a2:	4d17      	ldr	r5, [pc, #92]	; (10006800 <stdio_usb_in_chars+0x88>)
100067a4:	0028      	movs	r0, r5
100067a6:	f002 ff4b 	bl	10009640 <__mutex_try_enter_block_until_veneer>
100067aa:	2800      	cmp	r0, #0
100067ac:	d022      	beq.n	100067f4 <stdio_usb_in_chars+0x7c>
100067ae:	2000      	movs	r0, #0
100067b0:	f001 faf0 	bl	10007d94 <tud_cdc_n_connected>
100067b4:	2800      	cmp	r0, #0
100067b6:	d10b      	bne.n	100067d0 <stdio_usb_in_chars+0x58>
100067b8:	2001      	movs	r0, #1
100067ba:	2100      	movs	r1, #0
100067bc:	2403      	movs	r4, #3
100067be:	4240      	negs	r0, r0
100067c0:	f000 fcd2 	bl	10007168 <tud_task_ext>
100067c4:	4264      	negs	r4, r4
100067c6:	0028      	movs	r0, r5
100067c8:	f002 fefa 	bl	100095c0 <__mutex_exit_veneer>
100067cc:	0020      	movs	r0, r4
100067ce:	bd70      	pop	{r4, r5, r6, pc}
100067d0:	2000      	movs	r0, #0
100067d2:	f001 faf7 	bl	10007dc4 <tud_cdc_n_available>
100067d6:	2800      	cmp	r0, #0
100067d8:	d0ee      	beq.n	100067b8 <stdio_usb_in_chars+0x40>
100067da:	0021      	movs	r1, r4
100067dc:	0032      	movs	r2, r6
100067de:	2000      	movs	r0, #0
100067e0:	f001 fafc 	bl	10007ddc <tud_cdc_n_read>
100067e4:	1e04      	subs	r4, r0, #0
100067e6:	d1ee      	bne.n	100067c6 <stdio_usb_in_chars+0x4e>
100067e8:	3c03      	subs	r4, #3
100067ea:	e7ec      	b.n	100067c6 <stdio_usb_in_chars+0x4e>
100067ec:	2201      	movs	r2, #1
100067ee:	4b05      	ldr	r3, [pc, #20]	; (10006804 <stdio_usb_in_chars+0x8c>)
100067f0:	4252      	negs	r2, r2
100067f2:	e7d6      	b.n	100067a2 <stdio_usb_in_chars+0x2a>
100067f4:	2403      	movs	r4, #3
100067f6:	4264      	negs	r4, r4
100067f8:	e7e8      	b.n	100067cc <stdio_usb_in_chars+0x54>
100067fa:	46c0      	nop			; (mov r8, r8)
100067fc:	000f4240 	.word	0x000f4240
10006800:	20002640 	.word	0x20002640
10006804:	7fffffff 	.word	0x7fffffff

10006808 <stdio_usb_out_chars>:
10006808:	b5f8      	push	{r3, r4, r5, r6, r7, lr}
1000680a:	46de      	mov	lr, fp
1000680c:	4657      	mov	r7, sl
1000680e:	b580      	push	{r7, lr}
10006810:	0005      	movs	r5, r0
10006812:	000c      	movs	r4, r1
10006814:	f7fb fe3e 	bl	10002494 <time_us_64>
10006818:	2300      	movs	r3, #0
1000681a:	4a36      	ldr	r2, [pc, #216]	; (100068f4 <stdio_usb_out_chars+0xec>)
1000681c:	1812      	adds	r2, r2, r0
1000681e:	414b      	adcs	r3, r1
10006820:	2b00      	cmp	r3, #0
10006822:	db5a      	blt.n	100068da <stdio_usb_out_chars+0xd2>
10006824:	4934      	ldr	r1, [pc, #208]	; (100068f8 <stdio_usb_out_chars+0xf0>)
10006826:	0008      	movs	r0, r1
10006828:	468a      	mov	sl, r1
1000682a:	f002 ff09 	bl	10009640 <__mutex_try_enter_block_until_veneer>
1000682e:	2800      	cmp	r0, #0
10006830:	d103      	bne.n	1000683a <stdio_usb_out_chars+0x32>
10006832:	bcc0      	pop	{r6, r7}
10006834:	46bb      	mov	fp, r7
10006836:	46b2      	mov	sl, r6
10006838:	bdf8      	pop	{r3, r4, r5, r6, r7, pc}
1000683a:	2000      	movs	r0, #0
1000683c:	f001 faaa 	bl	10007d94 <tud_cdc_n_connected>
10006840:	2800      	cmp	r0, #0
10006842:	d04e      	beq.n	100068e2 <stdio_usb_out_chars+0xda>
10006844:	2600      	movs	r6, #0
10006846:	2c00      	cmp	r4, #0
10006848:	dd43      	ble.n	100068d2 <stdio_usb_out_chars+0xca>
1000684a:	4b2c      	ldr	r3, [pc, #176]	; (100068fc <stdio_usb_out_chars+0xf4>)
1000684c:	469b      	mov	fp, r3
1000684e:	e014      	b.n	1000687a <stdio_usb_out_chars+0x72>
10006850:	19a9      	adds	r1, r5, r6
10006852:	2000      	movs	r0, #0
10006854:	f001 fb36 	bl	10007ec4 <tud_cdc_n_write>
10006858:	0007      	movs	r7, r0
1000685a:	2001      	movs	r0, #1
1000685c:	2100      	movs	r1, #0
1000685e:	4240      	negs	r0, r0
10006860:	f000 fc82 	bl	10007168 <tud_task_ext>
10006864:	2000      	movs	r0, #0
10006866:	f001 faf1 	bl	10007e4c <tud_cdc_n_write_flush>
1000686a:	f7fb fe13 	bl	10002494 <time_us_64>
1000686e:	4b23      	ldr	r3, [pc, #140]	; (100068fc <stdio_usb_out_chars+0xf4>)
10006870:	19f6      	adds	r6, r6, r7
10006872:	6018      	str	r0, [r3, #0]
10006874:	6059      	str	r1, [r3, #4]
10006876:	42b4      	cmp	r4, r6
10006878:	dd2b      	ble.n	100068d2 <stdio_usb_out_chars+0xca>
1000687a:	2000      	movs	r0, #0
1000687c:	f001 fb3c 	bl	10007ef8 <tud_cdc_n_write_available>
10006880:	1ba7      	subs	r7, r4, r6
10006882:	0002      	movs	r2, r0
10006884:	42b8      	cmp	r0, r7
10006886:	dd00      	ble.n	1000688a <stdio_usb_out_chars+0x82>
10006888:	003a      	movs	r2, r7
1000688a:	2a00      	cmp	r2, #0
1000688c:	d1e0      	bne.n	10006850 <stdio_usb_out_chars+0x48>
1000688e:	2001      	movs	r0, #1
10006890:	2100      	movs	r1, #0
10006892:	4240      	negs	r0, r0
10006894:	f000 fc68 	bl	10007168 <tud_task_ext>
10006898:	2000      	movs	r0, #0
1000689a:	f001 fad7 	bl	10007e4c <tud_cdc_n_write_flush>
1000689e:	2000      	movs	r0, #0
100068a0:	f001 fa78 	bl	10007d94 <tud_cdc_n_connected>
100068a4:	2800      	cmp	r0, #0
100068a6:	d014      	beq.n	100068d2 <stdio_usb_out_chars+0xca>
100068a8:	2000      	movs	r0, #0
100068aa:	f001 fb25 	bl	10007ef8 <tud_cdc_n_write_available>
100068ae:	2800      	cmp	r0, #0
100068b0:	d1e1      	bne.n	10006876 <stdio_usb_out_chars+0x6e>
100068b2:	f7fb fdef 	bl	10002494 <time_us_64>
100068b6:	465b      	mov	r3, fp
100068b8:	000f      	movs	r7, r1
100068ba:	681a      	ldr	r2, [r3, #0]
100068bc:	685b      	ldr	r3, [r3, #4]
100068be:	2100      	movs	r1, #0
100068c0:	4684      	mov	ip, r0
100068c2:	480f      	ldr	r0, [pc, #60]	; (10006900 <stdio_usb_out_chars+0xf8>)
100068c4:	1812      	adds	r2, r2, r0
100068c6:	414b      	adcs	r3, r1
100068c8:	429f      	cmp	r7, r3
100068ca:	d802      	bhi.n	100068d2 <stdio_usb_out_chars+0xca>
100068cc:	d1d3      	bne.n	10006876 <stdio_usb_out_chars+0x6e>
100068ce:	4594      	cmp	ip, r2
100068d0:	d9d1      	bls.n	10006876 <stdio_usb_out_chars+0x6e>
100068d2:	4650      	mov	r0, sl
100068d4:	f002 fe74 	bl	100095c0 <__mutex_exit_veneer>
100068d8:	e7ab      	b.n	10006832 <stdio_usb_out_chars+0x2a>
100068da:	2201      	movs	r2, #1
100068dc:	4b09      	ldr	r3, [pc, #36]	; (10006904 <stdio_usb_out_chars+0xfc>)
100068de:	4252      	negs	r2, r2
100068e0:	e7a0      	b.n	10006824 <stdio_usb_out_chars+0x1c>
100068e2:	2000      	movs	r0, #0
100068e4:	2100      	movs	r1, #0
100068e6:	4b05      	ldr	r3, [pc, #20]	; (100068fc <stdio_usb_out_chars+0xf4>)
100068e8:	6018      	str	r0, [r3, #0]
100068ea:	6059      	str	r1, [r3, #4]
100068ec:	4650      	mov	r0, sl
100068ee:	f002 fe67 	bl	100095c0 <__mutex_exit_veneer>
100068f2:	e79e      	b.n	10006832 <stdio_usb_out_chars+0x2a>
100068f4:	000f4240 	.word	0x000f4240
100068f8:	20002640 	.word	0x20002640
100068fc:	20001950 	.word	0x20001950
10006900:	0007a120 	.word	0x0007a120
10006904:	7fffffff 	.word	0x7fffffff

10006908 <low_priority_worker_irq>:
10006908:	b510      	push	{r4, lr}
1000690a:	4c24      	ldr	r4, [pc, #144]	; (1000699c <low_priority_worker_irq+0x94>)
1000690c:	b084      	sub	sp, #16
1000690e:	2100      	movs	r1, #0
10006910:	0020      	movs	r0, r4
10006912:	f002 fe6d 	bl	100095f0 <__mutex_try_enter_veneer>
10006916:	2800      	cmp	r0, #0
10006918:	d11c      	bne.n	10006954 <low_priority_worker_irq+0x4c>
1000691a:	4b21      	ldr	r3, [pc, #132]	; (100069a0 <low_priority_worker_irq+0x98>)
1000691c:	681a      	ldr	r2, [r3, #0]
1000691e:	2a00      	cmp	r2, #0
10006920:	d016      	beq.n	10006950 <low_priority_worker_irq+0x48>
10006922:	f3ef 8110 	mrs	r1, PRIMASK
10006926:	b672      	cpsid	i
10006928:	6810      	ldr	r0, [r2, #0]
1000692a:	2800      	cmp	r0, #0
1000692c:	d0fc      	beq.n	10006928 <low_priority_worker_irq+0x20>
1000692e:	f3bf 8f5f 	dmb	sy
10006932:	2401      	movs	r4, #1
10006934:	481b      	ldr	r0, [pc, #108]	; (100069a4 <low_priority_worker_irq+0x9c>)
10006936:	6059      	str	r1, [r3, #4]
10006938:	7802      	ldrb	r2, [r0, #0]
1000693a:	681b      	ldr	r3, [r3, #0]
1000693c:	b2d2      	uxtb	r2, r2
1000693e:	7004      	strb	r4, [r0, #0]
10006940:	f3bf 8f5f 	dmb	sy
10006944:	2000      	movs	r0, #0
10006946:	6018      	str	r0, [r3, #0]
10006948:	f381 8810 	msr	PRIMASK, r1
1000694c:	2a00      	cmp	r2, #0
1000694e:	d00a      	beq.n	10006966 <low_priority_worker_irq+0x5e>
10006950:	b004      	add	sp, #16
10006952:	bd10      	pop	{r4, pc}
10006954:	2001      	movs	r0, #1
10006956:	2100      	movs	r1, #0
10006958:	4240      	negs	r0, r0
1000695a:	f000 fc05 	bl	10007168 <tud_task_ext>
1000695e:	0020      	movs	r0, r4
10006960:	f002 fe2e 	bl	100095c0 <__mutex_exit_veneer>
10006964:	e7f4      	b.n	10006950 <low_priority_worker_irq+0x48>
10006966:	f7fb fb71 	bl	1000204c <alarm_pool_get_default>
1000696a:	0004      	movs	r4, r0
1000696c:	f7fb fd92 	bl	10002494 <time_us_64>
10006970:	22fa      	movs	r2, #250	; 0xfa
10006972:	2300      	movs	r3, #0
10006974:	0092      	lsls	r2, r2, #2
10006976:	1812      	adds	r2, r2, r0
10006978:	414b      	adcs	r3, r1
1000697a:	2b00      	cmp	r3, #0
1000697c:	db09      	blt.n	10006992 <low_priority_worker_irq+0x8a>
1000697e:	2101      	movs	r1, #1
10006980:	9102      	str	r1, [sp, #8]
10006982:	2100      	movs	r1, #0
10006984:	9101      	str	r1, [sp, #4]
10006986:	4908      	ldr	r1, [pc, #32]	; (100069a8 <low_priority_worker_irq+0xa0>)
10006988:	0020      	movs	r0, r4
1000698a:	9100      	str	r1, [sp, #0]
1000698c:	f7fb fb62 	bl	10002054 <alarm_pool_add_alarm_at>
10006990:	e7de      	b.n	10006950 <low_priority_worker_irq+0x48>
10006992:	2201      	movs	r2, #1
10006994:	4b05      	ldr	r3, [pc, #20]	; (100069ac <low_priority_worker_irq+0xa4>)
10006996:	4252      	negs	r2, r2
10006998:	e7f1      	b.n	1000697e <low_priority_worker_irq+0x76>
1000699a:	46c0      	nop			; (mov r8, r8)
1000699c:	20002640 	.word	0x20002640
100069a0:	20002610 	.word	0x20002610
100069a4:	20002673 	.word	0x20002673
100069a8:	10006725 	.word	0x10006725
100069ac:	7fffffff 	.word	0x7fffffff

100069b0 <tud_cdc_rx_cb>:
100069b0:	4b05      	ldr	r3, [pc, #20]	; (100069c8 <tud_cdc_rx_cb+0x18>)
100069b2:	b510      	push	{r4, lr}
100069b4:	6818      	ldr	r0, [r3, #0]
100069b6:	2800      	cmp	r0, #0
100069b8:	d004      	beq.n	100069c4 <tud_cdc_rx_cb+0x14>
100069ba:	4b04      	ldr	r3, [pc, #16]	; (100069cc <tud_cdc_rx_cb+0x1c>)
100069bc:	2200      	movs	r2, #0
100069be:	6819      	ldr	r1, [r3, #0]
100069c0:	f001 f84a 	bl	10007a58 <usbd_defer_func>
100069c4:	bd10      	pop	{r4, pc}
100069c6:	46c0      	nop			; (mov r8, r8)
100069c8:	20002128 	.word	0x20002128
100069cc:	2000212c 	.word	0x2000212c

100069d0 <stdio_usb_init>:
100069d0:	23d0      	movs	r3, #208	; 0xd0
100069d2:	b510      	push	{r4, lr}
100069d4:	061b      	lsls	r3, r3, #24
100069d6:	b084      	sub	sp, #16
100069d8:	681c      	ldr	r4, [r3, #0]
100069da:	f7fb fb37 	bl	1000204c <alarm_pool_get_default>
100069de:	f7fb fbf5 	bl	100021cc <alarm_pool_core_num>
100069e2:	42a0      	cmp	r0, r4
100069e4:	d002      	beq.n	100069ec <stdio_usb_init+0x1c>
100069e6:	2000      	movs	r0, #0
100069e8:	b004      	add	sp, #16
100069ea:	bd10      	pop	{r4, pc}
100069ec:	4b26      	ldr	r3, [pc, #152]	; (10006a88 <stdio_usb_init+0xb8>)
100069ee:	781b      	ldrb	r3, [r3, #0]
100069f0:	f001 fc6c 	bl	100082cc <tusb_init>
100069f4:	4825      	ldr	r0, [pc, #148]	; (10006a8c <stdio_usb_init+0xbc>)
100069f6:	f7fb f92d 	bl	10001c54 <mutex_init>
100069fa:	2001      	movs	r0, #1
100069fc:	f7fb f90e 	bl	10001c1c <user_irq_claim_unused>
10006a00:	23ff      	movs	r3, #255	; 0xff
10006a02:	4c23      	ldr	r4, [pc, #140]	; (10006a90 <stdio_usb_init+0xc0>)
10006a04:	4923      	ldr	r1, [pc, #140]	; (10006a94 <stdio_usb_init+0xc4>)
10006a06:	7020      	strb	r0, [r4, #0]
10006a08:	4018      	ands	r0, r3
10006a0a:	f7fa fea5 	bl	10001758 <irq_set_exclusive_handler>
10006a0e:	7820      	ldrb	r0, [r4, #0]
10006a10:	2101      	movs	r1, #1
10006a12:	f7fa fe69 	bl	100016e8 <irq_set_enabled>
10006a16:	2005      	movs	r0, #5
10006a18:	f7fa fe80 	bl	1000171c <irq_has_shared_handler>
10006a1c:	2800      	cmp	r0, #0
10006a1e:	d122      	bne.n	10006a66 <stdio_usb_init+0x96>
10006a20:	f7fb fb14 	bl	1000204c <alarm_pool_get_default>
10006a24:	0004      	movs	r4, r0
10006a26:	f7fb fd35 	bl	10002494 <time_us_64>
10006a2a:	22fa      	movs	r2, #250	; 0xfa
10006a2c:	2300      	movs	r3, #0
10006a2e:	0092      	lsls	r2, r2, #2
10006a30:	1812      	adds	r2, r2, r0
10006a32:	414b      	adcs	r3, r1
10006a34:	2b00      	cmp	r3, #0
10006a36:	db22      	blt.n	10006a7e <stdio_usb_init+0xae>
10006a38:	2101      	movs	r1, #1
10006a3a:	9102      	str	r1, [sp, #8]
10006a3c:	2100      	movs	r1, #0
10006a3e:	9101      	str	r1, [sp, #4]
10006a40:	4915      	ldr	r1, [pc, #84]	; (10006a98 <stdio_usb_init+0xc8>)
10006a42:	0020      	movs	r0, r4
10006a44:	9100      	str	r1, [sp, #0]
10006a46:	f7fb fb05 	bl	10002054 <alarm_pool_add_alarm_at>
10006a4a:	2208      	movs	r2, #8
10006a4c:	0004      	movs	r4, r0
10006a4e:	2100      	movs	r1, #0
10006a50:	4812      	ldr	r0, [pc, #72]	; (10006a9c <stdio_usb_init+0xcc>)
10006a52:	f7ff fbc9 	bl	100061e8 <__wrap_memset>
10006a56:	2c00      	cmp	r4, #0
10006a58:	dbc5      	blt.n	100069e6 <stdio_usb_init+0x16>
10006a5a:	4811      	ldr	r0, [pc, #68]	; (10006aa0 <stdio_usb_init+0xd0>)
10006a5c:	2101      	movs	r1, #1
10006a5e:	f7ff fd4b 	bl	100064f8 <stdio_set_driver_enabled>
10006a62:	2001      	movs	r0, #1
10006a64:	e7c0      	b.n	100069e8 <stdio_usb_init+0x18>
10006a66:	2200      	movs	r2, #0
10006a68:	490e      	ldr	r1, [pc, #56]	; (10006aa4 <stdio_usb_init+0xd4>)
10006a6a:	2005      	movs	r0, #5
10006a6c:	f7fa fe9e 	bl	100017ac <irq_add_shared_handler>
10006a70:	f7fa fe1e 	bl	100016b0 <next_striped_spin_lock_num>
10006a74:	0001      	movs	r1, r0
10006a76:	4809      	ldr	r0, [pc, #36]	; (10006a9c <stdio_usb_init+0xcc>)
10006a78:	f7fb f918 	bl	10001cac <critical_section_init_with_lock_num>
10006a7c:	e7ed      	b.n	10006a5a <stdio_usb_init+0x8a>
10006a7e:	2201      	movs	r2, #1
10006a80:	4b09      	ldr	r3, [pc, #36]	; (10006aa8 <stdio_usb_init+0xd8>)
10006a82:	4252      	negs	r2, r2
10006a84:	e7d8      	b.n	10006a38 <stdio_usb_init+0x68>
10006a86:	46c0      	nop			; (mov r8, r8)
10006a88:	1000a28c 	.word	0x1000a28c
10006a8c:	20002640 	.word	0x20002640
10006a90:	20002672 	.word	0x20002672
10006a94:	10006909 	.word	0x10006909
10006a98:	10006725 	.word	0x10006725
10006a9c:	20002610 	.word	0x20002610
10006aa0:	20000fb0 	.word	0x20000fb0
10006aa4:	10006715 	.word	0x10006715
10006aa8:	7fffffff 	.word	0x7fffffff

10006aac <stdio_usb_connected>:
10006aac:	b510      	push	{r4, lr}
10006aae:	2000      	movs	r0, #0
10006ab0:	f001 f970 	bl	10007d94 <tud_cdc_n_connected>
10006ab4:	bd10      	pop	{r4, pc}
10006ab6:	46c0      	nop			; (mov r8, r8)

10006ab8 <tud_descriptor_device_cb>:
10006ab8:	4800      	ldr	r0, [pc, #0]	; (10006abc <tud_descriptor_device_cb+0x4>)
10006aba:	4770      	bx	lr
10006abc:	1000a118 	.word	0x1000a118

10006ac0 <tud_descriptor_configuration_cb>:
10006ac0:	4800      	ldr	r0, [pc, #0]	; (10006ac4 <tud_descriptor_configuration_cb+0x4>)
10006ac2:	4770      	bx	lr
10006ac4:	1000a0c4 	.word	0x1000a0c4

10006ac8 <tud_descriptor_string_cb>:
10006ac8:	b570      	push	{r4, r5, r6, lr}
10006aca:	0004      	movs	r4, r0
10006acc:	4817      	ldr	r0, [pc, #92]	; (10006b2c <tud_descriptor_string_cb+0x64>)
10006ace:	7803      	ldrb	r3, [r0, #0]
10006ad0:	2b00      	cmp	r3, #0
10006ad2:	d021      	beq.n	10006b18 <tud_descriptor_string_cb+0x50>
10006ad4:	2c00      	cmp	r4, #0
10006ad6:	d106      	bne.n	10006ae6 <tud_descriptor_string_cb+0x1e>
10006ad8:	24c1      	movs	r4, #193	; 0xc1
10006ada:	4815      	ldr	r0, [pc, #84]	; (10006b30 <tud_descriptor_string_cb+0x68>)
10006adc:	4b15      	ldr	r3, [pc, #84]	; (10006b34 <tud_descriptor_string_cb+0x6c>)
10006ade:	00a4      	lsls	r4, r4, #2
10006ae0:	8043      	strh	r3, [r0, #2]
10006ae2:	8004      	strh	r4, [r0, #0]
10006ae4:	bd70      	pop	{r4, r5, r6, pc}
10006ae6:	2c05      	cmp	r4, #5
10006ae8:	d81d      	bhi.n	10006b26 <tud_descriptor_string_cb+0x5e>
10006aea:	4b13      	ldr	r3, [pc, #76]	; (10006b38 <tud_descriptor_string_cb+0x70>)
10006aec:	4810      	ldr	r0, [pc, #64]	; (10006b30 <tud_descriptor_string_cb+0x68>)
10006aee:	00a4      	lsls	r4, r4, #2
10006af0:	58e5      	ldr	r5, [r4, r3]
10006af2:	1c81      	adds	r1, r0, #2
10006af4:	2300      	movs	r3, #0
10006af6:	e004      	b.n	10006b02 <tud_descriptor_string_cb+0x3a>
10006af8:	3301      	adds	r3, #1
10006afa:	800a      	strh	r2, [r1, #0]
10006afc:	3102      	adds	r1, #2
10006afe:	2b13      	cmp	r3, #19
10006b00:	d00e      	beq.n	10006b20 <tud_descriptor_string_cb+0x58>
10006b02:	5cea      	ldrb	r2, [r5, r3]
10006b04:	b2dc      	uxtb	r4, r3
10006b06:	2a00      	cmp	r2, #0
10006b08:	d1f6      	bne.n	10006af8 <tud_descriptor_string_cb+0x30>
10006b0a:	23c0      	movs	r3, #192	; 0xc0
10006b0c:	3401      	adds	r4, #1
10006b0e:	b2e4      	uxtb	r4, r4
10006b10:	0064      	lsls	r4, r4, #1
10006b12:	009b      	lsls	r3, r3, #2
10006b14:	431c      	orrs	r4, r3
10006b16:	e7e4      	b.n	10006ae2 <tud_descriptor_string_cb+0x1a>
10006b18:	2111      	movs	r1, #17
10006b1a:	f000 f817 	bl	10006b4c <pico_get_unique_board_id_string>
10006b1e:	e7d9      	b.n	10006ad4 <tud_descriptor_string_cb+0xc>
10006b20:	24ca      	movs	r4, #202	; 0xca
10006b22:	00a4      	lsls	r4, r4, #2
10006b24:	e7dd      	b.n	10006ae2 <tud_descriptor_string_cb+0x1a>
10006b26:	2000      	movs	r0, #0
10006b28:	e7dc      	b.n	10006ae4 <tud_descriptor_string_cb+0x1c>
10006b2a:	46c0      	nop			; (mov r8, r8)
10006b2c:	20002658 	.word	0x20002658
10006b30:	2000219c 	.word	0x2000219c
10006b34:	00000409 	.word	0x00000409
10006b38:	1000a12c 	.word	0x1000a12c

10006b3c <_retrieve_unique_id_on_boot>:
10006b3c:	b510      	push	{r4, lr}
10006b3e:	4802      	ldr	r0, [pc, #8]	; (10006b48 <_retrieve_unique_id_on_boot+0xc>)
10006b40:	f000 f8d8 	bl	10006cf4 <flash_get_unique_id>
10006b44:	bd10      	pop	{r4, pc}
10006b46:	46c0      	nop			; (mov r8, r8)
10006b48:	20002630 	.word	0x20002630

10006b4c <pico_get_unique_board_id_string>:
10006b4c:	b530      	push	{r4, r5, lr}
10006b4e:	1e4b      	subs	r3, r1, #1
10006b50:	2901      	cmp	r1, #1
10006b52:	d100      	bne.n	10006b56 <pico_get_unique_board_id_string+0xa>
10006b54:	e0a7      	b.n	10006ca6 <pico_get_unique_board_id_string+0x15a>
10006b56:	4a66      	ldr	r2, [pc, #408]	; (10006cf0 <pico_get_unique_board_id_string+0x1a4>)
10006b58:	7811      	ldrb	r1, [r2, #0]
10006b5a:	110d      	asrs	r5, r1, #4
10006b5c:	002c      	movs	r4, r5
10006b5e:	3430      	adds	r4, #48	; 0x30
10006b60:	299f      	cmp	r1, #159	; 0x9f
10006b62:	d900      	bls.n	10006b66 <pico_get_unique_board_id_string+0x1a>
10006b64:	e0a2      	b.n	10006cac <pico_get_unique_board_id_string+0x160>
10006b66:	7004      	strb	r4, [r0, #0]
10006b68:	2b01      	cmp	r3, #1
10006b6a:	d100      	bne.n	10006b6e <pico_get_unique_board_id_string+0x22>
10006b6c:	e0be      	b.n	10006cec <pico_get_unique_board_id_string+0x1a0>
10006b6e:	210f      	movs	r1, #15
10006b70:	7814      	ldrb	r4, [r2, #0]
10006b72:	4021      	ands	r1, r4
10006b74:	000c      	movs	r4, r1
10006b76:	3430      	adds	r4, #48	; 0x30
10006b78:	2909      	cmp	r1, #9
10006b7a:	dd00      	ble.n	10006b7e <pico_get_unique_board_id_string+0x32>
10006b7c:	e098      	b.n	10006cb0 <pico_get_unique_board_id_string+0x164>
10006b7e:	7044      	strb	r4, [r0, #1]
10006b80:	2b02      	cmp	r3, #2
10006b82:	d100      	bne.n	10006b86 <pico_get_unique_board_id_string+0x3a>
10006b84:	e0b2      	b.n	10006cec <pico_get_unique_board_id_string+0x1a0>
10006b86:	7854      	ldrb	r4, [r2, #1]
10006b88:	1125      	asrs	r5, r4, #4
10006b8a:	0029      	movs	r1, r5
10006b8c:	3130      	adds	r1, #48	; 0x30
10006b8e:	2c9f      	cmp	r4, #159	; 0x9f
10006b90:	d900      	bls.n	10006b94 <pico_get_unique_board_id_string+0x48>
10006b92:	e090      	b.n	10006cb6 <pico_get_unique_board_id_string+0x16a>
10006b94:	7081      	strb	r1, [r0, #2]
10006b96:	2b03      	cmp	r3, #3
10006b98:	d100      	bne.n	10006b9c <pico_get_unique_board_id_string+0x50>
10006b9a:	e0a7      	b.n	10006cec <pico_get_unique_board_id_string+0x1a0>
10006b9c:	210f      	movs	r1, #15
10006b9e:	4021      	ands	r1, r4
10006ba0:	000c      	movs	r4, r1
10006ba2:	3430      	adds	r4, #48	; 0x30
10006ba4:	2909      	cmp	r1, #9
10006ba6:	dd00      	ble.n	10006baa <pico_get_unique_board_id_string+0x5e>
10006ba8:	e087      	b.n	10006cba <pico_get_unique_board_id_string+0x16e>
10006baa:	70c4      	strb	r4, [r0, #3]
10006bac:	2b04      	cmp	r3, #4
10006bae:	d100      	bne.n	10006bb2 <pico_get_unique_board_id_string+0x66>
10006bb0:	e09c      	b.n	10006cec <pico_get_unique_board_id_string+0x1a0>
10006bb2:	7894      	ldrb	r4, [r2, #2]
10006bb4:	1125      	asrs	r5, r4, #4
10006bb6:	0029      	movs	r1, r5
10006bb8:	3130      	adds	r1, #48	; 0x30
10006bba:	2c9f      	cmp	r4, #159	; 0x9f
10006bbc:	d900      	bls.n	10006bc0 <pico_get_unique_board_id_string+0x74>
10006bbe:	e07f      	b.n	10006cc0 <pico_get_unique_board_id_string+0x174>
10006bc0:	7101      	strb	r1, [r0, #4]
10006bc2:	2b05      	cmp	r3, #5
10006bc4:	d100      	bne.n	10006bc8 <pico_get_unique_board_id_string+0x7c>
10006bc6:	e091      	b.n	10006cec <pico_get_unique_board_id_string+0x1a0>
10006bc8:	210f      	movs	r1, #15
10006bca:	4021      	ands	r1, r4
10006bcc:	000c      	movs	r4, r1
10006bce:	3430      	adds	r4, #48	; 0x30
10006bd0:	2909      	cmp	r1, #9
10006bd2:	dd00      	ble.n	10006bd6 <pico_get_unique_board_id_string+0x8a>
10006bd4:	e076      	b.n	10006cc4 <pico_get_unique_board_id_string+0x178>
10006bd6:	7144      	strb	r4, [r0, #5]
10006bd8:	2b06      	cmp	r3, #6
10006bda:	d100      	bne.n	10006bde <pico_get_unique_board_id_string+0x92>
10006bdc:	e086      	b.n	10006cec <pico_get_unique_board_id_string+0x1a0>
10006bde:	78d4      	ldrb	r4, [r2, #3]
10006be0:	1125      	asrs	r5, r4, #4
10006be2:	0029      	movs	r1, r5
10006be4:	3130      	adds	r1, #48	; 0x30
10006be6:	2c9f      	cmp	r4, #159	; 0x9f
10006be8:	d900      	bls.n	10006bec <pico_get_unique_board_id_string+0xa0>
10006bea:	e06e      	b.n	10006cca <pico_get_unique_board_id_string+0x17e>
10006bec:	7181      	strb	r1, [r0, #6]
10006bee:	2b07      	cmp	r3, #7
10006bf0:	d100      	bne.n	10006bf4 <pico_get_unique_board_id_string+0xa8>
10006bf2:	e07b      	b.n	10006cec <pico_get_unique_board_id_string+0x1a0>
10006bf4:	210f      	movs	r1, #15
10006bf6:	4021      	ands	r1, r4
10006bf8:	000c      	movs	r4, r1
10006bfa:	3430      	adds	r4, #48	; 0x30
10006bfc:	2909      	cmp	r1, #9
10006bfe:	dc66      	bgt.n	10006cce <pico_get_unique_board_id_string+0x182>
10006c00:	71c4      	strb	r4, [r0, #7]
10006c02:	2b08      	cmp	r3, #8
10006c04:	d100      	bne.n	10006c08 <pico_get_unique_board_id_string+0xbc>
10006c06:	e071      	b.n	10006cec <pico_get_unique_board_id_string+0x1a0>
10006c08:	7914      	ldrb	r4, [r2, #4]
10006c0a:	1125      	asrs	r5, r4, #4
10006c0c:	0029      	movs	r1, r5
10006c0e:	3130      	adds	r1, #48	; 0x30
10006c10:	2c9f      	cmp	r4, #159	; 0x9f
10006c12:	d85f      	bhi.n	10006cd4 <pico_get_unique_board_id_string+0x188>
10006c14:	7201      	strb	r1, [r0, #8]
10006c16:	2b09      	cmp	r3, #9
10006c18:	d068      	beq.n	10006cec <pico_get_unique_board_id_string+0x1a0>
10006c1a:	210f      	movs	r1, #15
10006c1c:	4021      	ands	r1, r4
10006c1e:	000c      	movs	r4, r1
10006c20:	3430      	adds	r4, #48	; 0x30
10006c22:	2909      	cmp	r1, #9
10006c24:	dc58      	bgt.n	10006cd8 <pico_get_unique_board_id_string+0x18c>
10006c26:	7244      	strb	r4, [r0, #9]
10006c28:	2b0a      	cmp	r3, #10
10006c2a:	d05f      	beq.n	10006cec <pico_get_unique_board_id_string+0x1a0>
10006c2c:	7954      	ldrb	r4, [r2, #5]
10006c2e:	1125      	asrs	r5, r4, #4
10006c30:	0029      	movs	r1, r5
10006c32:	3130      	adds	r1, #48	; 0x30
10006c34:	2c9f      	cmp	r4, #159	; 0x9f
10006c36:	d852      	bhi.n	10006cde <pico_get_unique_board_id_string+0x192>
10006c38:	7281      	strb	r1, [r0, #10]
10006c3a:	2b0b      	cmp	r3, #11
10006c3c:	d056      	beq.n	10006cec <pico_get_unique_board_id_string+0x1a0>
10006c3e:	210f      	movs	r1, #15
10006c40:	4021      	ands	r1, r4
10006c42:	000c      	movs	r4, r1
10006c44:	3430      	adds	r4, #48	; 0x30
10006c46:	2909      	cmp	r1, #9
10006c48:	dc4b      	bgt.n	10006ce2 <pico_get_unique_board_id_string+0x196>
10006c4a:	72c4      	strb	r4, [r0, #11]
10006c4c:	2b0c      	cmp	r3, #12
10006c4e:	d04d      	beq.n	10006cec <pico_get_unique_board_id_string+0x1a0>
10006c50:	7994      	ldrb	r4, [r2, #6]
10006c52:	1125      	asrs	r5, r4, #4
10006c54:	0029      	movs	r1, r5
10006c56:	3130      	adds	r1, #48	; 0x30
10006c58:	2c9f      	cmp	r4, #159	; 0x9f
10006c5a:	d900      	bls.n	10006c5e <pico_get_unique_board_id_string+0x112>
10006c5c:	3107      	adds	r1, #7
10006c5e:	7301      	strb	r1, [r0, #12]
10006c60:	2b0d      	cmp	r3, #13
10006c62:	d043      	beq.n	10006cec <pico_get_unique_board_id_string+0x1a0>
10006c64:	210f      	movs	r1, #15
10006c66:	4021      	ands	r1, r4
10006c68:	000c      	movs	r4, r1
10006c6a:	3430      	adds	r4, #48	; 0x30
10006c6c:	2909      	cmp	r1, #9
10006c6e:	dd01      	ble.n	10006c74 <pico_get_unique_board_id_string+0x128>
10006c70:	3137      	adds	r1, #55	; 0x37
10006c72:	000c      	movs	r4, r1
10006c74:	7344      	strb	r4, [r0, #13]
10006c76:	2b0e      	cmp	r3, #14
10006c78:	d038      	beq.n	10006cec <pico_get_unique_board_id_string+0x1a0>
10006c7a:	79d1      	ldrb	r1, [r2, #7]
10006c7c:	110c      	asrs	r4, r1, #4
10006c7e:	0022      	movs	r2, r4
10006c80:	3230      	adds	r2, #48	; 0x30
10006c82:	299f      	cmp	r1, #159	; 0x9f
10006c84:	d900      	bls.n	10006c88 <pico_get_unique_board_id_string+0x13c>
10006c86:	3207      	adds	r2, #7
10006c88:	7382      	strb	r2, [r0, #14]
10006c8a:	2b0f      	cmp	r3, #15
10006c8c:	d02e      	beq.n	10006cec <pico_get_unique_board_id_string+0x1a0>
10006c8e:	220f      	movs	r2, #15
10006c90:	400a      	ands	r2, r1
10006c92:	0011      	movs	r1, r2
10006c94:	3137      	adds	r1, #55	; 0x37
10006c96:	2a09      	cmp	r2, #9
10006c98:	dc01      	bgt.n	10006c9e <pico_get_unique_board_id_string+0x152>
10006c9a:	3230      	adds	r2, #48	; 0x30
10006c9c:	0011      	movs	r1, r2
10006c9e:	73c1      	strb	r1, [r0, #15]
10006ca0:	2b10      	cmp	r3, #16
10006ca2:	d023      	beq.n	10006cec <pico_get_unique_board_id_string+0x1a0>
10006ca4:	3010      	adds	r0, #16
10006ca6:	2300      	movs	r3, #0
10006ca8:	7003      	strb	r3, [r0, #0]
10006caa:	bd30      	pop	{r4, r5, pc}
10006cac:	3407      	adds	r4, #7
10006cae:	e75a      	b.n	10006b66 <pico_get_unique_board_id_string+0x1a>
10006cb0:	3137      	adds	r1, #55	; 0x37
10006cb2:	000c      	movs	r4, r1
10006cb4:	e763      	b.n	10006b7e <pico_get_unique_board_id_string+0x32>
10006cb6:	3107      	adds	r1, #7
10006cb8:	e76c      	b.n	10006b94 <pico_get_unique_board_id_string+0x48>
10006cba:	3137      	adds	r1, #55	; 0x37
10006cbc:	000c      	movs	r4, r1
10006cbe:	e774      	b.n	10006baa <pico_get_unique_board_id_string+0x5e>
10006cc0:	3107      	adds	r1, #7
10006cc2:	e77d      	b.n	10006bc0 <pico_get_unique_board_id_string+0x74>
10006cc4:	3137      	adds	r1, #55	; 0x37
10006cc6:	000c      	movs	r4, r1
10006cc8:	e785      	b.n	10006bd6 <pico_get_unique_board_id_string+0x8a>
10006cca:	3107      	adds	r1, #7
10006ccc:	e78e      	b.n	10006bec <pico_get_unique_board_id_string+0xa0>
10006cce:	3137      	adds	r1, #55	; 0x37
10006cd0:	000c      	movs	r4, r1
10006cd2:	e795      	b.n	10006c00 <pico_get_unique_board_id_string+0xb4>
10006cd4:	3107      	adds	r1, #7
10006cd6:	e79d      	b.n	10006c14 <pico_get_unique_board_id_string+0xc8>
10006cd8:	3137      	adds	r1, #55	; 0x37
10006cda:	000c      	movs	r4, r1
10006cdc:	e7a3      	b.n	10006c26 <pico_get_unique_board_id_string+0xda>
10006cde:	3107      	adds	r1, #7
10006ce0:	e7aa      	b.n	10006c38 <pico_get_unique_board_id_string+0xec>
10006ce2:	3137      	adds	r1, #55	; 0x37
10006ce4:	000c      	movs	r4, r1
10006ce6:	72c4      	strb	r4, [r0, #11]
10006ce8:	2b0c      	cmp	r3, #12
10006cea:	d1b1      	bne.n	10006c50 <pico_get_unique_board_id_string+0x104>
10006cec:	18c0      	adds	r0, r0, r3
10006cee:	e7da      	b.n	10006ca6 <pico_get_unique_board_id_string+0x15a>
10006cf0:	20002630 	.word	0x20002630

10006cf4 <flash_get_unique_id>:
10006cf4:	b530      	push	{r4, r5, lr}
10006cf6:	2500      	movs	r5, #0
10006cf8:	b089      	sub	sp, #36	; 0x24
10006cfa:	0004      	movs	r4, r0
10006cfc:	2209      	movs	r2, #9
10006cfe:	2100      	movs	r1, #0
10006d00:	a801      	add	r0, sp, #4
10006d02:	9500      	str	r5, [sp, #0]
10006d04:	f7ff fa70 	bl	100061e8 <__wrap_memset>
10006d08:	2209      	movs	r2, #9
10006d0a:	2100      	movs	r1, #0
10006d0c:	a805      	add	r0, sp, #20
10006d0e:	9504      	str	r5, [sp, #16]
10006d10:	f7ff fa6a 	bl	100061e8 <__wrap_memset>
10006d14:	234b      	movs	r3, #75	; 0x4b
10006d16:	466a      	mov	r2, sp
10006d18:	4668      	mov	r0, sp
10006d1a:	7013      	strb	r3, [r2, #0]
10006d1c:	a904      	add	r1, sp, #16
10006d1e:	220d      	movs	r2, #13
10006d20:	f002 fc46 	bl	100095b0 <__flash_do_cmd_veneer>
10006d24:	2115      	movs	r1, #21
10006d26:	2208      	movs	r2, #8
10006d28:	0020      	movs	r0, r4
10006d2a:	4469      	add	r1, sp
10006d2c:	f7ff fa62 	bl	100061f4 <__wrap___aeabi_memcpy>
10006d30:	b009      	add	sp, #36	; 0x24
10006d32:	bd30      	pop	{r4, r5, pc}

10006d34 <dcd_int_enable>:
10006d34:	b510      	push	{r4, lr}
10006d36:	2101      	movs	r1, #1
10006d38:	2005      	movs	r0, #5
10006d3a:	f7fa fcd5 	bl	100016e8 <irq_set_enabled>
10006d3e:	bd10      	pop	{r4, pc}

10006d40 <dcd_set_address>:
10006d40:	b510      	push	{r4, lr}
10006d42:	2200      	movs	r2, #0
10006d44:	2100      	movs	r1, #0
10006d46:	4802      	ldr	r0, [pc, #8]	; (10006d50 <dcd_set_address+0x10>)
10006d48:	f000 f95a 	bl	10007000 <hw_endpoint_xfer_start>
10006d4c:	bd10      	pop	{r4, pc}
10006d4e:	46c0      	nop			; (mov r8, r8)
10006d50:	20002208 	.word	0x20002208

10006d54 <dcd_connect>:
10006d54:	2280      	movs	r2, #128	; 0x80
10006d56:	4b02      	ldr	r3, [pc, #8]	; (10006d60 <dcd_connect+0xc>)
10006d58:	0252      	lsls	r2, r2, #9
10006d5a:	64da      	str	r2, [r3, #76]	; 0x4c
10006d5c:	4770      	bx	lr
10006d5e:	46c0      	nop			; (mov r8, r8)
10006d60:	50112000 	.word	0x50112000

10006d64 <dcd_init>:
10006d64:	b5f0      	push	{r4, r5, r6, r7, lr}
10006d66:	46c6      	mov	lr, r8
10006d68:	b500      	push	{lr}
10006d6a:	0006      	movs	r6, r0
10006d6c:	f000 f922 	bl	10006fb4 <rp2040_usb_init>
10006d70:	230c      	movs	r3, #12
10006d72:	4d1b      	ldr	r5, [pc, #108]	; (10006de0 <dcd_init+0x7c>)
10006d74:	22ff      	movs	r2, #255	; 0xff
10006d76:	67ab      	str	r3, [r5, #120]	; 0x78
10006d78:	2005      	movs	r0, #5
10006d7a:	491a      	ldr	r1, [pc, #104]	; (10006de4 <dcd_init+0x80>)
10006d7c:	f7fa fd16 	bl	100017ac <irq_add_shared_handler>
10006d80:	2340      	movs	r3, #64	; 0x40
10006d82:	4698      	mov	r8, r3
10006d84:	4c18      	ldr	r4, [pc, #96]	; (10006de8 <dcd_init+0x84>)
10006d86:	2240      	movs	r2, #64	; 0x40
10006d88:	2100      	movs	r1, #0
10006d8a:	0020      	movs	r0, r4
10006d8c:	f7ff fa2c 	bl	100061e8 <__wrap_memset>
10006d90:	4643      	mov	r3, r8
10006d92:	2701      	movs	r7, #1
10006d94:	8323      	strh	r3, [r4, #24]
10006d96:	2121      	movs	r1, #33	; 0x21
10006d98:	2300      	movs	r3, #0
10006d9a:	4a14      	ldr	r2, [pc, #80]	; (10006dec <dcd_init+0x88>)
10006d9c:	7067      	strb	r7, [r4, #1]
10006d9e:	60a2      	str	r2, [r4, #8]
10006da0:	6013      	str	r3, [r2, #0]
10006da2:	5463      	strb	r3, [r4, r1]
10006da4:	315f      	adds	r1, #95	; 0x5f
10006da6:	8461      	strh	r1, [r4, #34]	; 0x22
10006da8:	4641      	mov	r1, r8
10006daa:	8721      	strh	r1, [r4, #56]	; 0x38
10006dac:	3905      	subs	r1, #5
10006dae:	5463      	strb	r3, [r4, r1]
10006db0:	4a0f      	ldr	r2, [pc, #60]	; (10006df0 <dcd_init+0x8c>)
10006db2:	4910      	ldr	r1, [pc, #64]	; (10006df4 <dcd_init+0x90>)
10006db4:	6063      	str	r3, [r4, #4]
10006db6:	60e2      	str	r2, [r4, #12]
10006db8:	62a1      	str	r1, [r4, #40]	; 0x28
10006dba:	600b      	str	r3, [r1, #0]
10006dbc:	6263      	str	r3, [r4, #36]	; 0x24
10006dbe:	62e2      	str	r2, [r4, #44]	; 0x2c
10006dc0:	f002 fc56 	bl	10009670 <__reset_non_control_endpoints_veneer>
10006dc4:	2380      	movs	r3, #128	; 0x80
10006dc6:	059b      	lsls	r3, r3, #22
10006dc8:	642f      	str	r7, [r5, #64]	; 0x40
10006dca:	64eb      	str	r3, [r5, #76]	; 0x4c
10006dcc:	2390      	movs	r3, #144	; 0x90
10006dce:	4a0a      	ldr	r2, [pc, #40]	; (10006df8 <dcd_init+0x94>)
10006dd0:	0030      	movs	r0, r6
10006dd2:	50ea      	str	r2, [r5, r3]
10006dd4:	f7ff ffbe 	bl	10006d54 <dcd_connect>
10006dd8:	bc80      	pop	{r7}
10006dda:	46b8      	mov	r8, r7
10006ddc:	bdf0      	pop	{r4, r5, r6, r7, pc}
10006dde:	46c0      	nop			; (mov r8, r8)
10006de0:	50110000 	.word	0x50110000
10006de4:	200004f9 	.word	0x200004f9
10006de8:	200021e8 	.word	0x200021e8
10006dec:	50100084 	.word	0x50100084
10006df0:	50100100 	.word	0x50100100
10006df4:	50100080 	.word	0x50100080
10006df8:	0001d010 	.word	0x0001d010

10006dfc <dcd_edpt0_status_complete>:
10006dfc:	780b      	ldrb	r3, [r1, #0]
10006dfe:	065b      	lsls	r3, r3, #25
10006e00:	d102      	bne.n	10006e08 <dcd_edpt0_status_complete+0xc>
10006e02:	784b      	ldrb	r3, [r1, #1]
10006e04:	2b05      	cmp	r3, #5
10006e06:	d000      	beq.n	10006e0a <dcd_edpt0_status_complete+0xe>
10006e08:	4770      	bx	lr
10006e0a:	788a      	ldrb	r2, [r1, #2]
10006e0c:	4b01      	ldr	r3, [pc, #4]	; (10006e14 <dcd_edpt0_status_complete+0x18>)
10006e0e:	601a      	str	r2, [r3, #0]
10006e10:	e7fa      	b.n	10006e08 <dcd_edpt0_status_complete+0xc>
10006e12:	46c0      	nop			; (mov r8, r8)
10006e14:	50110000 	.word	0x50110000

10006e18 <dcd_edpt_open>:
10006e18:	b5f0      	push	{r4, r5, r6, r7, lr}
10006e1a:	46c6      	mov	lr, r8
10006e1c:	b500      	push	{lr}
10006e1e:	794b      	ldrb	r3, [r1, #5]
10006e20:	790c      	ldrb	r4, [r1, #4]
10006e22:	021b      	lsls	r3, r3, #8
10006e24:	7888      	ldrb	r0, [r1, #2]
10006e26:	4323      	orrs	r3, r4
10006e28:	78cc      	ldrb	r4, [r1, #3]
10006e2a:	217f      	movs	r1, #127	; 0x7f
10006e2c:	07a4      	lsls	r4, r4, #30
10006e2e:	4001      	ands	r1, r0
10006e30:	09c5      	lsrs	r5, r0, #7
10006e32:	0fa2      	lsrs	r2, r4, #30
10006e34:	004f      	lsls	r7, r1, #1
10006e36:	0014      	movs	r4, r2
10006e38:	4e32      	ldr	r6, [pc, #200]	; (10006f04 <dcd_edpt_open+0xec>)
10006e3a:	197a      	adds	r2, r7, r5
10006e3c:	0152      	lsls	r2, r2, #5
10006e3e:	18b2      	adds	r2, r6, r2
10006e40:	7090      	strb	r0, [r2, #2]
10006e42:	2001      	movs	r0, #1
10006e44:	4068      	eors	r0, r5
10006e46:	7050      	strb	r0, [r2, #1]
10006e48:	2000      	movs	r0, #0
10006e4a:	055b      	lsls	r3, r3, #21
10006e4c:	0d5b      	lsrs	r3, r3, #21
10006e4e:	70d0      	strb	r0, [r2, #3]
10006e50:	8313      	strh	r3, [r2, #24]
10006e52:	76d4      	strb	r4, [r2, #27]
10006e54:	4680      	mov	r8, r0
10006e56:	00ca      	lsls	r2, r1, #3
10006e58:	2d01      	cmp	r5, #1
10006e5a:	d033      	beq.n	10006ec4 <dcd_edpt_open+0xac>
10006e5c:	482a      	ldr	r0, [pc, #168]	; (10006f08 <dcd_edpt_open+0xf0>)
10006e5e:	4684      	mov	ip, r0
10006e60:	0188      	lsls	r0, r1, #6
10006e62:	4462      	add	r2, ip
10006e64:	4684      	mov	ip, r0
10006e66:	44b4      	add	ip, r6
10006e68:	4660      	mov	r0, ip
10006e6a:	6082      	str	r2, [r0, #8]
10006e6c:	4640      	mov	r0, r8
10006e6e:	6010      	str	r0, [r2, #0]
10006e70:	2900      	cmp	r1, #0
10006e72:	d033      	beq.n	10006edc <dcd_edpt_open+0xc4>
10006e74:	4a25      	ldr	r2, [pc, #148]	; (10006f0c <dcd_edpt_open+0xf4>)
10006e76:	00c9      	lsls	r1, r1, #3
10006e78:	4690      	mov	r8, r2
10006e7a:	4662      	mov	r2, ip
10006e7c:	4441      	add	r1, r8
10006e7e:	6051      	str	r1, [r2, #4]
10006e80:	223f      	movs	r2, #63	; 0x3f
10006e82:	333f      	adds	r3, #63	; 0x3f
10006e84:	4393      	bics	r3, r2
10006e86:	2c02      	cmp	r4, #2
10006e88:	d100      	bne.n	10006e8c <dcd_edpt_open+0x74>
10006e8a:	005b      	lsls	r3, r3, #1
10006e8c:	4820      	ldr	r0, [pc, #128]	; (10006f10 <dcd_edpt_open+0xf8>)
10006e8e:	197a      	adds	r2, r7, r5
10006e90:	6801      	ldr	r1, [r0, #0]
10006e92:	0152      	lsls	r2, r2, #5
10006e94:	18b2      	adds	r2, r6, r2
10006e96:	60d1      	str	r1, [r2, #12]
10006e98:	4a1e      	ldr	r2, [pc, #120]	; (10006f14 <dcd_edpt_open+0xfc>)
10006e9a:	18cb      	adds	r3, r1, r3
10006e9c:	6003      	str	r3, [r0, #0]
10006e9e:	4051      	eors	r1, r2
10006ea0:	4053      	eors	r3, r2
10006ea2:	2280      	movs	r2, #128	; 0x80
10006ea4:	4688      	mov	r8, r1
10006ea6:	0152      	lsls	r2, r2, #5
10006ea8:	4293      	cmp	r3, r2
10006eaa:	d828      	bhi.n	10006efe <dcd_edpt_open+0xe6>
10006eac:	4643      	mov	r3, r8
10006eae:	06a4      	lsls	r4, r4, #26
10006eb0:	431c      	orrs	r4, r3
10006eb2:	2380      	movs	r3, #128	; 0x80
10006eb4:	197f      	adds	r7, r7, r5
10006eb6:	017f      	lsls	r7, r7, #5
10006eb8:	061b      	lsls	r3, r3, #24
10006eba:	19f6      	adds	r6, r6, r7
10006ebc:	431c      	orrs	r4, r3
10006ebe:	6873      	ldr	r3, [r6, #4]
10006ec0:	601c      	str	r4, [r3, #0]
10006ec2:	e011      	b.n	10006ee8 <dcd_edpt_open+0xd0>
10006ec4:	4814      	ldr	r0, [pc, #80]	; (10006f18 <dcd_edpt_open+0x100>)
10006ec6:	4684      	mov	ip, r0
10006ec8:	0188      	lsls	r0, r1, #6
10006eca:	4462      	add	r2, ip
10006ecc:	4684      	mov	ip, r0
10006ece:	44b4      	add	ip, r6
10006ed0:	4660      	mov	r0, ip
10006ed2:	6282      	str	r2, [r0, #40]	; 0x28
10006ed4:	4640      	mov	r0, r8
10006ed6:	6010      	str	r0, [r2, #0]
10006ed8:	2900      	cmp	r1, #0
10006eda:	d109      	bne.n	10006ef0 <dcd_edpt_open+0xd8>
10006edc:	2300      	movs	r3, #0
10006ede:	016d      	lsls	r5, r5, #5
10006ee0:	1976      	adds	r6, r6, r5
10006ee2:	6073      	str	r3, [r6, #4]
10006ee4:	4b0d      	ldr	r3, [pc, #52]	; (10006f1c <dcd_edpt_open+0x104>)
10006ee6:	60f3      	str	r3, [r6, #12]
10006ee8:	2001      	movs	r0, #1
10006eea:	bc80      	pop	{r7}
10006eec:	46b8      	mov	r8, r7
10006eee:	bdf0      	pop	{r4, r5, r6, r7, pc}
10006ef0:	4a08      	ldr	r2, [pc, #32]	; (10006f14 <dcd_edpt_open+0xfc>)
10006ef2:	00c9      	lsls	r1, r1, #3
10006ef4:	4690      	mov	r8, r2
10006ef6:	4662      	mov	r2, ip
10006ef8:	4441      	add	r1, r8
10006efa:	6251      	str	r1, [r2, #36]	; 0x24
10006efc:	e7c0      	b.n	10006e80 <dcd_edpt_open+0x68>
10006efe:	f7fc f8e3 	bl	100030c8 <hard_assertion_failure>
10006f02:	e7d3      	b.n	10006eac <dcd_edpt_open+0x94>
10006f04:	200021e8 	.word	0x200021e8
10006f08:	50100084 	.word	0x50100084
10006f0c:	50100004 	.word	0x50100004
10006f10:	2000260c 	.word	0x2000260c
10006f14:	50100000 	.word	0x50100000
10006f18:	50100080 	.word	0x50100080
10006f1c:	50100100 	.word	0x50100100

10006f20 <dcd_edpt_close_all>:
10006f20:	b510      	push	{r4, lr}
10006f22:	f002 fba5 	bl	10009670 <__reset_non_control_endpoints_veneer>
10006f26:	bd10      	pop	{r4, pc}

10006f28 <dcd_edpt_xfer>:
10006f28:	b510      	push	{r4, lr}
10006f2a:	207f      	movs	r0, #127	; 0x7f
10006f2c:	000c      	movs	r4, r1
10006f2e:	4020      	ands	r0, r4
10006f30:	0040      	lsls	r0, r0, #1
10006f32:	09e4      	lsrs	r4, r4, #7
10006f34:	0011      	movs	r1, r2
10006f36:	1900      	adds	r0, r0, r4
10006f38:	001a      	movs	r2, r3
10006f3a:	4b03      	ldr	r3, [pc, #12]	; (10006f48 <dcd_edpt_xfer+0x20>)
10006f3c:	0140      	lsls	r0, r0, #5
10006f3e:	18c0      	adds	r0, r0, r3
10006f40:	f000 f85e 	bl	10007000 <hw_endpoint_xfer_start>
10006f44:	2001      	movs	r0, #1
10006f46:	bd10      	pop	{r4, pc}
10006f48:	200021e8 	.word	0x200021e8

10006f4c <dcd_edpt_stall>:
10006f4c:	227f      	movs	r2, #127	; 0x7f
10006f4e:	0013      	movs	r3, r2
10006f50:	b510      	push	{r4, lr}
10006f52:	400b      	ands	r3, r1
10006f54:	420a      	tst	r2, r1
10006f56:	d00b      	beq.n	10006f70 <dcd_edpt_stall+0x24>
10006f58:	09c9      	lsrs	r1, r1, #7
10006f5a:	2280      	movs	r2, #128	; 0x80
10006f5c:	0058      	lsls	r0, r3, #1
10006f5e:	1840      	adds	r0, r0, r1
10006f60:	4906      	ldr	r1, [pc, #24]	; (10006f7c <dcd_edpt_stall+0x30>)
10006f62:	0140      	lsls	r0, r0, #5
10006f64:	1840      	adds	r0, r0, r1
10006f66:	0112      	lsls	r2, r2, #4
10006f68:	2100      	movs	r1, #0
10006f6a:	f002 fb89 	bl	10009680 <___hw_endpoint_buffer_control_update32_veneer>
10006f6e:	bd10      	pop	{r4, pc}
10006f70:	2202      	movs	r2, #2
10006f72:	4803      	ldr	r0, [pc, #12]	; (10006f80 <dcd_edpt_stall+0x34>)
10006f74:	09c9      	lsrs	r1, r1, #7
10006f76:	1a52      	subs	r2, r2, r1
10006f78:	6682      	str	r2, [r0, #104]	; 0x68
10006f7a:	e7ee      	b.n	10006f5a <dcd_edpt_stall+0xe>
10006f7c:	200021e8 	.word	0x200021e8
10006f80:	50112000 	.word	0x50112000

10006f84 <dcd_edpt_clear_stall>:
10006f84:	227f      	movs	r2, #127	; 0x7f
10006f86:	0010      	movs	r0, r2
10006f88:	b510      	push	{r4, lr}
10006f8a:	4008      	ands	r0, r1
10006f8c:	420a      	tst	r2, r1
10006f8e:	d100      	bne.n	10006f92 <dcd_edpt_clear_stall+0xe>
10006f90:	bd10      	pop	{r4, pc}
10006f92:	2300      	movs	r3, #0
10006f94:	09c9      	lsrs	r1, r1, #7
10006f96:	0040      	lsls	r0, r0, #1
10006f98:	1840      	adds	r0, r0, r1
10006f9a:	4904      	ldr	r1, [pc, #16]	; (10006fac <dcd_edpt_clear_stall+0x28>)
10006f9c:	0140      	lsls	r0, r0, #5
10006f9e:	1808      	adds	r0, r1, r0
10006fa0:	2200      	movs	r2, #0
10006fa2:	4903      	ldr	r1, [pc, #12]	; (10006fb0 <dcd_edpt_clear_stall+0x2c>)
10006fa4:	70c3      	strb	r3, [r0, #3]
10006fa6:	f002 fb6b 	bl	10009680 <___hw_endpoint_buffer_control_update32_veneer>
10006faa:	e7f1      	b.n	10006f90 <dcd_edpt_clear_stall+0xc>
10006fac:	200021e8 	.word	0x200021e8
10006fb0:	fffff7ff 	.word	0xfffff7ff

10006fb4 <rp2040_usb_init>:
10006fb4:	2280      	movs	r2, #128	; 0x80
10006fb6:	4b0d      	ldr	r3, [pc, #52]	; (10006fec <rp2040_usb_init+0x38>)
10006fb8:	0452      	lsls	r2, r2, #17
10006fba:	b510      	push	{r4, lr}
10006fbc:	601a      	str	r2, [r3, #0]
10006fbe:	4b0c      	ldr	r3, [pc, #48]	; (10006ff0 <rp2040_usb_init+0x3c>)
10006fc0:	490c      	ldr	r1, [pc, #48]	; (10006ff4 <rp2040_usb_init+0x40>)
10006fc2:	601a      	str	r2, [r3, #0]
10006fc4:	0010      	movs	r0, r2
10006fc6:	688b      	ldr	r3, [r1, #8]
10006fc8:	4398      	bics	r0, r3
10006fca:	d1fb      	bne.n	10006fc4 <rp2040_usb_init+0x10>
10006fcc:	4c0a      	ldr	r4, [pc, #40]	; (10006ff8 <rp2040_usb_init+0x44>)
10006fce:	229c      	movs	r2, #156	; 0x9c
10006fd0:	2100      	movs	r1, #0
10006fd2:	0020      	movs	r0, r4
10006fd4:	f7ff f908 	bl	100061e8 <__wrap_memset>
10006fd8:	2280      	movs	r2, #128	; 0x80
10006fda:	2100      	movs	r1, #0
10006fdc:	0152      	lsls	r2, r2, #5
10006fde:	4807      	ldr	r0, [pc, #28]	; (10006ffc <rp2040_usb_init+0x48>)
10006fe0:	f7ff f902 	bl	100061e8 <__wrap_memset>
10006fe4:	2309      	movs	r3, #9
10006fe6:	6763      	str	r3, [r4, #116]	; 0x74
10006fe8:	bd10      	pop	{r4, pc}
10006fea:	46c0      	nop			; (mov r8, r8)
10006fec:	4000e000 	.word	0x4000e000
10006ff0:	4000f000 	.word	0x4000f000
10006ff4:	4000c000 	.word	0x4000c000
10006ff8:	50110000 	.word	0x50110000
10006ffc:	50100000 	.word	0x50100000

10007000 <hw_endpoint_xfer_start>:
10007000:	b570      	push	{r4, r5, r6, lr}
10007002:	7e83      	ldrb	r3, [r0, #26]
10007004:	0004      	movs	r4, r0
10007006:	000d      	movs	r5, r1
10007008:	0016      	movs	r6, r2
1000700a:	2b00      	cmp	r3, #0
1000700c:	d117      	bne.n	1000703e <hw_endpoint_xfer_start+0x3e>
1000700e:	2300      	movs	r3, #0
10007010:	82e3      	strh	r3, [r4, #22]
10007012:	3301      	adds	r3, #1
10007014:	0020      	movs	r0, r4
10007016:	82a6      	strh	r6, [r4, #20]
10007018:	76a3      	strb	r3, [r4, #26]
1000701a:	6125      	str	r5, [r4, #16]
1000701c:	f002 fb00 	bl	10009620 <__e15_is_bulkin_ep_veneer>
10007020:	2800      	cmp	r0, #0
10007022:	d004      	beq.n	1000702e <hw_endpoint_xfer_start+0x2e>
10007024:	2180      	movs	r1, #128	; 0x80
10007026:	2390      	movs	r3, #144	; 0x90
10007028:	4a08      	ldr	r2, [pc, #32]	; (1000704c <hw_endpoint_xfer_start+0x4c>)
1000702a:	0289      	lsls	r1, r1, #10
1000702c:	50d1      	str	r1, [r2, r3]
1000702e:	0020      	movs	r0, r4
10007030:	f002 fab6 	bl	100095a0 <__e15_is_critical_frame_period_veneer>
10007034:	2800      	cmp	r0, #0
10007036:	d005      	beq.n	10007044 <hw_endpoint_xfer_start+0x44>
10007038:	2301      	movs	r3, #1
1000703a:	7723      	strb	r3, [r4, #28]
1000703c:	bd70      	pop	{r4, r5, r6, pc}
1000703e:	f002 fb0f 	bl	10009660 <__hw_endpoint_reset_transfer_veneer>
10007042:	e7e4      	b.n	1000700e <hw_endpoint_xfer_start+0xe>
10007044:	0020      	movs	r0, r4
10007046:	f002 fb03 	bl	10009650 <__hw_endpoint_start_next_buffer_veneer>
1000704a:	e7f7      	b.n	1000703c <hw_endpoint_xfer_start+0x3c>
1000704c:	50112000 	.word	0x50112000

10007050 <tud_mounted>:
10007050:	4b02      	ldr	r3, [pc, #8]	; (1000705c <tud_mounted+0xc>)
10007052:	7858      	ldrb	r0, [r3, #1]
10007054:	1e43      	subs	r3, r0, #1
10007056:	4198      	sbcs	r0, r3
10007058:	b2c0      	uxtb	r0, r0
1000705a:	4770      	bx	lr
1000705c:	20001ed4 	.word	0x20001ed4

10007060 <tud_suspended>:
10007060:	4b02      	ldr	r3, [pc, #8]	; (1000706c <tud_suspended+0xc>)
10007062:	7818      	ldrb	r0, [r3, #0]
10007064:	0740      	lsls	r0, r0, #29
10007066:	0fc0      	lsrs	r0, r0, #31
10007068:	4770      	bx	lr
1000706a:	46c0      	nop			; (mov r8, r8)
1000706c:	20001ed4 	.word	0x20001ed4

10007070 <tud_inited>:
10007070:	4b03      	ldr	r3, [pc, #12]	; (10007080 <tud_inited+0x10>)
10007072:	7818      	ldrb	r0, [r3, #0]
10007074:	38ff      	subs	r0, #255	; 0xff
10007076:	1e43      	subs	r3, r0, #1
10007078:	4198      	sbcs	r0, r3
1000707a:	b2c0      	uxtb	r0, r0
1000707c:	4770      	bx	lr
1000707e:	46c0      	nop			; (mov r8, r8)
10007080:	20000fec 	.word	0x20000fec

10007084 <tud_init>:
10007084:	b5f8      	push	{r3, r4, r5, r6, r7, lr}
10007086:	46ce      	mov	lr, r9
10007088:	4647      	mov	r7, r8
1000708a:	b580      	push	{r7, lr}
1000708c:	4e2c      	ldr	r6, [pc, #176]	; (10007140 <tud_init+0xbc>)
1000708e:	0005      	movs	r5, r0
10007090:	7833      	ldrb	r3, [r6, #0]
10007092:	2001      	movs	r0, #1
10007094:	2bff      	cmp	r3, #255	; 0xff
10007096:	d003      	beq.n	100070a0 <tud_init+0x1c>
10007098:	bcc0      	pop	{r6, r7}
1000709a:	46b9      	mov	r9, r7
1000709c:	46b0      	mov	r8, r6
1000709e:	bdf8      	pop	{r3, r4, r5, r6, r7, pc}
100070a0:	2253      	movs	r2, #83	; 0x53
100070a2:	2100      	movs	r1, #0
100070a4:	4827      	ldr	r0, [pc, #156]	; (10007144 <tud_init+0xc0>)
100070a6:	f7ff f89f 	bl	100061e8 <__wrap_memset>
100070aa:	4c27      	ldr	r4, [pc, #156]	; (10007148 <tud_init+0xc4>)
100070ac:	0020      	movs	r0, r4
100070ae:	f7fa fdd1 	bl	10001c54 <mutex_init>
100070b2:	4b26      	ldr	r3, [pc, #152]	; (1000714c <tud_init+0xc8>)
100070b4:	601c      	str	r4, [r3, #0]
100070b6:	4c26      	ldr	r4, [pc, #152]	; (10007150 <tud_init+0xcc>)
100070b8:	0020      	movs	r0, r4
100070ba:	3014      	adds	r0, #20
100070bc:	f7fa fde6 	bl	10001c8c <critical_section_init>
100070c0:	0020      	movs	r0, r4
100070c2:	f001 fbd1 	bl	10008868 <tu_fifo_clear>
100070c6:	4b23      	ldr	r3, [pc, #140]	; (10007154 <tud_init+0xd0>)
100070c8:	4f23      	ldr	r7, [pc, #140]	; (10007158 <tud_init+0xd4>)
100070ca:	601c      	str	r4, [r3, #0]
100070cc:	4b23      	ldr	r3, [pc, #140]	; (1000715c <tud_init+0xd8>)
100070ce:	4698      	mov	r8, r3
100070d0:	2b00      	cmp	r3, #0
100070d2:	d004      	beq.n	100070de <tud_init+0x5a>
100070d4:	0038      	movs	r0, r7
100070d6:	f7ff faf3 	bl	100066c0 <usbd_app_driver_get_cb>
100070da:	4b21      	ldr	r3, [pc, #132]	; (10007160 <tud_init+0xdc>)
100070dc:	6018      	str	r0, [r3, #0]
100070de:	4642      	mov	r2, r8
100070e0:	2400      	movs	r4, #0
100070e2:	783b      	ldrb	r3, [r7, #0]
100070e4:	2a00      	cmp	r2, #0
100070e6:	d023      	beq.n	10007130 <tud_init+0xac>
100070e8:	4a1e      	ldr	r2, [pc, #120]	; (10007164 <tud_init+0xe0>)
100070ea:	4690      	mov	r8, r2
100070ec:	4a1c      	ldr	r2, [pc, #112]	; (10007160 <tud_init+0xdc>)
100070ee:	4691      	mov	r9, r2
100070f0:	42a3      	cmp	r3, r4
100070f2:	d812      	bhi.n	1000711a <tud_init+0x96>
100070f4:	d10f      	bne.n	10007116 <tud_init+0x92>
100070f6:	4643      	mov	r3, r8
100070f8:	4798      	blx	r3
100070fa:	3401      	adds	r4, #1
100070fc:	783b      	ldrb	r3, [r7, #0]
100070fe:	b2e4      	uxtb	r4, r4
10007100:	42a3      	cmp	r3, r4
10007102:	d2f5      	bcs.n	100070f0 <tud_init+0x6c>
10007104:	0028      	movs	r0, r5
10007106:	7035      	strb	r5, [r6, #0]
10007108:	f7ff fe2c 	bl	10006d64 <dcd_init>
1000710c:	0028      	movs	r0, r5
1000710e:	f7ff fe11 	bl	10006d34 <dcd_int_enable>
10007112:	2001      	movs	r0, #1
10007114:	e7c0      	b.n	10007098 <tud_init+0x14>
10007116:	2000      	movs	r0, #0
10007118:	e7be      	b.n	10007098 <tud_init+0x14>
1000711a:	464a      	mov	r2, r9
1000711c:	6812      	ldr	r2, [r2, #0]
1000711e:	0063      	lsls	r3, r4, #1
10007120:	4694      	mov	ip, r2
10007122:	191b      	adds	r3, r3, r4
10007124:	00db      	lsls	r3, r3, #3
10007126:	4463      	add	r3, ip
10007128:	2b00      	cmp	r3, #0
1000712a:	d0f4      	beq.n	10007116 <tud_init+0x92>
1000712c:	681b      	ldr	r3, [r3, #0]
1000712e:	e7e3      	b.n	100070f8 <tud_init+0x74>
10007130:	f000 feee 	bl	10007f10 <cdcd_init>
10007134:	783b      	ldrb	r3, [r7, #0]
10007136:	2000      	movs	r0, #0
10007138:	2b00      	cmp	r3, #0
1000713a:	d1ad      	bne.n	10007098 <tud_init+0x14>
1000713c:	e7e2      	b.n	10007104 <tud_init+0x80>
1000713e:	46c0      	nop			; (mov r8, r8)
10007140:	20000fec 	.word	0x20000fec
10007144:	20001ed4 	.word	0x20001ed4
10007148:	20001e8c 	.word	0x20001e8c
1000714c:	20001f28 	.word	0x20001f28
10007150:	20000fd0 	.word	0x20000fd0
10007154:	20001f2c 	.word	0x20001f2c
10007158:	2000266c 	.word	0x2000266c
1000715c:	100066c1 	.word	0x100066c1
10007160:	20001bac 	.word	0x20001bac
10007164:	10007f11 	.word	0x10007f11

10007168 <tud_task_ext>:
10007168:	b5f0      	push	{r4, r5, r6, r7, lr}
1000716a:	46de      	mov	lr, fp
1000716c:	4657      	mov	r7, sl
1000716e:	464e      	mov	r6, r9
10007170:	4645      	mov	r5, r8
10007172:	b5e0      	push	{r5, r6, r7, lr}
10007174:	b08b      	sub	sp, #44	; 0x2c
10007176:	f001 f8af 	bl	100082d8 <tusb_inited>
1000717a:	2800      	cmp	r0, #0
1000717c:	d100      	bne.n	10007180 <tud_task_ext+0x18>
1000717e:	e10f      	b.n	100073a0 <tud_task_ext+0x238>
10007180:	4bc7      	ldr	r3, [pc, #796]	; (100074a0 <tud_task_ext+0x338>)
10007182:	4dc8      	ldr	r5, [pc, #800]	; (100074a4 <tud_task_ext+0x33c>)
10007184:	4699      	mov	r9, r3
10007186:	4bc8      	ldr	r3, [pc, #800]	; (100074a8 <tud_task_ext+0x340>)
10007188:	ac07      	add	r4, sp, #28
1000718a:	469b      	mov	fp, r3
1000718c:	682e      	ldr	r6, [r5, #0]
1000718e:	6972      	ldr	r2, [r6, #20]
10007190:	f3ef 8110 	mrs	r1, PRIMASK
10007194:	b672      	cpsid	i
10007196:	6813      	ldr	r3, [r2, #0]
10007198:	2b00      	cmp	r3, #0
1000719a:	d0fc      	beq.n	10007196 <tud_task_ext+0x2e>
1000719c:	f3bf 8f5f 	dmb	sy
100071a0:	61b1      	str	r1, [r6, #24]
100071a2:	0030      	movs	r0, r6
100071a4:	0021      	movs	r1, r4
100071a6:	f001 f9a1 	bl	100084ec <tu_fifo_read>
100071aa:	6972      	ldr	r2, [r6, #20]
100071ac:	69b3      	ldr	r3, [r6, #24]
100071ae:	f3bf 8f5f 	dmb	sy
100071b2:	2100      	movs	r1, #0
100071b4:	6011      	str	r1, [r2, #0]
100071b6:	f383 8810 	msr	PRIMASK, r3
100071ba:	2800      	cmp	r0, #0
100071bc:	d100      	bne.n	100071c0 <tud_task_ext+0x58>
100071be:	e0ef      	b.n	100073a0 <tud_task_ext+0x238>
100071c0:	7863      	ldrb	r3, [r4, #1]
100071c2:	2b08      	cmp	r3, #8
100071c4:	d8e2      	bhi.n	1000718c <tud_task_ext+0x24>
100071c6:	464a      	mov	r2, r9
100071c8:	009b      	lsls	r3, r3, #2
100071ca:	58d3      	ldr	r3, [r2, r3]
100071cc:	469f      	mov	pc, r3
100071ce:	6863      	ldr	r3, [r4, #4]
100071d0:	2b00      	cmp	r3, #0
100071d2:	d0db      	beq.n	1000718c <tud_task_ext+0x24>
100071d4:	68a0      	ldr	r0, [r4, #8]
100071d6:	4798      	blx	r3
100071d8:	e7d8      	b.n	1000718c <tud_task_ext+0x24>
100071da:	227f      	movs	r2, #127	; 0x7f
100071dc:	7921      	ldrb	r1, [r4, #4]
100071de:	4eb2      	ldr	r6, [pc, #712]	; (100074a8 <tud_task_ext+0x340>)
100071e0:	400a      	ands	r2, r1
100071e2:	0050      	lsls	r0, r2, #1
100071e4:	09cb      	lsrs	r3, r1, #7
100071e6:	1836      	adds	r6, r6, r0
100071e8:	18f6      	adds	r6, r6, r3
100071ea:	0030      	movs	r0, r6
100071ec:	2701      	movs	r7, #1
100071ee:	3030      	adds	r0, #48	; 0x30
100071f0:	78c3      	ldrb	r3, [r0, #3]
100071f2:	43bb      	bics	r3, r7
100071f4:	70c3      	strb	r3, [r0, #3]
100071f6:	78c3      	ldrb	r3, [r0, #3]
100071f8:	3703      	adds	r7, #3
100071fa:	43bb      	bics	r3, r7
100071fc:	70c3      	strb	r3, [r0, #3]
100071fe:	2a00      	cmp	r2, #0
10007200:	d100      	bne.n	10007204 <tud_task_ext+0x9c>
10007202:	e0f2      	b.n	100073ea <tud_task_ext+0x282>
10007204:	4aa9      	ldr	r2, [pc, #676]	; (100074ac <tud_task_ext+0x344>)
10007206:	7cf3      	ldrb	r3, [r6, #19]
10007208:	2a00      	cmp	r2, #0
1000720a:	d006      	beq.n	1000721a <tud_task_ext+0xb2>
1000720c:	4aa8      	ldr	r2, [pc, #672]	; (100074b0 <tud_task_ext+0x348>)
1000720e:	7812      	ldrb	r2, [r2, #0]
10007210:	4293      	cmp	r3, r2
10007212:	d200      	bcs.n	10007216 <tud_task_ext+0xae>
10007214:	e160      	b.n	100074d8 <tud_task_ext+0x370>
10007216:	1a9b      	subs	r3, r3, r2
10007218:	b2db      	uxtb	r3, r3
1000721a:	2b00      	cmp	r3, #0
1000721c:	d000      	beq.n	10007220 <tud_task_ext+0xb8>
1000721e:	e0bf      	b.n	100073a0 <tud_task_ext+0x238>
10007220:	4ea4      	ldr	r6, [pc, #656]	; (100074b4 <tud_task_ext+0x34c>)
10007222:	7962      	ldrb	r2, [r4, #5]
10007224:	7820      	ldrb	r0, [r4, #0]
10007226:	68a3      	ldr	r3, [r4, #8]
10007228:	47b0      	blx	r6
1000722a:	e7af      	b.n	1000718c <tud_task_ext+0x24>
1000722c:	465b      	mov	r3, fp
1000722e:	2201      	movs	r2, #1
10007230:	781b      	ldrb	r3, [r3, #0]
10007232:	2101      	movs	r1, #1
10007234:	4313      	orrs	r3, r2
10007236:	465a      	mov	r2, fp
10007238:	7013      	strb	r3, [r2, #0]
1000723a:	2333      	movs	r3, #51	; 0x33
1000723c:	4658      	mov	r0, fp
1000723e:	5cd2      	ldrb	r2, [r2, r3]
10007240:	465e      	mov	r6, fp
10007242:	438a      	bics	r2, r1
10007244:	54c2      	strb	r2, [r0, r3]
10007246:	5cc2      	ldrb	r2, [r0, r3]
10007248:	2004      	movs	r0, #4
1000724a:	4382      	bics	r2, r0
1000724c:	54f2      	strb	r2, [r6, r3]
1000724e:	3301      	adds	r3, #1
10007250:	5cf2      	ldrb	r2, [r6, r3]
10007252:	438a      	bics	r2, r1
10007254:	54f2      	strb	r2, [r6, r3]
10007256:	5cf2      	ldrb	r2, [r6, r3]
10007258:	4382      	bics	r2, r0
1000725a:	54f2      	strb	r2, [r6, r3]
1000725c:	7823      	ldrb	r3, [r4, #0]
1000725e:	2000      	movs	r0, #0
10007260:	469a      	mov	sl, r3
10007262:	f000 fd05 	bl	10007c70 <usbd_control_set_complete_callback>
10007266:	2260      	movs	r2, #96	; 0x60
10007268:	7923      	ldrb	r3, [r4, #4]
1000726a:	401a      	ands	r2, r3
1000726c:	2a60      	cmp	r2, #96	; 0x60
1000726e:	d00d      	beq.n	1000728c <tud_task_ext+0x124>
10007270:	2a40      	cmp	r2, #64	; 0x40
10007272:	d100      	bne.n	10007276 <tud_task_ext+0x10e>
10007274:	e0bf      	b.n	100073f6 <tud_task_ext+0x28e>
10007276:	06db      	lsls	r3, r3, #27
10007278:	0edb      	lsrs	r3, r3, #27
1000727a:	2b01      	cmp	r3, #1
1000727c:	d100      	bne.n	10007280 <tud_task_ext+0x118>
1000727e:	e136      	b.n	100074ee <tud_task_ext+0x386>
10007280:	2b02      	cmp	r3, #2
10007282:	d100      	bne.n	10007286 <tud_task_ext+0x11e>
10007284:	e0d4      	b.n	10007430 <tud_task_ext+0x2c8>
10007286:	2b00      	cmp	r3, #0
10007288:	d100      	bne.n	1000728c <tud_task_ext+0x124>
1000728a:	e0c3      	b.n	10007414 <tud_task_ext+0x2ac>
1000728c:	7820      	ldrb	r0, [r4, #0]
1000728e:	2100      	movs	r1, #0
10007290:	f7ff fe5c 	bl	10006f4c <dcd_edpt_stall>
10007294:	2180      	movs	r1, #128	; 0x80
10007296:	7820      	ldrb	r0, [r4, #0]
10007298:	f7ff fe58 	bl	10006f4c <dcd_edpt_stall>
1000729c:	e776      	b.n	1000718c <tud_task_ext+0x24>
1000729e:	4e82      	ldr	r6, [pc, #520]	; (100074a8 <tud_task_ext+0x340>)
100072a0:	7833      	ldrb	r3, [r6, #0]
100072a2:	07db      	lsls	r3, r3, #31
100072a4:	d400      	bmi.n	100072a8 <tud_task_ext+0x140>
100072a6:	e771      	b.n	1000718c <tud_task_ext+0x24>
100072a8:	4b83      	ldr	r3, [pc, #524]	; (100074b8 <tud_task_ext+0x350>)
100072aa:	2b00      	cmp	r3, #0
100072ac:	d100      	bne.n	100072b0 <tud_task_ext+0x148>
100072ae:	e76d      	b.n	1000718c <tud_task_ext+0x24>
100072b0:	e000      	b.n	100072b4 <tud_task_ext+0x14c>
100072b2:	bf00      	nop
100072b4:	e76a      	b.n	1000718c <tud_task_ext+0x24>
100072b6:	4e7c      	ldr	r6, [pc, #496]	; (100074a8 <tud_task_ext+0x340>)
100072b8:	7833      	ldrb	r3, [r6, #0]
100072ba:	07db      	lsls	r3, r3, #31
100072bc:	d400      	bmi.n	100072c0 <tud_task_ext+0x158>
100072be:	e765      	b.n	1000718c <tud_task_ext+0x24>
100072c0:	4b7e      	ldr	r3, [pc, #504]	; (100074bc <tud_task_ext+0x354>)
100072c2:	2b00      	cmp	r3, #0
100072c4:	d100      	bne.n	100072c8 <tud_task_ext+0x160>
100072c6:	e761      	b.n	1000718c <tud_task_ext+0x24>
100072c8:	7830      	ldrb	r0, [r6, #0]
100072ca:	0700      	lsls	r0, r0, #28
100072cc:	0fc0      	lsrs	r0, r0, #31
100072ce:	e000      	b.n	100072d2 <tud_task_ext+0x16a>
100072d0:	bf00      	nop
100072d2:	e75b      	b.n	1000718c <tud_task_ext+0x24>
100072d4:	4b76      	ldr	r3, [pc, #472]	; (100074b0 <tud_task_ext+0x348>)
100072d6:	4a75      	ldr	r2, [pc, #468]	; (100074ac <tud_task_ext+0x344>)
100072d8:	4698      	mov	r8, r3
100072da:	2600      	movs	r6, #0
100072dc:	7827      	ldrb	r7, [r4, #0]
100072de:	781b      	ldrb	r3, [r3, #0]
100072e0:	2a00      	cmp	r2, #0
100072e2:	d100      	bne.n	100072e6 <tud_task_ext+0x17e>
100072e4:	e079      	b.n	100073da <tud_task_ext+0x272>
100072e6:	4a76      	ldr	r2, [pc, #472]	; (100074c0 <tud_task_ext+0x358>)
100072e8:	4692      	mov	sl, r2
100072ea:	429e      	cmp	r6, r3
100072ec:	d35f      	bcc.n	100073ae <tud_task_ext+0x246>
100072ee:	d119      	bne.n	10007324 <tud_task_ext+0x1bc>
100072f0:	4b74      	ldr	r3, [pc, #464]	; (100074c4 <tud_task_ext+0x35c>)
100072f2:	0038      	movs	r0, r7
100072f4:	4798      	blx	r3
100072f6:	4643      	mov	r3, r8
100072f8:	3601      	adds	r6, #1
100072fa:	781b      	ldrb	r3, [r3, #0]
100072fc:	b2f6      	uxtb	r6, r6
100072fe:	42b3      	cmp	r3, r6
10007300:	d2f3      	bcs.n	100072ea <tud_task_ext+0x182>
10007302:	4e69      	ldr	r6, [pc, #420]	; (100074a8 <tud_task_ext+0x340>)
10007304:	2253      	movs	r2, #83	; 0x53
10007306:	2100      	movs	r1, #0
10007308:	0030      	movs	r0, r6
1000730a:	f7fe ff6d 	bl	100061e8 <__wrap_memset>
1000730e:	2210      	movs	r2, #16
10007310:	21ff      	movs	r1, #255	; 0xff
10007312:	1cf0      	adds	r0, r6, #3
10007314:	f7fe ff68 	bl	100061e8 <__wrap_memset>
10007318:	0030      	movs	r0, r6
1000731a:	2220      	movs	r2, #32
1000731c:	21ff      	movs	r1, #255	; 0xff
1000731e:	3013      	adds	r0, #19
10007320:	f7fe ff62 	bl	100061e8 <__wrap_memset>
10007324:	f000 fc9a 	bl	10007c5c <usbd_control_reset>
10007328:	4b67      	ldr	r3, [pc, #412]	; (100074c8 <tud_task_ext+0x360>)
1000732a:	2b00      	cmp	r3, #0
1000732c:	d100      	bne.n	10007330 <tud_task_ext+0x1c8>
1000732e:	e72d      	b.n	1000718c <tud_task_ext+0x24>
10007330:	e000      	b.n	10007334 <tud_task_ext+0x1cc>
10007332:	bf00      	nop
10007334:	e72a      	b.n	1000718c <tud_task_ext+0x24>
10007336:	4b5e      	ldr	r3, [pc, #376]	; (100074b0 <tud_task_ext+0x348>)
10007338:	4a5c      	ldr	r2, [pc, #368]	; (100074ac <tud_task_ext+0x344>)
1000733a:	4698      	mov	r8, r3
1000733c:	2600      	movs	r6, #0
1000733e:	7827      	ldrb	r7, [r4, #0]
10007340:	781b      	ldrb	r3, [r3, #0]
10007342:	2a00      	cmp	r2, #0
10007344:	d01f      	beq.n	10007386 <tud_task_ext+0x21e>
10007346:	4a5e      	ldr	r2, [pc, #376]	; (100074c0 <tud_task_ext+0x358>)
10007348:	4692      	mov	sl, r2
1000734a:	429e      	cmp	r6, r3
1000734c:	d33a      	bcc.n	100073c4 <tud_task_ext+0x25c>
1000734e:	d121      	bne.n	10007394 <tud_task_ext+0x22c>
10007350:	4b5c      	ldr	r3, [pc, #368]	; (100074c4 <tud_task_ext+0x35c>)
10007352:	0038      	movs	r0, r7
10007354:	4798      	blx	r3
10007356:	4643      	mov	r3, r8
10007358:	3601      	adds	r6, #1
1000735a:	781b      	ldrb	r3, [r3, #0]
1000735c:	b2f6      	uxtb	r6, r6
1000735e:	42b3      	cmp	r3, r6
10007360:	d2f3      	bcs.n	1000734a <tud_task_ext+0x1e2>
10007362:	4e51      	ldr	r6, [pc, #324]	; (100074a8 <tud_task_ext+0x340>)
10007364:	2253      	movs	r2, #83	; 0x53
10007366:	2100      	movs	r1, #0
10007368:	0030      	movs	r0, r6
1000736a:	f7fe ff3d 	bl	100061e8 <__wrap_memset>
1000736e:	2210      	movs	r2, #16
10007370:	21ff      	movs	r1, #255	; 0xff
10007372:	1cf0      	adds	r0, r6, #3
10007374:	f7fe ff38 	bl	100061e8 <__wrap_memset>
10007378:	0030      	movs	r0, r6
1000737a:	2220      	movs	r2, #32
1000737c:	21ff      	movs	r1, #255	; 0xff
1000737e:	3013      	adds	r0, #19
10007380:	f7fe ff32 	bl	100061e8 <__wrap_memset>
10007384:	e007      	b.n	10007396 <tud_task_ext+0x22e>
10007386:	0038      	movs	r0, r7
10007388:	f000 fe00 	bl	10007f8c <cdcd_reset>
1000738c:	4643      	mov	r3, r8
1000738e:	781b      	ldrb	r3, [r3, #0]
10007390:	2b00      	cmp	r3, #0
10007392:	d0e6      	beq.n	10007362 <tud_task_ext+0x1fa>
10007394:	4e44      	ldr	r6, [pc, #272]	; (100074a8 <tud_task_ext+0x340>)
10007396:	f000 fc61 	bl	10007c5c <usbd_control_reset>
1000739a:	7923      	ldrb	r3, [r4, #4]
1000739c:	70b3      	strb	r3, [r6, #2]
1000739e:	e6f5      	b.n	1000718c <tud_task_ext+0x24>
100073a0:	b00b      	add	sp, #44	; 0x2c
100073a2:	bcf0      	pop	{r4, r5, r6, r7}
100073a4:	46bb      	mov	fp, r7
100073a6:	46b2      	mov	sl, r6
100073a8:	46a9      	mov	r9, r5
100073aa:	46a0      	mov	r8, r4
100073ac:	bdf0      	pop	{r4, r5, r6, r7, pc}
100073ae:	4652      	mov	r2, sl
100073b0:	6812      	ldr	r2, [r2, #0]
100073b2:	0073      	lsls	r3, r6, #1
100073b4:	4694      	mov	ip, r2
100073b6:	199b      	adds	r3, r3, r6
100073b8:	00db      	lsls	r3, r3, #3
100073ba:	4463      	add	r3, ip
100073bc:	2b00      	cmp	r3, #0
100073be:	d0b1      	beq.n	10007324 <tud_task_ext+0x1bc>
100073c0:	685b      	ldr	r3, [r3, #4]
100073c2:	e796      	b.n	100072f2 <tud_task_ext+0x18a>
100073c4:	4652      	mov	r2, sl
100073c6:	6812      	ldr	r2, [r2, #0]
100073c8:	0073      	lsls	r3, r6, #1
100073ca:	4694      	mov	ip, r2
100073cc:	199b      	adds	r3, r3, r6
100073ce:	00db      	lsls	r3, r3, #3
100073d0:	4463      	add	r3, ip
100073d2:	2b00      	cmp	r3, #0
100073d4:	d0de      	beq.n	10007394 <tud_task_ext+0x22c>
100073d6:	685b      	ldr	r3, [r3, #4]
100073d8:	e7bb      	b.n	10007352 <tud_task_ext+0x1ea>
100073da:	0038      	movs	r0, r7
100073dc:	f000 fdd6 	bl	10007f8c <cdcd_reset>
100073e0:	4643      	mov	r3, r8
100073e2:	781b      	ldrb	r3, [r3, #0]
100073e4:	2b00      	cmp	r3, #0
100073e6:	d19d      	bne.n	10007324 <tud_task_ext+0x1bc>
100073e8:	e78b      	b.n	10007302 <tud_task_ext+0x19a>
100073ea:	7962      	ldrb	r2, [r4, #5]
100073ec:	7820      	ldrb	r0, [r4, #0]
100073ee:	68a3      	ldr	r3, [r4, #8]
100073f0:	f000 fc52 	bl	10007c98 <usbd_control_xfer_cb>
100073f4:	e6ca      	b.n	1000718c <tud_task_ext+0x24>
100073f6:	4835      	ldr	r0, [pc, #212]	; (100074cc <tud_task_ext+0x364>)
100073f8:	2800      	cmp	r0, #0
100073fa:	d100      	bne.n	100073fe <tud_task_ext+0x296>
100073fc:	e746      	b.n	1000728c <tud_task_ext+0x124>
100073fe:	f000 fc37 	bl	10007c70 <usbd_control_set_complete_callback>
10007402:	2101      	movs	r1, #1
10007404:	4650      	mov	r0, sl
10007406:	aa08      	add	r2, sp, #32
10007408:	e000      	b.n	1000740c <tud_task_ext+0x2a4>
1000740a:	bf00      	nop
1000740c:	2800      	cmp	r0, #0
1000740e:	d000      	beq.n	10007412 <tud_task_ext+0x2aa>
10007410:	e6bc      	b.n	1000718c <tud_task_ext+0x24>
10007412:	e73b      	b.n	1000728c <tud_task_ext+0x124>
10007414:	2a20      	cmp	r2, #32
10007416:	d100      	bne.n	1000741a <tud_task_ext+0x2b2>
10007418:	e09e      	b.n	10007558 <tud_task_ext+0x3f0>
1000741a:	2a00      	cmp	r2, #0
1000741c:	d000      	beq.n	10007420 <tud_task_ext+0x2b8>
1000741e:	e735      	b.n	1000728c <tud_task_ext+0x124>
10007420:	7963      	ldrb	r3, [r4, #5]
10007422:	2b09      	cmp	r3, #9
10007424:	d900      	bls.n	10007428 <tud_task_ext+0x2c0>
10007426:	e731      	b.n	1000728c <tud_task_ext+0x124>
10007428:	4a29      	ldr	r2, [pc, #164]	; (100074d0 <tud_task_ext+0x368>)
1000742a:	009b      	lsls	r3, r3, #2
1000742c:	58d3      	ldr	r3, [r2, r3]
1000742e:	469f      	mov	pc, r3
10007430:	2370      	movs	r3, #112	; 0x70
10007432:	7a21      	ldrb	r1, [r4, #8]
10007434:	420b      	tst	r3, r1
10007436:	d000      	beq.n	1000743a <tud_task_ext+0x2d2>
10007438:	e728      	b.n	1000728c <tud_task_ext+0x124>
1000743a:	4658      	mov	r0, fp
1000743c:	330f      	adds	r3, #15
1000743e:	400b      	ands	r3, r1
10007440:	005b      	lsls	r3, r3, #1
10007442:	09ce      	lsrs	r6, r1, #7
10007444:	18c0      	adds	r0, r0, r3
10007446:	4f19      	ldr	r7, [pc, #100]	; (100074ac <tud_task_ext+0x344>)
10007448:	1980      	adds	r0, r0, r6
1000744a:	7cc0      	ldrb	r0, [r0, #19]
1000744c:	2f00      	cmp	r7, #0
1000744e:	d006      	beq.n	1000745e <tud_task_ext+0x2f6>
10007450:	4f17      	ldr	r7, [pc, #92]	; (100074b0 <tud_task_ext+0x348>)
10007452:	783f      	ldrb	r7, [r7, #0]
10007454:	42b8      	cmp	r0, r7
10007456:	d200      	bcs.n	1000745a <tud_task_ext+0x2f2>
10007458:	e0a0      	b.n	1000759c <tud_task_ext+0x434>
1000745a:	1bc0      	subs	r0, r0, r7
1000745c:	b2c0      	uxtb	r0, r0
1000745e:	2800      	cmp	r0, #0
10007460:	d000      	beq.n	10007464 <tud_task_ext+0x2fc>
10007462:	e096      	b.n	10007592 <tud_task_ext+0x42a>
10007464:	2a00      	cmp	r2, #0
10007466:	d000      	beq.n	1000746a <tud_task_ext+0x302>
10007468:	e147      	b.n	100076fa <tud_task_ext+0x592>
1000746a:	4f1a      	ldr	r7, [pc, #104]	; (100074d4 <tud_task_ext+0x36c>)
1000746c:	2002      	movs	r0, #2
1000746e:	7962      	ldrb	r2, [r4, #5]
10007470:	4690      	mov	r8, r2
10007472:	4382      	bics	r2, r0
10007474:	2a01      	cmp	r2, #1
10007476:	d100      	bne.n	1000747a <tud_task_ext+0x312>
10007478:	e142      	b.n	10007700 <tud_task_ext+0x598>
1000747a:	4642      	mov	r2, r8
1000747c:	2a00      	cmp	r2, #0
1000747e:	d000      	beq.n	10007482 <tud_task_ext+0x31a>
10007480:	e704      	b.n	1000728c <tud_task_ext+0x124>
10007482:	445b      	add	r3, fp
10007484:	199e      	adds	r6, r3, r6
10007486:	3630      	adds	r6, #48	; 0x30
10007488:	78f3      	ldrb	r3, [r6, #3]
1000748a:	aa06      	add	r2, sp, #24
1000748c:	079b      	lsls	r3, r3, #30
1000748e:	0fdb      	lsrs	r3, r3, #31
10007490:	3202      	adds	r2, #2
10007492:	8013      	strh	r3, [r2, #0]
10007494:	4650      	mov	r0, sl
10007496:	2302      	movs	r3, #2
10007498:	a908      	add	r1, sp, #32
1000749a:	f000 fb81 	bl	10007ba0 <tud_control_xfer>
1000749e:	e675      	b.n	1000718c <tud_task_ext+0x24>
100074a0:	1000a1ac 	.word	0x1000a1ac
100074a4:	20001f2c 	.word	0x20001f2c
100074a8:	20001ed4 	.word	0x20001ed4
100074ac:	100066c1 	.word	0x100066c1
100074b0:	2000266c 	.word	0x2000266c
100074b4:	10008185 	.word	0x10008185
	...
100074c0:	20001bac 	.word	0x20001bac
100074c4:	10007f8d 	.word	0x10007f8d
	...
100074d0:	1000a1d0 	.word	0x1000a1d0
100074d4:	1000a238 	.word	0x1000a238
100074d8:	005a      	lsls	r2, r3, #1
100074da:	18d3      	adds	r3, r2, r3
100074dc:	4ab1      	ldr	r2, [pc, #708]	; (100077a4 <tud_task_ext+0x63c>)
100074de:	00db      	lsls	r3, r3, #3
100074e0:	6812      	ldr	r2, [r2, #0]
100074e2:	18d3      	adds	r3, r2, r3
100074e4:	2b00      	cmp	r3, #0
100074e6:	d100      	bne.n	100074ea <tud_task_ext+0x382>
100074e8:	e75a      	b.n	100073a0 <tud_task_ext+0x238>
100074ea:	691e      	ldr	r6, [r3, #16]
100074ec:	e699      	b.n	10007222 <tud_task_ext+0xba>
100074ee:	7a23      	ldrb	r3, [r4, #8]
100074f0:	2b0f      	cmp	r3, #15
100074f2:	d900      	bls.n	100074f6 <tud_task_ext+0x38e>
100074f4:	e6ca      	b.n	1000728c <tud_task_ext+0x124>
100074f6:	4aac      	ldr	r2, [pc, #688]	; (100077a8 <tud_task_ext+0x640>)
100074f8:	445b      	add	r3, fp
100074fa:	78db      	ldrb	r3, [r3, #3]
100074fc:	2a00      	cmp	r2, #0
100074fe:	d005      	beq.n	1000750c <tud_task_ext+0x3a4>
10007500:	4aaa      	ldr	r2, [pc, #680]	; (100077ac <tud_task_ext+0x644>)
10007502:	7812      	ldrb	r2, [r2, #0]
10007504:	4293      	cmp	r3, r2
10007506:	d35e      	bcc.n	100075c6 <tud_task_ext+0x45e>
10007508:	1a9b      	subs	r3, r3, r2
1000750a:	b2db      	uxtb	r3, r3
1000750c:	2b00      	cmp	r3, #0
1000750e:	d000      	beq.n	10007512 <tud_task_ext+0x3aa>
10007510:	e6bc      	b.n	1000728c <tud_task_ext+0x124>
10007512:	48a7      	ldr	r0, [pc, #668]	; (100077b0 <tud_task_ext+0x648>)
10007514:	4ea7      	ldr	r6, [pc, #668]	; (100077b4 <tud_task_ext+0x64c>)
10007516:	f000 fbab 	bl	10007c70 <usbd_control_set_complete_callback>
1000751a:	2101      	movs	r1, #1
1000751c:	4650      	mov	r0, sl
1000751e:	68f3      	ldr	r3, [r6, #12]
10007520:	aa08      	add	r2, sp, #32
10007522:	4798      	blx	r3
10007524:	2800      	cmp	r0, #0
10007526:	d000      	beq.n	1000752a <tud_task_ext+0x3c2>
10007528:	e630      	b.n	1000718c <tud_task_ext+0x24>
1000752a:	2260      	movs	r2, #96	; 0x60
1000752c:	0016      	movs	r6, r2
1000752e:	7923      	ldrb	r3, [r4, #4]
10007530:	401e      	ands	r6, r3
10007532:	421a      	tst	r2, r3
10007534:	d000      	beq.n	10007538 <tud_task_ext+0x3d0>
10007536:	e6a9      	b.n	1000728c <tud_task_ext+0x124>
10007538:	7963      	ldrb	r3, [r4, #5]
1000753a:	3b0a      	subs	r3, #10
1000753c:	2b01      	cmp	r3, #1
1000753e:	d900      	bls.n	10007542 <tud_task_ext+0x3da>
10007540:	e6a4      	b.n	1000728c <tud_task_ext+0x124>
10007542:	f000 fb95 	bl	10007c70 <usbd_control_set_complete_callback>
10007546:	7963      	ldrb	r3, [r4, #5]
10007548:	2b0a      	cmp	r3, #10
1000754a:	d100      	bne.n	1000754e <tud_task_ext+0x3e6>
1000754c:	e120      	b.n	10007790 <tud_task_ext+0x628>
1000754e:	4650      	mov	r0, sl
10007550:	a908      	add	r1, sp, #32
10007552:	f000 fb0d 	bl	10007b70 <tud_control_status>
10007556:	e619      	b.n	1000718c <tud_task_ext+0x24>
10007558:	7a23      	ldrb	r3, [r4, #8]
1000755a:	2b0f      	cmp	r3, #15
1000755c:	d900      	bls.n	10007560 <tud_task_ext+0x3f8>
1000755e:	e695      	b.n	1000728c <tud_task_ext+0x124>
10007560:	4a91      	ldr	r2, [pc, #580]	; (100077a8 <tud_task_ext+0x640>)
10007562:	445b      	add	r3, fp
10007564:	78db      	ldrb	r3, [r3, #3]
10007566:	2a00      	cmp	r2, #0
10007568:	d006      	beq.n	10007578 <tud_task_ext+0x410>
1000756a:	4a90      	ldr	r2, [pc, #576]	; (100077ac <tud_task_ext+0x644>)
1000756c:	7812      	ldrb	r2, [r2, #0]
1000756e:	4293      	cmp	r3, r2
10007570:	d200      	bcs.n	10007574 <tud_task_ext+0x40c>
10007572:	e0e6      	b.n	10007742 <tud_task_ext+0x5da>
10007574:	1a9b      	subs	r3, r3, r2
10007576:	b2db      	uxtb	r3, r3
10007578:	2b00      	cmp	r3, #0
1000757a:	d000      	beq.n	1000757e <tud_task_ext+0x416>
1000757c:	e686      	b.n	1000728c <tud_task_ext+0x124>
1000757e:	488c      	ldr	r0, [pc, #560]	; (100077b0 <tud_task_ext+0x648>)
10007580:	4e8c      	ldr	r6, [pc, #560]	; (100077b4 <tud_task_ext+0x64c>)
10007582:	f000 fb75 	bl	10007c70 <usbd_control_set_complete_callback>
10007586:	2101      	movs	r1, #1
10007588:	4650      	mov	r0, sl
1000758a:	68f3      	ldr	r3, [r6, #12]
1000758c:	aa08      	add	r2, sp, #32
1000758e:	4798      	blx	r3
10007590:	e73c      	b.n	1000740c <tud_task_ext+0x2a4>
10007592:	2700      	movs	r7, #0
10007594:	2a00      	cmp	r2, #0
10007596:	d100      	bne.n	1000759a <tud_task_ext+0x432>
10007598:	e768      	b.n	1000746c <tud_task_ext+0x304>
1000759a:	e677      	b.n	1000728c <tud_task_ext+0x124>
1000759c:	0047      	lsls	r7, r0, #1
1000759e:	1838      	adds	r0, r7, r0
100075a0:	4f80      	ldr	r7, [pc, #512]	; (100077a4 <tud_task_ext+0x63c>)
100075a2:	00c0      	lsls	r0, r0, #3
100075a4:	683f      	ldr	r7, [r7, #0]
100075a6:	183f      	adds	r7, r7, r0
100075a8:	2a00      	cmp	r2, #0
100075aa:	d100      	bne.n	100075ae <tud_task_ext+0x446>
100075ac:	e75e      	b.n	1000746c <tud_task_ext+0x304>
100075ae:	2f00      	cmp	r7, #0
100075b0:	d100      	bne.n	100075b4 <tud_task_ext+0x44c>
100075b2:	e66b      	b.n	1000728c <tud_task_ext+0x124>
100075b4:	68f8      	ldr	r0, [r7, #12]
100075b6:	f000 fb5b 	bl	10007c70 <usbd_control_set_complete_callback>
100075ba:	2101      	movs	r1, #1
100075bc:	4650      	mov	r0, sl
100075be:	68fb      	ldr	r3, [r7, #12]
100075c0:	aa08      	add	r2, sp, #32
100075c2:	4798      	blx	r3
100075c4:	e722      	b.n	1000740c <tud_task_ext+0x2a4>
100075c6:	4a77      	ldr	r2, [pc, #476]	; (100077a4 <tud_task_ext+0x63c>)
100075c8:	005e      	lsls	r6, r3, #1
100075ca:	18f3      	adds	r3, r6, r3
100075cc:	6816      	ldr	r6, [r2, #0]
100075ce:	00db      	lsls	r3, r3, #3
100075d0:	18f6      	adds	r6, r6, r3
100075d2:	2e00      	cmp	r6, #0
100075d4:	d100      	bne.n	100075d8 <tud_task_ext+0x470>
100075d6:	e659      	b.n	1000728c <tud_task_ext+0x124>
100075d8:	68f0      	ldr	r0, [r6, #12]
100075da:	e79c      	b.n	10007516 <tud_task_ext+0x3ae>
100075dc:	79a2      	ldrb	r2, [r4, #6]
100075de:	9201      	str	r2, [sp, #4]
100075e0:	7873      	ldrb	r3, [r6, #1]
100075e2:	429a      	cmp	r2, r3
100075e4:	d007      	beq.n	100075f6 <tud_task_ext+0x48e>
100075e6:	7873      	ldrb	r3, [r6, #1]
100075e8:	2b00      	cmp	r3, #0
100075ea:	d000      	beq.n	100075ee <tud_task_ext+0x486>
100075ec:	e146      	b.n	1000787c <tud_task_ext+0x714>
100075ee:	9b01      	ldr	r3, [sp, #4]
100075f0:	2b00      	cmp	r3, #0
100075f2:	d000      	beq.n	100075f6 <tud_task_ext+0x48e>
100075f4:	e0ea      	b.n	100077cc <tud_task_ext+0x664>
100075f6:	465b      	mov	r3, fp
100075f8:	9a01      	ldr	r2, [sp, #4]
100075fa:	4650      	mov	r0, sl
100075fc:	a908      	add	r1, sp, #32
100075fe:	705a      	strb	r2, [r3, #1]
10007600:	f000 fab6 	bl	10007b70 <tud_control_status>
10007604:	e5c2      	b.n	1000718c <tud_task_ext+0x24>
10007606:	7873      	ldrb	r3, [r6, #1]
10007608:	aa06      	add	r2, sp, #24
1000760a:	3202      	adds	r2, #2
1000760c:	7013      	strb	r3, [r2, #0]
1000760e:	4650      	mov	r0, sl
10007610:	2301      	movs	r3, #1
10007612:	a908      	add	r1, sp, #32
10007614:	f000 fac4 	bl	10007ba0 <tud_control_xfer>
10007618:	e5b8      	b.n	1000718c <tud_task_ext+0x24>
1000761a:	88e0      	ldrh	r0, [r4, #6]
1000761c:	0a03      	lsrs	r3, r0, #8
1000761e:	b2c0      	uxtb	r0, r0
10007620:	2b0f      	cmp	r3, #15
10007622:	d900      	bls.n	10007626 <tud_task_ext+0x4be>
10007624:	e632      	b.n	1000728c <tud_task_ext+0x124>
10007626:	4964      	ldr	r1, [pc, #400]	; (100077b8 <tud_task_ext+0x650>)
10007628:	009a      	lsls	r2, r3, #2
1000762a:	588a      	ldr	r2, [r1, r2]
1000762c:	4697      	mov	pc, r2
1000762e:	a808      	add	r0, sp, #32
10007630:	f000 fb24 	bl	10007c7c <usbd_control_set_request>
10007634:	4650      	mov	r0, sl
10007636:	79a1      	ldrb	r1, [r4, #6]
10007638:	f7ff fb82 	bl	10006d40 <dcd_set_address>
1000763c:	2202      	movs	r2, #2
1000763e:	7833      	ldrb	r3, [r6, #0]
10007640:	4313      	orrs	r3, r2
10007642:	7033      	strb	r3, [r6, #0]
10007644:	e5a2      	b.n	1000718c <tud_task_ext+0x24>
10007646:	88e3      	ldrh	r3, [r4, #6]
10007648:	2b01      	cmp	r3, #1
1000764a:	d000      	beq.n	1000764e <tud_task_ext+0x4e6>
1000764c:	e61e      	b.n	1000728c <tud_task_ext+0x124>
1000764e:	2208      	movs	r2, #8
10007650:	7833      	ldrb	r3, [r6, #0]
10007652:	4393      	bics	r3, r2
10007654:	465a      	mov	r2, fp
10007656:	7013      	strb	r3, [r2, #0]
10007658:	e779      	b.n	1000754e <tud_task_ext+0x3e6>
1000765a:	2002      	movs	r0, #2
1000765c:	7831      	ldrb	r1, [r6, #0]
1000765e:	ab06      	add	r3, sp, #24
10007660:	1c9a      	adds	r2, r3, #2
10007662:	068b      	lsls	r3, r1, #26
10007664:	0889      	lsrs	r1, r1, #2
10007666:	0fdb      	lsrs	r3, r3, #31
10007668:	4001      	ands	r1, r0
1000766a:	430b      	orrs	r3, r1
1000766c:	e711      	b.n	10007492 <tud_task_ext+0x32a>
1000766e:	88e3      	ldrh	r3, [r4, #6]
10007670:	2b01      	cmp	r3, #1
10007672:	d000      	beq.n	10007676 <tud_task_ext+0x50e>
10007674:	e60a      	b.n	1000728c <tud_task_ext+0x124>
10007676:	2208      	movs	r2, #8
10007678:	7833      	ldrb	r3, [r6, #0]
1000767a:	4313      	orrs	r3, r2
1000767c:	e7ea      	b.n	10007654 <tud_task_ext+0x4ec>
1000767e:	4b4f      	ldr	r3, [pc, #316]	; (100077bc <tud_task_ext+0x654>)
10007680:	2b00      	cmp	r3, #0
10007682:	d100      	bne.n	10007686 <tud_task_ext+0x51e>
10007684:	e602      	b.n	1000728c <tud_task_ext+0x124>
10007686:	e000      	b.n	1000768a <tud_task_ext+0x522>
10007688:	bf00      	nop
1000768a:	1e02      	subs	r2, r0, #0
1000768c:	d100      	bne.n	10007690 <tud_task_ext+0x528>
1000768e:	e5fd      	b.n	1000728c <tud_task_ext+0x124>
10007690:	78d3      	ldrb	r3, [r2, #3]
10007692:	7891      	ldrb	r1, [r2, #2]
10007694:	021b      	lsls	r3, r3, #8
10007696:	430b      	orrs	r3, r1
10007698:	4650      	mov	r0, sl
1000769a:	a908      	add	r1, sp, #32
1000769c:	f000 fa80 	bl	10007ba0 <tud_control_xfer>
100076a0:	e6b4      	b.n	1000740c <tud_task_ext+0x2a4>
100076a2:	4b47      	ldr	r3, [pc, #284]	; (100077c0 <tud_task_ext+0x658>)
100076a4:	2b00      	cmp	r3, #0
100076a6:	d100      	bne.n	100076aa <tud_task_ext+0x542>
100076a8:	e5f0      	b.n	1000728c <tud_task_ext+0x124>
100076aa:	e000      	b.n	100076ae <tud_task_ext+0x546>
100076ac:	bf00      	nop
100076ae:	1e02      	subs	r2, r0, #0
100076b0:	d100      	bne.n	100076b4 <tud_task_ext+0x54c>
100076b2:	e5eb      	b.n	1000728c <tud_task_ext+0x124>
100076b4:	4650      	mov	r0, sl
100076b6:	7813      	ldrb	r3, [r2, #0]
100076b8:	a908      	add	r1, sp, #32
100076ba:	f000 fa71 	bl	10007ba0 <tud_control_xfer>
100076be:	e6a5      	b.n	1000740c <tud_task_ext+0x2a4>
100076c0:	8921      	ldrh	r1, [r4, #8]
100076c2:	f7ff fa01 	bl	10006ac8 <tud_descriptor_string_cb>
100076c6:	1e02      	subs	r2, r0, #0
100076c8:	d1f4      	bne.n	100076b4 <tud_task_ext+0x54c>
100076ca:	e5df      	b.n	1000728c <tud_task_ext+0x124>
100076cc:	2b02      	cmp	r3, #2
100076ce:	d100      	bne.n	100076d2 <tud_task_ext+0x56a>
100076d0:	e112      	b.n	100078f8 <tud_task_ext+0x790>
100076d2:	4b3c      	ldr	r3, [pc, #240]	; (100077c4 <tud_task_ext+0x65c>)
100076d4:	2b00      	cmp	r3, #0
100076d6:	d100      	bne.n	100076da <tud_task_ext+0x572>
100076d8:	e5d8      	b.n	1000728c <tud_task_ext+0x124>
100076da:	e000      	b.n	100076de <tud_task_ext+0x576>
100076dc:	bf00      	nop
100076de:	0002      	movs	r2, r0
100076e0:	2a00      	cmp	r2, #0
100076e2:	d100      	bne.n	100076e6 <tud_task_ext+0x57e>
100076e4:	e5d2      	b.n	1000728c <tud_task_ext+0x124>
100076e6:	e7d3      	b.n	10007690 <tud_task_ext+0x528>
100076e8:	f7ff f9e6 	bl	10006ab8 <tud_descriptor_device_cb>
100076ec:	2312      	movs	r3, #18
100076ee:	0002      	movs	r2, r0
100076f0:	a908      	add	r1, sp, #32
100076f2:	4650      	mov	r0, sl
100076f4:	f000 fa54 	bl	10007ba0 <tud_control_xfer>
100076f8:	e688      	b.n	1000740c <tud_task_ext+0x2a4>
100076fa:	482d      	ldr	r0, [pc, #180]	; (100077b0 <tud_task_ext+0x648>)
100076fc:	4f2d      	ldr	r7, [pc, #180]	; (100077b4 <tud_task_ext+0x64c>)
100076fe:	e75a      	b.n	100075b6 <tud_task_ext+0x44e>
10007700:	88e2      	ldrh	r2, [r4, #6]
10007702:	2a00      	cmp	r2, #0
10007704:	d108      	bne.n	10007718 <tud_task_ext+0x5b0>
10007706:	4642      	mov	r2, r8
10007708:	445b      	add	r3, fp
1000770a:	199e      	adds	r6, r3, r6
1000770c:	3630      	adds	r6, #48	; 0x30
1000770e:	78f3      	ldrb	r3, [r6, #3]
10007710:	2a01      	cmp	r2, #1
10007712:	d021      	beq.n	10007758 <tud_task_ext+0x5f0>
10007714:	079b      	lsls	r3, r3, #30
10007716:	d52e      	bpl.n	10007776 <tud_task_ext+0x60e>
10007718:	2f00      	cmp	r7, #0
1000771a:	d100      	bne.n	1000771e <tud_task_ext+0x5b6>
1000771c:	e536      	b.n	1000718c <tud_task_ext+0x24>
1000771e:	68f8      	ldr	r0, [r7, #12]
10007720:	f000 faa6 	bl	10007c70 <usbd_control_set_complete_callback>
10007724:	68fb      	ldr	r3, [r7, #12]
10007726:	aa08      	add	r2, sp, #32
10007728:	2101      	movs	r1, #1
1000772a:	4650      	mov	r0, sl
1000772c:	4798      	blx	r3
1000772e:	2000      	movs	r0, #0
10007730:	f000 fa9e 	bl	10007c70 <usbd_control_set_complete_callback>
10007734:	2334      	movs	r3, #52	; 0x34
10007736:	465a      	mov	r2, fp
10007738:	5cd3      	ldrb	r3, [r2, r3]
1000773a:	07db      	lsls	r3, r3, #31
1000773c:	d500      	bpl.n	10007740 <tud_task_ext+0x5d8>
1000773e:	e525      	b.n	1000718c <tud_task_ext+0x24>
10007740:	e705      	b.n	1000754e <tud_task_ext+0x3e6>
10007742:	4a18      	ldr	r2, [pc, #96]	; (100077a4 <tud_task_ext+0x63c>)
10007744:	005e      	lsls	r6, r3, #1
10007746:	18f3      	adds	r3, r6, r3
10007748:	6816      	ldr	r6, [r2, #0]
1000774a:	00db      	lsls	r3, r3, #3
1000774c:	18f6      	adds	r6, r6, r3
1000774e:	2e00      	cmp	r6, #0
10007750:	d100      	bne.n	10007754 <tud_task_ext+0x5ec>
10007752:	e59b      	b.n	1000728c <tud_task_ext+0x124>
10007754:	68f0      	ldr	r0, [r6, #12]
10007756:	e714      	b.n	10007582 <tud_task_ext+0x41a>
10007758:	079b      	lsls	r3, r3, #30
1000775a:	d5dd      	bpl.n	10007718 <tud_task_ext+0x5b0>
1000775c:	4b1a      	ldr	r3, [pc, #104]	; (100077c8 <tud_task_ext+0x660>)
1000775e:	7818      	ldrb	r0, [r3, #0]
10007760:	f7ff fc10 	bl	10006f84 <dcd_edpt_clear_stall>
10007764:	2202      	movs	r2, #2
10007766:	78f3      	ldrb	r3, [r6, #3]
10007768:	4393      	bics	r3, r2
1000776a:	4642      	mov	r2, r8
1000776c:	70f3      	strb	r3, [r6, #3]
1000776e:	78f3      	ldrb	r3, [r6, #3]
10007770:	4393      	bics	r3, r2
10007772:	70f3      	strb	r3, [r6, #3]
10007774:	e7d0      	b.n	10007718 <tud_task_ext+0x5b0>
10007776:	4b14      	ldr	r3, [pc, #80]	; (100077c8 <tud_task_ext+0x660>)
10007778:	7818      	ldrb	r0, [r3, #0]
1000777a:	f7ff fbe7 	bl	10006f4c <dcd_edpt_stall>
1000777e:	2202      	movs	r2, #2
10007780:	78f3      	ldrb	r3, [r6, #3]
10007782:	4313      	orrs	r3, r2
10007784:	2201      	movs	r2, #1
10007786:	70f3      	strb	r3, [r6, #3]
10007788:	78f3      	ldrb	r3, [r6, #3]
1000778a:	4313      	orrs	r3, r2
1000778c:	70f3      	strb	r3, [r6, #3]
1000778e:	e7c3      	b.n	10007718 <tud_task_ext+0x5b0>
10007790:	ab06      	add	r3, sp, #24
10007792:	1c9a      	adds	r2, r3, #2
10007794:	4650      	mov	r0, sl
10007796:	2301      	movs	r3, #1
10007798:	a908      	add	r1, sp, #32
1000779a:	7016      	strb	r6, [r2, #0]
1000779c:	f000 fa00 	bl	10007ba0 <tud_control_xfer>
100077a0:	e4f4      	b.n	1000718c <tud_task_ext+0x24>
100077a2:	46c0      	nop			; (mov r8, r8)
100077a4:	20001bac 	.word	0x20001bac
100077a8:	100066c1 	.word	0x100066c1
100077ac:	2000266c 	.word	0x2000266c
100077b0:	100080a1 	.word	0x100080a1
100077b4:	1000a238 	.word	0x1000a238
100077b8:	1000a1f8 	.word	0x1000a1f8
	...
100077c8:	20000fec 	.word	0x20000fec
100077cc:	1e58      	subs	r0, r3, #1
100077ce:	b2c0      	uxtb	r0, r0
100077d0:	f7ff f976 	bl	10006ac0 <tud_descriptor_configuration_cb>
100077d4:	2800      	cmp	r0, #0
100077d6:	d100      	bne.n	100077da <tud_task_ext+0x672>
100077d8:	e558      	b.n	1000728c <tud_task_ext+0x124>
100077da:	7843      	ldrb	r3, [r0, #1]
100077dc:	9305      	str	r3, [sp, #20]
100077de:	2b02      	cmp	r3, #2
100077e0:	d000      	beq.n	100077e4 <tud_task_ext+0x67c>
100077e2:	e553      	b.n	1000728c <tud_task_ext+0x124>
100077e4:	2101      	movs	r1, #1
100077e6:	79c2      	ldrb	r2, [r0, #7]
100077e8:	0007      	movs	r7, r0
100077ea:	1193      	asrs	r3, r2, #6
100077ec:	1152      	asrs	r2, r2, #5
100077ee:	400b      	ands	r3, r1
100077f0:	400a      	ands	r2, r1
100077f2:	0112      	lsls	r2, r2, #4
100077f4:	015b      	lsls	r3, r3, #5
100077f6:	4313      	orrs	r3, r2
100077f8:	465a      	mov	r2, fp
100077fa:	7812      	ldrb	r2, [r2, #0]
100077fc:	312f      	adds	r1, #47	; 0x2f
100077fe:	438a      	bics	r2, r1
10007800:	4313      	orrs	r3, r2
10007802:	465a      	mov	r2, fp
10007804:	7013      	strb	r3, [r2, #0]
10007806:	78c3      	ldrb	r3, [r0, #3]
10007808:	7882      	ldrb	r2, [r0, #2]
1000780a:	021b      	lsls	r3, r3, #8
1000780c:	4313      	orrs	r3, r2
1000780e:	18c3      	adds	r3, r0, r3
10007810:	3709      	adds	r7, #9
10007812:	9303      	str	r3, [sp, #12]
10007814:	9b03      	ldr	r3, [sp, #12]
10007816:	42bb      	cmp	r3, r7
10007818:	d800      	bhi.n	1000781c <tud_task_ext+0x6b4>
1000781a:	e0ac      	b.n	10007976 <tud_task_ext+0x80e>
1000781c:	2201      	movs	r2, #1
1000781e:	787b      	ldrb	r3, [r7, #1]
10007820:	9200      	str	r2, [sp, #0]
10007822:	2b0b      	cmp	r3, #11
10007824:	d103      	bne.n	1000782e <tud_task_ext+0x6c6>
10007826:	78fb      	ldrb	r3, [r7, #3]
10007828:	9300      	str	r3, [sp, #0]
1000782a:	783b      	ldrb	r3, [r7, #0]
1000782c:	18ff      	adds	r7, r7, r3
1000782e:	787b      	ldrb	r3, [r7, #1]
10007830:	2b04      	cmp	r3, #4
10007832:	d000      	beq.n	10007836 <tud_task_ext+0x6ce>
10007834:	e52a      	b.n	1000728c <tud_task_ext+0x124>
10007836:	2600      	movs	r6, #0
10007838:	9b03      	ldr	r3, [sp, #12]
1000783a:	4a58      	ldr	r2, [pc, #352]	; (1000799c <tud_task_ext+0x834>)
1000783c:	1bdb      	subs	r3, r3, r7
1000783e:	b29b      	uxth	r3, r3
10007840:	9302      	str	r3, [sp, #8]
10007842:	4b57      	ldr	r3, [pc, #348]	; (100079a0 <tud_task_ext+0x838>)
10007844:	9304      	str	r3, [sp, #16]
10007846:	781b      	ldrb	r3, [r3, #0]
10007848:	42b2      	cmp	r2, r6
1000784a:	d063      	beq.n	10007914 <tud_task_ext+0x7ac>
1000784c:	46b8      	mov	r8, r7
1000784e:	42b3      	cmp	r3, r6
10007850:	d856      	bhi.n	10007900 <tud_task_ext+0x798>
10007852:	d000      	beq.n	10007856 <tud_task_ext+0x6ee>
10007854:	e51a      	b.n	1000728c <tud_task_ext+0x124>
10007856:	4b53      	ldr	r3, [pc, #332]	; (100079a4 <tud_task_ext+0x83c>)
10007858:	4f53      	ldr	r7, [pc, #332]	; (100079a8 <tud_task_ext+0x840>)
1000785a:	4641      	mov	r1, r8
1000785c:	4650      	mov	r0, sl
1000785e:	9a02      	ldr	r2, [sp, #8]
10007860:	4798      	blx	r3
10007862:	2808      	cmp	r0, #8
10007864:	d903      	bls.n	1000786e <tud_task_ext+0x706>
10007866:	9a02      	ldr	r2, [sp, #8]
10007868:	4282      	cmp	r2, r0
1000786a:	d300      	bcc.n	1000786e <tud_task_ext+0x706>
1000786c:	e08a      	b.n	10007984 <tud_task_ext+0x81c>
1000786e:	9b04      	ldr	r3, [sp, #16]
10007870:	3601      	adds	r6, #1
10007872:	781b      	ldrb	r3, [r3, #0]
10007874:	b2f6      	uxtb	r6, r6
10007876:	42b3      	cmp	r3, r6
10007878:	d2e9      	bcs.n	1000784e <tud_task_ext+0x6e6>
1000787a:	e507      	b.n	1000728c <tud_task_ext+0x124>
1000787c:	4650      	mov	r0, sl
1000787e:	f7ff fb4f 	bl	10006f20 <dcd_edpt_close_all>
10007882:	78b3      	ldrb	r3, [r6, #2]
10007884:	4a45      	ldr	r2, [pc, #276]	; (1000799c <tud_task_ext+0x834>)
10007886:	9300      	str	r3, [sp, #0]
10007888:	4b45      	ldr	r3, [pc, #276]	; (100079a0 <tud_task_ext+0x838>)
1000788a:	2600      	movs	r6, #0
1000788c:	4698      	mov	r8, r3
1000788e:	781b      	ldrb	r3, [r3, #0]
10007890:	2a00      	cmp	r2, #0
10007892:	d00d      	beq.n	100078b0 <tud_task_ext+0x748>
10007894:	4f45      	ldr	r7, [pc, #276]	; (100079ac <tud_task_ext+0x844>)
10007896:	42b3      	cmp	r3, r6
10007898:	d825      	bhi.n	100078e6 <tud_task_ext+0x77e>
1000789a:	d120      	bne.n	100078de <tud_task_ext+0x776>
1000789c:	4b44      	ldr	r3, [pc, #272]	; (100079b0 <tud_task_ext+0x848>)
1000789e:	4650      	mov	r0, sl
100078a0:	4798      	blx	r3
100078a2:	4643      	mov	r3, r8
100078a4:	3601      	adds	r6, #1
100078a6:	781b      	ldrb	r3, [r3, #0]
100078a8:	b2f6      	uxtb	r6, r6
100078aa:	42b3      	cmp	r3, r6
100078ac:	d2f3      	bcs.n	10007896 <tud_task_ext+0x72e>
100078ae:	e006      	b.n	100078be <tud_task_ext+0x756>
100078b0:	4650      	mov	r0, sl
100078b2:	f000 fb6b 	bl	10007f8c <cdcd_reset>
100078b6:	4643      	mov	r3, r8
100078b8:	781b      	ldrb	r3, [r3, #0]
100078ba:	2b00      	cmp	r3, #0
100078bc:	d10f      	bne.n	100078de <tud_task_ext+0x776>
100078be:	2253      	movs	r2, #83	; 0x53
100078c0:	2100      	movs	r1, #0
100078c2:	4658      	mov	r0, fp
100078c4:	f7fe fc90 	bl	100061e8 <__wrap_memset>
100078c8:	465b      	mov	r3, fp
100078ca:	2210      	movs	r2, #16
100078cc:	21ff      	movs	r1, #255	; 0xff
100078ce:	1cd8      	adds	r0, r3, #3
100078d0:	f7fe fc8a 	bl	100061e8 <__wrap_memset>
100078d4:	2220      	movs	r2, #32
100078d6:	21ff      	movs	r1, #255	; 0xff
100078d8:	4836      	ldr	r0, [pc, #216]	; (100079b4 <tud_task_ext+0x84c>)
100078da:	f7fe fc85 	bl	100061e8 <__wrap_memset>
100078de:	465b      	mov	r3, fp
100078e0:	9a00      	ldr	r2, [sp, #0]
100078e2:	709a      	strb	r2, [r3, #2]
100078e4:	e683      	b.n	100075ee <tud_task_ext+0x486>
100078e6:	2318      	movs	r3, #24
100078e8:	683a      	ldr	r2, [r7, #0]
100078ea:	4373      	muls	r3, r6
100078ec:	4694      	mov	ip, r2
100078ee:	4463      	add	r3, ip
100078f0:	2b00      	cmp	r3, #0
100078f2:	d0f4      	beq.n	100078de <tud_task_ext+0x776>
100078f4:	685b      	ldr	r3, [r3, #4]
100078f6:	e7d2      	b.n	1000789e <tud_task_ext+0x736>
100078f8:	f7ff f8e2 	bl	10006ac0 <tud_descriptor_configuration_cb>
100078fc:	0002      	movs	r2, r0
100078fe:	e6ef      	b.n	100076e0 <tud_task_ext+0x578>
10007900:	4b2a      	ldr	r3, [pc, #168]	; (100079ac <tud_task_ext+0x844>)
10007902:	681f      	ldr	r7, [r3, #0]
10007904:	2318      	movs	r3, #24
10007906:	4373      	muls	r3, r6
10007908:	18ff      	adds	r7, r7, r3
1000790a:	2f00      	cmp	r7, #0
1000790c:	d100      	bne.n	10007910 <tud_task_ext+0x7a8>
1000790e:	e4bd      	b.n	1000728c <tud_task_ext+0x124>
10007910:	68bb      	ldr	r3, [r7, #8]
10007912:	e7a2      	b.n	1000785a <tud_task_ext+0x6f2>
10007914:	9b02      	ldr	r3, [sp, #8]
10007916:	0039      	movs	r1, r7
10007918:	001a      	movs	r2, r3
1000791a:	4650      	mov	r0, sl
1000791c:	4698      	mov	r8, r3
1000791e:	f000 fb4b 	bl	10007fb8 <cdcd_open>
10007922:	2808      	cmp	r0, #8
10007924:	d800      	bhi.n	10007928 <tud_task_ext+0x7c0>
10007926:	e4b1      	b.n	1000728c <tud_task_ext+0x124>
10007928:	4642      	mov	r2, r8
1000792a:	4282      	cmp	r2, r0
1000792c:	d200      	bcs.n	10007930 <tud_task_ext+0x7c8>
1000792e:	e4ad      	b.n	1000728c <tud_task_ext+0x124>
10007930:	4b1d      	ldr	r3, [pc, #116]	; (100079a8 <tud_task_ext+0x840>)
10007932:	4698      	mov	r8, r3
10007934:	9b00      	ldr	r3, [sp, #0]
10007936:	2b01      	cmp	r3, #1
10007938:	d028      	beq.n	1000798c <tud_task_ext+0x824>
1000793a:	2200      	movs	r2, #0
1000793c:	e00a      	b.n	10007954 <tud_task_ext+0x7ec>
1000793e:	78bb      	ldrb	r3, [r7, #2]
10007940:	18d3      	adds	r3, r2, r3
10007942:	b2db      	uxtb	r3, r3
10007944:	445b      	add	r3, fp
10007946:	78d9      	ldrb	r1, [r3, #3]
10007948:	29ff      	cmp	r1, #255	; 0xff
1000794a:	d000      	beq.n	1000794e <tud_task_ext+0x7e6>
1000794c:	e49e      	b.n	1000728c <tud_task_ext+0x124>
1000794e:	3201      	adds	r2, #1
10007950:	70de      	strb	r6, [r3, #3]
10007952:	b2d2      	uxtb	r2, r2
10007954:	9b00      	ldr	r3, [sp, #0]
10007956:	429a      	cmp	r2, r3
10007958:	d1f1      	bne.n	1000793e <tud_task_ext+0x7d6>
1000795a:	4680      	mov	r8, r0
1000795c:	0033      	movs	r3, r6
1000795e:	0002      	movs	r2, r0
10007960:	0039      	movs	r1, r7
10007962:	4814      	ldr	r0, [pc, #80]	; (100079b4 <tud_task_ext+0x84c>)
10007964:	f000 fd3c 	bl	100083e0 <tu_edpt_bind_driver>
10007968:	9b04      	ldr	r3, [sp, #16]
1000796a:	4447      	add	r7, r8
1000796c:	781b      	ldrb	r3, [r3, #0]
1000796e:	42b3      	cmp	r3, r6
10007970:	d300      	bcc.n	10007974 <tud_task_ext+0x80c>
10007972:	e74f      	b.n	10007814 <tud_task_ext+0x6ac>
10007974:	e48a      	b.n	1000728c <tud_task_ext+0x124>
10007976:	4b10      	ldr	r3, [pc, #64]	; (100079b8 <tud_task_ext+0x850>)
10007978:	2b00      	cmp	r3, #0
1000797a:	d100      	bne.n	1000797e <tud_task_ext+0x816>
1000797c:	e63b      	b.n	100075f6 <tud_task_ext+0x48e>
1000797e:	e000      	b.n	10007982 <tud_task_ext+0x81a>
10007980:	bf00      	nop
10007982:	e638      	b.n	100075f6 <tud_task_ext+0x48e>
10007984:	003b      	movs	r3, r7
10007986:	4647      	mov	r7, r8
10007988:	4698      	mov	r8, r3
1000798a:	e7d3      	b.n	10007934 <tud_task_ext+0x7cc>
1000798c:	4642      	mov	r2, r8
1000798e:	4b05      	ldr	r3, [pc, #20]	; (100079a4 <tud_task_ext+0x83c>)
10007990:	6892      	ldr	r2, [r2, #8]
10007992:	429a      	cmp	r2, r3
10007994:	d1d1      	bne.n	1000793a <tud_task_ext+0x7d2>
10007996:	9b05      	ldr	r3, [sp, #20]
10007998:	9300      	str	r3, [sp, #0]
1000799a:	e7ce      	b.n	1000793a <tud_task_ext+0x7d2>
1000799c:	100066c1 	.word	0x100066c1
100079a0:	2000266c 	.word	0x2000266c
100079a4:	10007fb9 	.word	0x10007fb9
100079a8:	1000a238 	.word	0x1000a238
100079ac:	20001bac 	.word	0x20001bac
100079b0:	10007f8d 	.word	0x10007f8d
100079b4:	20001ee7 	.word	0x20001ee7
100079b8:	00000000 	.word	0x00000000

100079bc <usbd_open_edpt_pair>:
100079bc:	b5f8      	push	{r3, r4, r5, r6, r7, lr}
100079be:	4657      	mov	r7, sl
100079c0:	464e      	mov	r6, r9
100079c2:	46de      	mov	lr, fp
100079c4:	4645      	mov	r5, r8
100079c6:	000c      	movs	r4, r1
100079c8:	b5e0      	push	{r5, r6, r7, lr}
100079ca:	0016      	movs	r6, r2
100079cc:	001f      	movs	r7, r3
100079ce:	2a00      	cmp	r2, #0
100079d0:	d03c      	beq.n	10007a4c <usbd_open_edpt_pair+0x90>
100079d2:	2370      	movs	r3, #112	; 0x70
100079d4:	4698      	mov	r8, r3
100079d6:	4b1e      	ldr	r3, [pc, #120]	; (10007a50 <usbd_open_edpt_pair+0x94>)
100079d8:	2500      	movs	r5, #0
100079da:	469b      	mov	fp, r3
100079dc:	4b1d      	ldr	r3, [pc, #116]	; (10007a54 <usbd_open_edpt_pair+0x98>)
100079de:	469a      	mov	sl, r3
100079e0:	e01a      	b.n	10007a18 <usbd_open_edpt_pair+0x5c>
100079e2:	465b      	mov	r3, fp
100079e4:	781b      	ldrb	r3, [r3, #0]
100079e6:	0020      	movs	r0, r4
100079e8:	4699      	mov	r9, r3
100079ea:	4653      	mov	r3, sl
100079ec:	7899      	ldrb	r1, [r3, #2]
100079ee:	f000 fcbb 	bl	10008368 <tu_edpt_validate>
100079f2:	2800      	cmp	r0, #0
100079f4:	d01c      	beq.n	10007a30 <usbd_open_edpt_pair+0x74>
100079f6:	0021      	movs	r1, r4
100079f8:	4648      	mov	r0, r9
100079fa:	f7ff fa0d 	bl	10006e18 <dcd_edpt_open>
100079fe:	2800      	cmp	r0, #0
10007a00:	d016      	beq.n	10007a30 <usbd_open_edpt_pair+0x74>
10007a02:	78a3      	ldrb	r3, [r4, #2]
10007a04:	09da      	lsrs	r2, r3, #7
10007a06:	2a01      	cmp	r2, #1
10007a08:	d019      	beq.n	10007a3e <usbd_open_edpt_pair+0x82>
10007a0a:	9a0a      	ldr	r2, [sp, #40]	; 0x28
10007a0c:	3501      	adds	r5, #1
10007a0e:	7013      	strb	r3, [r2, #0]
10007a10:	7823      	ldrb	r3, [r4, #0]
10007a12:	18e4      	adds	r4, r4, r3
10007a14:	42b5      	cmp	r5, r6
10007a16:	da19      	bge.n	10007a4c <usbd_open_edpt_pair+0x90>
10007a18:	7863      	ldrb	r3, [r4, #1]
10007a1a:	2b05      	cmp	r3, #5
10007a1c:	d108      	bne.n	10007a30 <usbd_open_edpt_pair+0x74>
10007a1e:	78e3      	ldrb	r3, [r4, #3]
10007a20:	079b      	lsls	r3, r3, #30
10007a22:	0f9b      	lsrs	r3, r3, #30
10007a24:	42bb      	cmp	r3, r7
10007a26:	d103      	bne.n	10007a30 <usbd_open_edpt_pair+0x74>
10007a28:	4642      	mov	r2, r8
10007a2a:	78a3      	ldrb	r3, [r4, #2]
10007a2c:	421a      	tst	r2, r3
10007a2e:	d0d8      	beq.n	100079e2 <usbd_open_edpt_pair+0x26>
10007a30:	2000      	movs	r0, #0
10007a32:	bcf0      	pop	{r4, r5, r6, r7}
10007a34:	46bb      	mov	fp, r7
10007a36:	46b2      	mov	sl, r6
10007a38:	46a9      	mov	r9, r5
10007a3a:	46a0      	mov	r8, r4
10007a3c:	bdf8      	pop	{r3, r4, r5, r6, r7, pc}
10007a3e:	9a0b      	ldr	r2, [sp, #44]	; 0x2c
10007a40:	3501      	adds	r5, #1
10007a42:	7013      	strb	r3, [r2, #0]
10007a44:	7823      	ldrb	r3, [r4, #0]
10007a46:	18e4      	adds	r4, r4, r3
10007a48:	42b5      	cmp	r5, r6
10007a4a:	dbe5      	blt.n	10007a18 <usbd_open_edpt_pair+0x5c>
10007a4c:	2001      	movs	r0, #1
10007a4e:	e7f0      	b.n	10007a32 <usbd_open_edpt_pair+0x76>
10007a50:	20000fec 	.word	0x20000fec
10007a54:	20001ed4 	.word	0x20001ed4

10007a58 <usbd_defer_func>:
10007a58:	2380      	movs	r3, #128	; 0x80
10007a5a:	b510      	push	{r4, lr}
10007a5c:	011b      	lsls	r3, r3, #4
10007a5e:	b084      	sub	sp, #16
10007a60:	9301      	str	r3, [sp, #4]
10007a62:	4b0e      	ldr	r3, [pc, #56]	; (10007a9c <usbd_defer_func+0x44>)
10007a64:	9002      	str	r0, [sp, #8]
10007a66:	681c      	ldr	r4, [r3, #0]
10007a68:	9103      	str	r1, [sp, #12]
10007a6a:	6962      	ldr	r2, [r4, #20]
10007a6c:	f3ef 8310 	mrs	r3, PRIMASK
10007a70:	b672      	cpsid	i
10007a72:	6811      	ldr	r1, [r2, #0]
10007a74:	2900      	cmp	r1, #0
10007a76:	d0fc      	beq.n	10007a72 <usbd_defer_func+0x1a>
10007a78:	f3bf 8f5f 	dmb	sy
10007a7c:	61a3      	str	r3, [r4, #24]
10007a7e:	0020      	movs	r0, r4
10007a80:	a901      	add	r1, sp, #4
10007a82:	f000 fdf9 	bl	10008678 <tu_fifo_write>
10007a86:	6962      	ldr	r2, [r4, #20]
10007a88:	69a3      	ldr	r3, [r4, #24]
10007a8a:	f3bf 8f5f 	dmb	sy
10007a8e:	2100      	movs	r1, #0
10007a90:	6011      	str	r1, [r2, #0]
10007a92:	f383 8810 	msr	PRIMASK, r3
10007a96:	b004      	add	sp, #16
10007a98:	bd10      	pop	{r4, pc}
10007a9a:	46c0      	nop			; (mov r8, r8)
10007a9c:	20001f2c 	.word	0x20001f2c

10007aa0 <usbd_edpt_open>:
10007aa0:	2270      	movs	r2, #112	; 0x70
10007aa2:	b570      	push	{r4, r5, r6, lr}
10007aa4:	788b      	ldrb	r3, [r1, #2]
10007aa6:	000c      	movs	r4, r1
10007aa8:	421a      	tst	r2, r3
10007aaa:	d001      	beq.n	10007ab0 <usbd_edpt_open+0x10>
10007aac:	2000      	movs	r0, #0
10007aae:	bd70      	pop	{r4, r5, r6, pc}
10007ab0:	4b06      	ldr	r3, [pc, #24]	; (10007acc <usbd_edpt_open+0x2c>)
10007ab2:	0020      	movs	r0, r4
10007ab4:	781d      	ldrb	r5, [r3, #0]
10007ab6:	4b06      	ldr	r3, [pc, #24]	; (10007ad0 <usbd_edpt_open+0x30>)
10007ab8:	7899      	ldrb	r1, [r3, #2]
10007aba:	f000 fc55 	bl	10008368 <tu_edpt_validate>
10007abe:	2800      	cmp	r0, #0
10007ac0:	d0f4      	beq.n	10007aac <usbd_edpt_open+0xc>
10007ac2:	0021      	movs	r1, r4
10007ac4:	0028      	movs	r0, r5
10007ac6:	f7ff f9a7 	bl	10006e18 <dcd_edpt_open>
10007aca:	e7f0      	b.n	10007aae <usbd_edpt_open+0xe>
10007acc:	20000fec 	.word	0x20000fec
10007ad0:	20001ed4 	.word	0x20001ed4

10007ad4 <usbd_edpt_claim>:
10007ad4:	4b07      	ldr	r3, [pc, #28]	; (10007af4 <usbd_edpt_claim+0x20>)
10007ad6:	0008      	movs	r0, r1
10007ad8:	6819      	ldr	r1, [r3, #0]
10007ada:	237f      	movs	r3, #127	; 0x7f
10007adc:	b510      	push	{r4, lr}
10007ade:	4003      	ands	r3, r0
10007ae0:	09c0      	lsrs	r0, r0, #7
10007ae2:	005b      	lsls	r3, r3, #1
10007ae4:	3033      	adds	r0, #51	; 0x33
10007ae6:	1818      	adds	r0, r3, r0
10007ae8:	4b03      	ldr	r3, [pc, #12]	; (10007af8 <usbd_edpt_claim+0x24>)
10007aea:	1818      	adds	r0, r3, r0
10007aec:	f000 fbf8 	bl	100082e0 <tu_edpt_claim>
10007af0:	bd10      	pop	{r4, pc}
10007af2:	46c0      	nop			; (mov r8, r8)
10007af4:	20001f28 	.word	0x20001f28
10007af8:	20001ed4 	.word	0x20001ed4

10007afc <usbd_edpt_release>:
10007afc:	4b07      	ldr	r3, [pc, #28]	; (10007b1c <usbd_edpt_release+0x20>)
10007afe:	0008      	movs	r0, r1
10007b00:	6819      	ldr	r1, [r3, #0]
10007b02:	237f      	movs	r3, #127	; 0x7f
10007b04:	b510      	push	{r4, lr}
10007b06:	4003      	ands	r3, r0
10007b08:	09c0      	lsrs	r0, r0, #7
10007b0a:	005b      	lsls	r3, r3, #1
10007b0c:	3033      	adds	r0, #51	; 0x33
10007b0e:	1818      	adds	r0, r3, r0
10007b10:	4b03      	ldr	r3, [pc, #12]	; (10007b20 <usbd_edpt_release+0x24>)
10007b12:	1818      	adds	r0, r3, r0
10007b14:	f000 fc0c 	bl	10008330 <tu_edpt_release>
10007b18:	bd10      	pop	{r4, pc}
10007b1a:	46c0      	nop			; (mov r8, r8)
10007b1c:	20001f28 	.word	0x20001f28
10007b20:	20001ed4 	.word	0x20001ed4

10007b24 <usbd_edpt_xfer>:
10007b24:	207f      	movs	r0, #127	; 0x7f
10007b26:	b570      	push	{r4, r5, r6, lr}
10007b28:	4008      	ands	r0, r1
10007b2a:	4c0f      	ldr	r4, [pc, #60]	; (10007b68 <usbd_edpt_xfer+0x44>)
10007b2c:	0040      	lsls	r0, r0, #1
10007b2e:	09cd      	lsrs	r5, r1, #7
10007b30:	1824      	adds	r4, r4, r0
10007b32:	1964      	adds	r4, r4, r5
10007b34:	3430      	adds	r4, #48	; 0x30
10007b36:	78e5      	ldrb	r5, [r4, #3]
10007b38:	2000      	movs	r0, #0
10007b3a:	07ed      	lsls	r5, r5, #31
10007b3c:	d500      	bpl.n	10007b40 <usbd_edpt_xfer+0x1c>
10007b3e:	bd70      	pop	{r4, r5, r6, pc}
10007b40:	2601      	movs	r6, #1
10007b42:	78e5      	ldrb	r5, [r4, #3]
10007b44:	4809      	ldr	r0, [pc, #36]	; (10007b6c <usbd_edpt_xfer+0x48>)
10007b46:	4335      	orrs	r5, r6
10007b48:	7800      	ldrb	r0, [r0, #0]
10007b4a:	70e5      	strb	r5, [r4, #3]
10007b4c:	f7ff f9ec 	bl	10006f28 <dcd_edpt_xfer>
10007b50:	2800      	cmp	r0, #0
10007b52:	d1f4      	bne.n	10007b3e <usbd_edpt_xfer+0x1a>
10007b54:	2201      	movs	r2, #1
10007b56:	78e3      	ldrb	r3, [r4, #3]
10007b58:	4393      	bics	r3, r2
10007b5a:	70e3      	strb	r3, [r4, #3]
10007b5c:	78e3      	ldrb	r3, [r4, #3]
10007b5e:	3203      	adds	r2, #3
10007b60:	4393      	bics	r3, r2
10007b62:	70e3      	strb	r3, [r4, #3]
10007b64:	e7eb      	b.n	10007b3e <usbd_edpt_xfer+0x1a>
10007b66:	46c0      	nop			; (mov r8, r8)
10007b68:	20001ed4 	.word	0x20001ed4
10007b6c:	20000fec 	.word	0x20000fec

10007b70 <tud_control_status>:
10007b70:	b570      	push	{r4, r5, r6, lr}
10007b72:	4e0a      	ldr	r6, [pc, #40]	; (10007b9c <tud_control_status+0x2c>)
10007b74:	0005      	movs	r5, r0
10007b76:	0030      	movs	r0, r6
10007b78:	2208      	movs	r2, #8
10007b7a:	000c      	movs	r4, r1
10007b7c:	f7fe fb3a 	bl	100061f4 <__wrap___aeabi_memcpy>
10007b80:	2300      	movs	r3, #0
10007b82:	217f      	movs	r1, #127	; 0x7f
10007b84:	60f3      	str	r3, [r6, #12]
10007b86:	7822      	ldrb	r2, [r4, #0]
10007b88:	60b3      	str	r3, [r6, #8]
10007b8a:	4291      	cmp	r1, r2
10007b8c:	415b      	adcs	r3, r3
10007b8e:	0028      	movs	r0, r5
10007b90:	01d9      	lsls	r1, r3, #7
10007b92:	2200      	movs	r2, #0
10007b94:	2300      	movs	r3, #0
10007b96:	f7ff ffc5 	bl	10007b24 <usbd_edpt_xfer>
10007b9a:	bd70      	pop	{r4, r5, r6, pc}
10007b9c:	20001e78 	.word	0x20001e78

10007ba0 <tud_control_xfer>:
10007ba0:	b5f8      	push	{r3, r4, r5, r6, r7, lr}
10007ba2:	46ce      	mov	lr, r9
10007ba4:	4647      	mov	r7, r8
10007ba6:	4691      	mov	r9, r2
10007ba8:	4e2a      	ldr	r6, [pc, #168]	; (10007c54 <tud_control_xfer+0xb4>)
10007baa:	b580      	push	{r7, lr}
10007bac:	2208      	movs	r2, #8
10007bae:	0007      	movs	r7, r0
10007bb0:	0030      	movs	r0, r6
10007bb2:	000d      	movs	r5, r1
10007bb4:	4698      	mov	r8, r3
10007bb6:	f7fe fb1d 	bl	100061f4 <__wrap___aeabi_memcpy>
10007bba:	464b      	mov	r3, r9
10007bbc:	60b3      	str	r3, [r6, #8]
10007bbe:	2300      	movs	r3, #0
10007bc0:	81f3      	strh	r3, [r6, #14]
10007bc2:	79ec      	ldrb	r4, [r5, #7]
10007bc4:	79a9      	ldrb	r1, [r5, #6]
10007bc6:	0224      	lsls	r4, r4, #8
10007bc8:	430c      	orrs	r4, r1
10007bca:	1c23      	adds	r3, r4, #0
10007bcc:	4544      	cmp	r4, r8
10007bce:	d900      	bls.n	10007bd2 <tud_control_xfer+0x32>
10007bd0:	4643      	mov	r3, r8
10007bd2:	b29a      	uxth	r2, r3
10007bd4:	4690      	mov	r8, r2
10007bd6:	81b3      	strh	r3, [r6, #12]
10007bd8:	2c00      	cmp	r4, #0
10007bda:	d013      	beq.n	10007c04 <tud_control_xfer+0x64>
10007bdc:	2a00      	cmp	r2, #0
10007bde:	d01f      	beq.n	10007c20 <tud_control_xfer+0x80>
10007be0:	464b      	mov	r3, r9
10007be2:	2b00      	cmp	r3, #0
10007be4:	d034      	beq.n	10007c50 <tud_control_xfer+0xb0>
10007be6:	1c13      	adds	r3, r2, #0
10007be8:	2a40      	cmp	r2, #64	; 0x40
10007bea:	d81f      	bhi.n	10007c2c <tud_control_xfer+0x8c>
10007bec:	b29b      	uxth	r3, r3
10007bee:	4698      	mov	r8, r3
10007bf0:	7833      	ldrb	r3, [r6, #0]
10007bf2:	2b7f      	cmp	r3, #127	; 0x7f
10007bf4:	d820      	bhi.n	10007c38 <tud_control_xfer+0x98>
10007bf6:	2100      	movs	r1, #0
10007bf8:	4a17      	ldr	r2, [pc, #92]	; (10007c58 <tud_control_xfer+0xb8>)
10007bfa:	4643      	mov	r3, r8
10007bfc:	0038      	movs	r0, r7
10007bfe:	f7ff ff91 	bl	10007b24 <usbd_edpt_xfer>
10007c02:	e009      	b.n	10007c18 <tud_control_xfer+0x78>
10007c04:	227f      	movs	r2, #127	; 0x7f
10007c06:	782b      	ldrb	r3, [r5, #0]
10007c08:	0038      	movs	r0, r7
10007c0a:	429a      	cmp	r2, r3
10007c0c:	4164      	adcs	r4, r4
10007c0e:	2300      	movs	r3, #0
10007c10:	2200      	movs	r2, #0
10007c12:	01e1      	lsls	r1, r4, #7
10007c14:	f7ff ff86 	bl	10007b24 <usbd_edpt_xfer>
10007c18:	bcc0      	pop	{r6, r7}
10007c1a:	46b9      	mov	r9, r7
10007c1c:	46b0      	mov	r8, r6
10007c1e:	bdf8      	pop	{r3, r4, r5, r6, r7, pc}
10007c20:	7833      	ldrb	r3, [r6, #0]
10007c22:	2b7f      	cmp	r3, #127	; 0x7f
10007c24:	d911      	bls.n	10007c4a <tud_control_xfer+0xaa>
10007c26:	2180      	movs	r1, #128	; 0x80
10007c28:	2200      	movs	r2, #0
10007c2a:	e7e6      	b.n	10007bfa <tud_control_xfer+0x5a>
10007c2c:	2340      	movs	r3, #64	; 0x40
10007c2e:	b29b      	uxth	r3, r3
10007c30:	4698      	mov	r8, r3
10007c32:	7833      	ldrb	r3, [r6, #0]
10007c34:	2b7f      	cmp	r3, #127	; 0x7f
10007c36:	d9de      	bls.n	10007bf6 <tud_control_xfer+0x56>
10007c38:	4c07      	ldr	r4, [pc, #28]	; (10007c58 <tud_control_xfer+0xb8>)
10007c3a:	4642      	mov	r2, r8
10007c3c:	4649      	mov	r1, r9
10007c3e:	0020      	movs	r0, r4
10007c40:	f7fe fad8 	bl	100061f4 <__wrap___aeabi_memcpy>
10007c44:	2180      	movs	r1, #128	; 0x80
10007c46:	0022      	movs	r2, r4
10007c48:	e7d7      	b.n	10007bfa <tud_control_xfer+0x5a>
10007c4a:	2100      	movs	r1, #0
10007c4c:	2200      	movs	r2, #0
10007c4e:	e7d4      	b.n	10007bfa <tud_control_xfer+0x5a>
10007c50:	2000      	movs	r0, #0
10007c52:	e7e1      	b.n	10007c18 <tud_control_xfer+0x78>
10007c54:	20001e78 	.word	0x20001e78
10007c58:	20001e94 	.word	0x20001e94

10007c5c <usbd_control_reset>:
10007c5c:	b510      	push	{r4, lr}
10007c5e:	2214      	movs	r2, #20
10007c60:	2100      	movs	r1, #0
10007c62:	4802      	ldr	r0, [pc, #8]	; (10007c6c <usbd_control_reset+0x10>)
10007c64:	f7fe fac0 	bl	100061e8 <__wrap_memset>
10007c68:	bd10      	pop	{r4, pc}
10007c6a:	46c0      	nop			; (mov r8, r8)
10007c6c:	20001e78 	.word	0x20001e78

10007c70 <usbd_control_set_complete_callback>:
10007c70:	4b01      	ldr	r3, [pc, #4]	; (10007c78 <usbd_control_set_complete_callback+0x8>)
10007c72:	6118      	str	r0, [r3, #16]
10007c74:	4770      	bx	lr
10007c76:	46c0      	nop			; (mov r8, r8)
10007c78:	20001e78 	.word	0x20001e78

10007c7c <usbd_control_set_request>:
10007c7c:	b510      	push	{r4, lr}
10007c7e:	4c05      	ldr	r4, [pc, #20]	; (10007c94 <usbd_control_set_request+0x18>)
10007c80:	0001      	movs	r1, r0
10007c82:	2208      	movs	r2, #8
10007c84:	0020      	movs	r0, r4
10007c86:	f7fe fab5 	bl	100061f4 <__wrap___aeabi_memcpy>
10007c8a:	2300      	movs	r3, #0
10007c8c:	60a3      	str	r3, [r4, #8]
10007c8e:	60e3      	str	r3, [r4, #12]
10007c90:	bd10      	pop	{r4, pc}
10007c92:	46c0      	nop			; (mov r8, r8)
10007c94:	20001e78 	.word	0x20001e78

10007c98 <usbd_control_xfer_cb>:
10007c98:	b5f8      	push	{r3, r4, r5, r6, r7, lr}
10007c9a:	4c3b      	ldr	r4, [pc, #236]	; (10007d88 <usbd_control_xfer_cb+0xf0>)
10007c9c:	001d      	movs	r5, r3
10007c9e:	7823      	ldrb	r3, [r4, #0]
10007ca0:	0006      	movs	r6, r0
10007ca2:	09da      	lsrs	r2, r3, #7
10007ca4:	09c9      	lsrs	r1, r1, #7
10007ca6:	428a      	cmp	r2, r1
10007ca8:	d013      	beq.n	10007cd2 <usbd_control_xfer_cb+0x3a>
10007caa:	2000      	movs	r0, #0
10007cac:	2d00      	cmp	r5, #0
10007cae:	d000      	beq.n	10007cb2 <usbd_control_xfer_cb+0x1a>
10007cb0:	bdf8      	pop	{r3, r4, r5, r6, r7, pc}
10007cb2:	4b36      	ldr	r3, [pc, #216]	; (10007d8c <usbd_control_xfer_cb+0xf4>)
10007cb4:	2b00      	cmp	r3, #0
10007cb6:	d003      	beq.n	10007cc0 <usbd_control_xfer_cb+0x28>
10007cb8:	0021      	movs	r1, r4
10007cba:	0030      	movs	r0, r6
10007cbc:	f7ff f89e 	bl	10006dfc <dcd_edpt0_status_complete>
10007cc0:	6923      	ldr	r3, [r4, #16]
10007cc2:	2b00      	cmp	r3, #0
10007cc4:	d044      	beq.n	10007d50 <usbd_control_xfer_cb+0xb8>
10007cc6:	0022      	movs	r2, r4
10007cc8:	2103      	movs	r1, #3
10007cca:	0030      	movs	r0, r6
10007ccc:	4798      	blx	r3
10007cce:	2001      	movs	r0, #1
10007cd0:	e7ee      	b.n	10007cb0 <usbd_control_xfer_cb+0x18>
10007cd2:	2b7f      	cmp	r3, #127	; 0x7f
10007cd4:	d806      	bhi.n	10007ce4 <usbd_control_xfer_cb+0x4c>
10007cd6:	68a0      	ldr	r0, [r4, #8]
10007cd8:	2800      	cmp	r0, #0
10007cda:	d037      	beq.n	10007d4c <usbd_control_xfer_cb+0xb4>
10007cdc:	002a      	movs	r2, r5
10007cde:	492c      	ldr	r1, [pc, #176]	; (10007d90 <usbd_control_xfer_cb+0xf8>)
10007ce0:	f7fe fa88 	bl	100061f4 <__wrap___aeabi_memcpy>
10007ce4:	68a3      	ldr	r3, [r4, #8]
10007ce6:	89e2      	ldrh	r2, [r4, #14]
10007ce8:	1959      	adds	r1, r3, r5
10007cea:	1952      	adds	r2, r2, r5
10007cec:	88e3      	ldrh	r3, [r4, #6]
10007cee:	b292      	uxth	r2, r2
10007cf0:	81e2      	strh	r2, [r4, #14]
10007cf2:	60a1      	str	r1, [r4, #8]
10007cf4:	4293      	cmp	r3, r2
10007cf6:	d014      	beq.n	10007d22 <usbd_control_xfer_cb+0x8a>
10007cf8:	2d3f      	cmp	r5, #63	; 0x3f
10007cfa:	d912      	bls.n	10007d22 <usbd_control_xfer_cb+0x8a>
10007cfc:	89a5      	ldrh	r5, [r4, #12]
10007cfe:	1aa8      	subs	r0, r5, r2
10007d00:	1c07      	adds	r7, r0, #0
10007d02:	b280      	uxth	r0, r0
10007d04:	2840      	cmp	r0, #64	; 0x40
10007d06:	d82f      	bhi.n	10007d68 <usbd_control_xfer_cb+0xd0>
10007d08:	7823      	ldrb	r3, [r4, #0]
10007d0a:	b2bf      	uxth	r7, r7
10007d0c:	2b7f      	cmp	r3, #127	; 0x7f
10007d0e:	d82d      	bhi.n	10007d6c <usbd_control_xfer_cb+0xd4>
10007d10:	2100      	movs	r1, #0
10007d12:	42aa      	cmp	r2, r5
10007d14:	d035      	beq.n	10007d82 <usbd_control_xfer_cb+0xea>
10007d16:	4a1e      	ldr	r2, [pc, #120]	; (10007d90 <usbd_control_xfer_cb+0xf8>)
10007d18:	003b      	movs	r3, r7
10007d1a:	0030      	movs	r0, r6
10007d1c:	f7ff ff02 	bl	10007b24 <usbd_edpt_xfer>
10007d20:	e7c6      	b.n	10007cb0 <usbd_control_xfer_cb+0x18>
10007d22:	6923      	ldr	r3, [r4, #16]
10007d24:	2b00      	cmp	r3, #0
10007d26:	d005      	beq.n	10007d34 <usbd_control_xfer_cb+0x9c>
10007d28:	0022      	movs	r2, r4
10007d2a:	2102      	movs	r1, #2
10007d2c:	0030      	movs	r0, r6
10007d2e:	4798      	blx	r3
10007d30:	2800      	cmp	r0, #0
10007d32:	d00f      	beq.n	10007d54 <usbd_control_xfer_cb+0xbc>
10007d34:	227f      	movs	r2, #127	; 0x7f
10007d36:	2100      	movs	r1, #0
10007d38:	7823      	ldrb	r3, [r4, #0]
10007d3a:	0030      	movs	r0, r6
10007d3c:	429a      	cmp	r2, r3
10007d3e:	4149      	adcs	r1, r1
10007d40:	2300      	movs	r3, #0
10007d42:	2200      	movs	r2, #0
10007d44:	01c9      	lsls	r1, r1, #7
10007d46:	f7ff feed 	bl	10007b24 <usbd_edpt_xfer>
10007d4a:	e7b1      	b.n	10007cb0 <usbd_control_xfer_cb+0x18>
10007d4c:	2000      	movs	r0, #0
10007d4e:	e7af      	b.n	10007cb0 <usbd_control_xfer_cb+0x18>
10007d50:	2001      	movs	r0, #1
10007d52:	e7ad      	b.n	10007cb0 <usbd_control_xfer_cb+0x18>
10007d54:	2100      	movs	r1, #0
10007d56:	0030      	movs	r0, r6
10007d58:	f7ff f8f8 	bl	10006f4c <dcd_edpt_stall>
10007d5c:	0030      	movs	r0, r6
10007d5e:	2180      	movs	r1, #128	; 0x80
10007d60:	f7ff f8f4 	bl	10006f4c <dcd_edpt_stall>
10007d64:	2001      	movs	r0, #1
10007d66:	e7a3      	b.n	10007cb0 <usbd_control_xfer_cb+0x18>
10007d68:	2740      	movs	r7, #64	; 0x40
10007d6a:	e7cd      	b.n	10007d08 <usbd_control_xfer_cb+0x70>
10007d6c:	42aa      	cmp	r2, r5
10007d6e:	d007      	beq.n	10007d80 <usbd_control_xfer_cb+0xe8>
10007d70:	4c07      	ldr	r4, [pc, #28]	; (10007d90 <usbd_control_xfer_cb+0xf8>)
10007d72:	003a      	movs	r2, r7
10007d74:	0020      	movs	r0, r4
10007d76:	f7fe fa3d 	bl	100061f4 <__wrap___aeabi_memcpy>
10007d7a:	2180      	movs	r1, #128	; 0x80
10007d7c:	0022      	movs	r2, r4
10007d7e:	e7cb      	b.n	10007d18 <usbd_control_xfer_cb+0x80>
10007d80:	2180      	movs	r1, #128	; 0x80
10007d82:	2200      	movs	r2, #0
10007d84:	e7c8      	b.n	10007d18 <usbd_control_xfer_cb+0x80>
10007d86:	46c0      	nop			; (mov r8, r8)
10007d88:	20001e78 	.word	0x20001e78
10007d8c:	10006dfd 	.word	0x10006dfd
10007d90:	20001e94 	.word	0x20001e94

10007d94 <tud_cdc_n_connected>:
10007d94:	b510      	push	{r4, lr}
10007d96:	0004      	movs	r4, r0
10007d98:	f7ff f95a 	bl	10007050 <tud_mounted>
10007d9c:	2800      	cmp	r0, #0
10007d9e:	d101      	bne.n	10007da4 <tud_cdc_n_connected+0x10>
10007da0:	2000      	movs	r0, #0
10007da2:	bd10      	pop	{r4, pc}
10007da4:	f7ff f95c 	bl	10007060 <tud_suspended>
10007da8:	2800      	cmp	r0, #0
10007daa:	d1f9      	bne.n	10007da0 <tud_cdc_n_connected+0xc>
10007dac:	20b2      	movs	r0, #178	; 0xb2
10007dae:	0080      	lsls	r0, r0, #2
10007db0:	4344      	muls	r4, r0
10007db2:	4803      	ldr	r0, [pc, #12]	; (10007dc0 <tud_cdc_n_connected+0x2c>)
10007db4:	1900      	adds	r0, r0, r4
10007db6:	7903      	ldrb	r3, [r0, #4]
10007db8:	2001      	movs	r0, #1
10007dba:	4018      	ands	r0, r3
10007dbc:	e7f1      	b.n	10007da2 <tud_cdc_n_connected+0xe>
10007dbe:	46c0      	nop			; (mov r8, r8)
10007dc0:	20001bb0 	.word	0x20001bb0

10007dc4 <tud_cdc_n_available>:
10007dc4:	23b2      	movs	r3, #178	; 0xb2
10007dc6:	009b      	lsls	r3, r3, #2
10007dc8:	4358      	muls	r0, r3
10007dca:	b510      	push	{r4, lr}
10007dcc:	4b02      	ldr	r3, [pc, #8]	; (10007dd8 <tud_cdc_n_available+0x14>)
10007dce:	3010      	adds	r0, #16
10007dd0:	18c0      	adds	r0, r0, r3
10007dd2:	f000 fb57 	bl	10008484 <tu_fifo_count>
10007dd6:	bd10      	pop	{r4, pc}
10007dd8:	20001bb0 	.word	0x20001bb0

10007ddc <tud_cdc_n_read>:
10007ddc:	b5f0      	push	{r4, r5, r6, r7, lr}
10007dde:	25b2      	movs	r5, #178	; 0xb2
10007de0:	00ad      	lsls	r5, r5, #2
10007de2:	4345      	muls	r5, r0
10007de4:	002c      	movs	r4, r5
10007de6:	46c6      	mov	lr, r8
10007de8:	4f17      	ldr	r7, [pc, #92]	; (10007e48 <tud_cdc_n_read+0x6c>)
10007dea:	3410      	adds	r4, #16
10007dec:	19e4      	adds	r4, r4, r7
10007dee:	b500      	push	{lr}
10007df0:	0020      	movs	r0, r4
10007df2:	b292      	uxth	r2, r2
10007df4:	f000 fbca 	bl	1000858c <tu_fifo_read_n>
10007df8:	0006      	movs	r6, r0
10007dfa:	0020      	movs	r0, r4
10007dfc:	f000 fb60 	bl	100084c0 <tu_fifo_remaining>
10007e00:	283f      	cmp	r0, #63	; 0x3f
10007e02:	d803      	bhi.n	10007e0c <tud_cdc_n_read+0x30>
10007e04:	0030      	movs	r0, r6
10007e06:	bc80      	pop	{r7}
10007e08:	46b8      	mov	r8, r7
10007e0a:	bdf0      	pop	{r4, r5, r6, r7, pc}
10007e0c:	197b      	adds	r3, r7, r5
10007e0e:	2000      	movs	r0, #0
10007e10:	78d9      	ldrb	r1, [r3, #3]
10007e12:	4698      	mov	r8, r3
10007e14:	f7ff fe5e 	bl	10007ad4 <usbd_edpt_claim>
10007e18:	2800      	cmp	r0, #0
10007e1a:	d0f3      	beq.n	10007e04 <tud_cdc_n_read+0x28>
10007e1c:	0020      	movs	r0, r4
10007e1e:	f000 fb4f 	bl	100084c0 <tu_fifo_remaining>
10007e22:	283f      	cmp	r0, #63	; 0x3f
10007e24:	d90a      	bls.n	10007e3c <tud_cdc_n_read+0x60>
10007e26:	2392      	movs	r3, #146	; 0x92
10007e28:	009b      	lsls	r3, r3, #2
10007e2a:	18ea      	adds	r2, r5, r3
10007e2c:	4643      	mov	r3, r8
10007e2e:	19d2      	adds	r2, r2, r7
10007e30:	78d9      	ldrb	r1, [r3, #3]
10007e32:	2000      	movs	r0, #0
10007e34:	2340      	movs	r3, #64	; 0x40
10007e36:	f7ff fe75 	bl	10007b24 <usbd_edpt_xfer>
10007e3a:	e7e3      	b.n	10007e04 <tud_cdc_n_read+0x28>
10007e3c:	4643      	mov	r3, r8
10007e3e:	2000      	movs	r0, #0
10007e40:	78d9      	ldrb	r1, [r3, #3]
10007e42:	f7ff fe5b 	bl	10007afc <usbd_edpt_release>
10007e46:	e7dd      	b.n	10007e04 <tud_cdc_n_read+0x28>
10007e48:	20001bb0 	.word	0x20001bb0

10007e4c <tud_cdc_n_write_flush>:
10007e4c:	b5f8      	push	{r3, r4, r5, r6, r7, lr}
10007e4e:	0004      	movs	r4, r0
10007e50:	f7ff f8fe 	bl	10007050 <tud_mounted>
10007e54:	2800      	cmp	r0, #0
10007e56:	d101      	bne.n	10007e5c <tud_cdc_n_write_flush+0x10>
10007e58:	2000      	movs	r0, #0
10007e5a:	bdf8      	pop	{r3, r4, r5, r6, r7, pc}
10007e5c:	f7ff f900 	bl	10007060 <tud_suspended>
10007e60:	2800      	cmp	r0, #0
10007e62:	d1f9      	bne.n	10007e58 <tud_cdc_n_write_flush+0xc>
10007e64:	20b2      	movs	r0, #178	; 0xb2
10007e66:	0080      	lsls	r0, r0, #2
10007e68:	4344      	muls	r4, r0
10007e6a:	0025      	movs	r5, r4
10007e6c:	4e14      	ldr	r6, [pc, #80]	; (10007ec0 <tud_cdc_n_write_flush+0x74>)
10007e6e:	3524      	adds	r5, #36	; 0x24
10007e70:	19ad      	adds	r5, r5, r6
10007e72:	0028      	movs	r0, r5
10007e74:	f000 fb06 	bl	10008484 <tu_fifo_count>
10007e78:	2800      	cmp	r0, #0
10007e7a:	d0ed      	beq.n	10007e58 <tud_cdc_n_write_flush+0xc>
10007e7c:	1937      	adds	r7, r6, r4
10007e7e:	2000      	movs	r0, #0
10007e80:	78b9      	ldrb	r1, [r7, #2]
10007e82:	f7ff fe27 	bl	10007ad4 <usbd_edpt_claim>
10007e86:	2800      	cmp	r0, #0
10007e88:	d0e6      	beq.n	10007e58 <tud_cdc_n_write_flush+0xc>
10007e8a:	23a2      	movs	r3, #162	; 0xa2
10007e8c:	009b      	lsls	r3, r3, #2
10007e8e:	469c      	mov	ip, r3
10007e90:	4464      	add	r4, ip
10007e92:	19a4      	adds	r4, r4, r6
10007e94:	0021      	movs	r1, r4
10007e96:	0028      	movs	r0, r5
10007e98:	2240      	movs	r2, #64	; 0x40
10007e9a:	f000 fb77 	bl	1000858c <tu_fifo_read_n>
10007e9e:	78b9      	ldrb	r1, [r7, #2]
10007ea0:	1e05      	subs	r5, r0, #0
10007ea2:	d008      	beq.n	10007eb6 <tud_cdc_n_write_flush+0x6a>
10007ea4:	0003      	movs	r3, r0
10007ea6:	0022      	movs	r2, r4
10007ea8:	2000      	movs	r0, #0
10007eaa:	f7ff fe3b 	bl	10007b24 <usbd_edpt_xfer>
10007eae:	2800      	cmp	r0, #0
10007eb0:	d0d2      	beq.n	10007e58 <tud_cdc_n_write_flush+0xc>
10007eb2:	0028      	movs	r0, r5
10007eb4:	e7d1      	b.n	10007e5a <tud_cdc_n_write_flush+0xe>
10007eb6:	2000      	movs	r0, #0
10007eb8:	f7ff fe20 	bl	10007afc <usbd_edpt_release>
10007ebc:	e7cc      	b.n	10007e58 <tud_cdc_n_write_flush+0xc>
10007ebe:	46c0      	nop			; (mov r8, r8)
10007ec0:	20001bb0 	.word	0x20001bb0

10007ec4 <tud_cdc_n_write>:
10007ec4:	b570      	push	{r4, r5, r6, lr}
10007ec6:	24b2      	movs	r4, #178	; 0xb2
10007ec8:	00a4      	lsls	r4, r4, #2
10007eca:	4344      	muls	r4, r0
10007ecc:	4b09      	ldr	r3, [pc, #36]	; (10007ef4 <tud_cdc_n_write+0x30>)
10007ece:	3424      	adds	r4, #36	; 0x24
10007ed0:	18e4      	adds	r4, r4, r3
10007ed2:	0005      	movs	r5, r0
10007ed4:	b292      	uxth	r2, r2
10007ed6:	0020      	movs	r0, r4
10007ed8:	f000 fc12 	bl	10008700 <tu_fifo_write_n>
10007edc:	0006      	movs	r6, r0
10007ede:	0020      	movs	r0, r4
10007ee0:	f000 fad0 	bl	10008484 <tu_fifo_count>
10007ee4:	283f      	cmp	r0, #63	; 0x3f
10007ee6:	d801      	bhi.n	10007eec <tud_cdc_n_write+0x28>
10007ee8:	0030      	movs	r0, r6
10007eea:	bd70      	pop	{r4, r5, r6, pc}
10007eec:	0028      	movs	r0, r5
10007eee:	f7ff ffad 	bl	10007e4c <tud_cdc_n_write_flush>
10007ef2:	e7f9      	b.n	10007ee8 <tud_cdc_n_write+0x24>
10007ef4:	20001bb0 	.word	0x20001bb0

10007ef8 <tud_cdc_n_write_available>:
10007ef8:	23b2      	movs	r3, #178	; 0xb2
10007efa:	009b      	lsls	r3, r3, #2
10007efc:	4358      	muls	r0, r3
10007efe:	b510      	push	{r4, lr}
10007f00:	4b02      	ldr	r3, [pc, #8]	; (10007f0c <tud_cdc_n_write_available+0x14>)
10007f02:	3024      	adds	r0, #36	; 0x24
10007f04:	18c0      	adds	r0, r0, r3
10007f06:	f000 fadb 	bl	100084c0 <tu_fifo_remaining>
10007f0a:	bd10      	pop	{r4, pc}
10007f0c:	20001bb0 	.word	0x20001bb0

10007f10 <cdcd_init>:
10007f10:	22b2      	movs	r2, #178	; 0xb2
10007f12:	b5f0      	push	{r4, r5, r6, r7, lr}
10007f14:	4c1b      	ldr	r4, [pc, #108]	; (10007f84 <cdcd_init+0x74>)
10007f16:	b083      	sub	sp, #12
10007f18:	2100      	movs	r1, #0
10007f1a:	0020      	movs	r0, r4
10007f1c:	0092      	lsls	r2, r2, #2
10007f1e:	f7fe f963 	bl	100061e8 <__wrap_memset>
10007f22:	23ff      	movs	r3, #255	; 0xff
10007f24:	7163      	strb	r3, [r4, #5]
10007f26:	4b18      	ldr	r3, [pc, #96]	; (10007f88 <cdcd_init+0x78>)
10007f28:	2680      	movs	r6, #128	; 0x80
10007f2a:	2500      	movs	r5, #0
10007f2c:	80e3      	strh	r3, [r4, #6]
10007f2e:	2701      	movs	r7, #1
10007f30:	2308      	movs	r3, #8
10007f32:	0021      	movs	r1, r4
10007f34:	0020      	movs	r0, r4
10007f36:	0076      	lsls	r6, r6, #1
10007f38:	7323      	strb	r3, [r4, #12]
10007f3a:	0032      	movs	r2, r6
10007f3c:	8127      	strh	r7, [r4, #8]
10007f3e:	3138      	adds	r1, #56	; 0x38
10007f40:	9500      	str	r5, [sp, #0]
10007f42:	3b07      	subs	r3, #7
10007f44:	3010      	adds	r0, #16
10007f46:	f000 fa65 	bl	10008414 <tu_fifo_config>
10007f4a:	0021      	movs	r1, r4
10007f4c:	0020      	movs	r0, r4
10007f4e:	3139      	adds	r1, #57	; 0x39
10007f50:	0032      	movs	r2, r6
10007f52:	31ff      	adds	r1, #255	; 0xff
10007f54:	2301      	movs	r3, #1
10007f56:	9700      	str	r7, [sp, #0]
10007f58:	3024      	adds	r0, #36	; 0x24
10007f5a:	f000 fa5b 	bl	10008414 <tu_fifo_config>
10007f5e:	238e      	movs	r3, #142	; 0x8e
10007f60:	009b      	lsls	r3, r3, #2
10007f62:	18e6      	adds	r6, r4, r3
10007f64:	0030      	movs	r0, r6
10007f66:	f7f9 fe75 	bl	10001c54 <mutex_init>
10007f6a:	2390      	movs	r3, #144	; 0x90
10007f6c:	009b      	lsls	r3, r3, #2
10007f6e:	6226      	str	r6, [r4, #32]
10007f70:	18e6      	adds	r6, r4, r3
10007f72:	0030      	movs	r0, r6
10007f74:	61e5      	str	r5, [r4, #28]
10007f76:	f7f9 fe6d 	bl	10001c54 <mutex_init>
10007f7a:	6326      	str	r6, [r4, #48]	; 0x30
10007f7c:	6365      	str	r5, [r4, #52]	; 0x34
10007f7e:	b003      	add	sp, #12
10007f80:	bdf0      	pop	{r4, r5, r6, r7, pc}
10007f82:	46c0      	nop			; (mov r8, r8)
10007f84:	20001bb0 	.word	0x20001bb0
10007f88:	ffffc200 	.word	0xffffc200

10007f8c <cdcd_reset>:
10007f8c:	b510      	push	{r4, lr}
10007f8e:	4c09      	ldr	r4, [pc, #36]	; (10007fb4 <cdcd_reset+0x28>)
10007f90:	2205      	movs	r2, #5
10007f92:	2100      	movs	r1, #0
10007f94:	0020      	movs	r0, r4
10007f96:	f7fe f927 	bl	100061e8 <__wrap_memset>
10007f9a:	0020      	movs	r0, r4
10007f9c:	3424      	adds	r4, #36	; 0x24
10007f9e:	3010      	adds	r0, #16
10007fa0:	f000 fc62 	bl	10008868 <tu_fifo_clear>
10007fa4:	0020      	movs	r0, r4
10007fa6:	f000 fc5f 	bl	10008868 <tu_fifo_clear>
10007faa:	2101      	movs	r1, #1
10007fac:	0020      	movs	r0, r4
10007fae:	f000 fc7b 	bl	100088a8 <tu_fifo_set_overwritable>
10007fb2:	bd10      	pop	{r4, pc}
10007fb4:	20001bb0 	.word	0x20001bb0

10007fb8 <cdcd_open>:
10007fb8:	b5f0      	push	{r4, r5, r6, r7, lr}
10007fba:	794b      	ldrb	r3, [r1, #5]
10007fbc:	0006      	movs	r6, r0
10007fbe:	b083      	sub	sp, #12
10007fc0:	2b02      	cmp	r3, #2
10007fc2:	d102      	bne.n	10007fca <cdcd_open+0x12>
10007fc4:	798b      	ldrb	r3, [r1, #6]
10007fc6:	2b02      	cmp	r3, #2
10007fc8:	d003      	beq.n	10007fd2 <cdcd_open+0x1a>
10007fca:	2500      	movs	r5, #0
10007fcc:	0028      	movs	r0, r5
10007fce:	b003      	add	sp, #12
10007fd0:	bdf0      	pop	{r4, r5, r6, r7, pc}
10007fd2:	4f30      	ldr	r7, [pc, #192]	; (10008094 <cdcd_open+0xdc>)
10007fd4:	78bb      	ldrb	r3, [r7, #2]
10007fd6:	2b00      	cmp	r3, #0
10007fd8:	d1f7      	bne.n	10007fca <cdcd_open+0x12>
10007fda:	788b      	ldrb	r3, [r1, #2]
10007fdc:	2509      	movs	r5, #9
10007fde:	703b      	strb	r3, [r7, #0]
10007fe0:	780c      	ldrb	r4, [r1, #0]
10007fe2:	190c      	adds	r4, r1, r4
10007fe4:	7863      	ldrb	r3, [r4, #1]
10007fe6:	2b24      	cmp	r3, #36	; 0x24
10007fe8:	d10b      	bne.n	10008002 <cdcd_open+0x4a>
10007fea:	2a08      	cmp	r2, #8
10007fec:	d802      	bhi.n	10007ff4 <cdcd_open+0x3c>
10007fee:	e00f      	b.n	10008010 <cdcd_open+0x58>
10007ff0:	42aa      	cmp	r2, r5
10007ff2:	d30d      	bcc.n	10008010 <cdcd_open+0x58>
10007ff4:	7823      	ldrb	r3, [r4, #0]
10007ff6:	18e4      	adds	r4, r4, r3
10007ff8:	18ed      	adds	r5, r5, r3
10007ffa:	7863      	ldrb	r3, [r4, #1]
10007ffc:	b2ad      	uxth	r5, r5
10007ffe:	2b24      	cmp	r3, #36	; 0x24
10008000:	d0f6      	beq.n	10007ff0 <cdcd_open+0x38>
10008002:	2b05      	cmp	r3, #5
10008004:	d021      	beq.n	1000804a <cdcd_open+0x92>
10008006:	2b04      	cmp	r3, #4
10008008:	d102      	bne.n	10008010 <cdcd_open+0x58>
1000800a:	7963      	ldrb	r3, [r4, #5]
1000800c:	2b0a      	cmp	r3, #10
1000800e:	d02f      	beq.n	10008070 <cdcd_open+0xb8>
10008010:	4c21      	ldr	r4, [pc, #132]	; (10008098 <cdcd_open+0xe0>)
10008012:	0020      	movs	r0, r4
10008014:	f000 fa54 	bl	100084c0 <tu_fifo_remaining>
10008018:	283f      	cmp	r0, #63	; 0x3f
1000801a:	d9d7      	bls.n	10007fcc <cdcd_open+0x14>
1000801c:	0026      	movs	r6, r4
1000801e:	3e10      	subs	r6, #16
10008020:	2000      	movs	r0, #0
10008022:	78f1      	ldrb	r1, [r6, #3]
10008024:	f7ff fd56 	bl	10007ad4 <usbd_edpt_claim>
10008028:	2800      	cmp	r0, #0
1000802a:	d0cf      	beq.n	10007fcc <cdcd_open+0x14>
1000802c:	0020      	movs	r0, r4
1000802e:	f000 fa47 	bl	100084c0 <tu_fifo_remaining>
10008032:	283f      	cmp	r0, #63	; 0x3f
10008034:	d917      	bls.n	10008066 <cdcd_open+0xae>
10008036:	238e      	movs	r3, #142	; 0x8e
10008038:	009b      	lsls	r3, r3, #2
1000803a:	18e2      	adds	r2, r4, r3
1000803c:	3bf9      	subs	r3, #249	; 0xf9
1000803e:	78f1      	ldrb	r1, [r6, #3]
10008040:	3bff      	subs	r3, #255	; 0xff
10008042:	2000      	movs	r0, #0
10008044:	f7ff fd6e 	bl	10007b24 <usbd_edpt_xfer>
10008048:	e7c0      	b.n	10007fcc <cdcd_open+0x14>
1000804a:	0021      	movs	r1, r4
1000804c:	0030      	movs	r0, r6
1000804e:	f7ff fd27 	bl	10007aa0 <usbd_edpt_open>
10008052:	2800      	cmp	r0, #0
10008054:	d0b9      	beq.n	10007fca <cdcd_open+0x12>
10008056:	78a3      	ldrb	r3, [r4, #2]
10008058:	707b      	strb	r3, [r7, #1]
1000805a:	7823      	ldrb	r3, [r4, #0]
1000805c:	18ed      	adds	r5, r5, r3
1000805e:	18e4      	adds	r4, r4, r3
10008060:	7863      	ldrb	r3, [r4, #1]
10008062:	b2ad      	uxth	r5, r5
10008064:	e7cf      	b.n	10008006 <cdcd_open+0x4e>
10008066:	78f1      	ldrb	r1, [r6, #3]
10008068:	2000      	movs	r0, #0
1000806a:	f7ff fd47 	bl	10007afc <usbd_edpt_release>
1000806e:	e7ad      	b.n	10007fcc <cdcd_open+0x14>
10008070:	4b0a      	ldr	r3, [pc, #40]	; (1000809c <cdcd_open+0xe4>)
10008072:	7827      	ldrb	r7, [r4, #0]
10008074:	9301      	str	r3, [sp, #4]
10008076:	3301      	adds	r3, #1
10008078:	9300      	str	r3, [sp, #0]
1000807a:	2202      	movs	r2, #2
1000807c:	2302      	movs	r3, #2
1000807e:	0030      	movs	r0, r6
10008080:	19e1      	adds	r1, r4, r7
10008082:	f7ff fc9b 	bl	100079bc <usbd_open_edpt_pair>
10008086:	2800      	cmp	r0, #0
10008088:	d09f      	beq.n	10007fca <cdcd_open+0x12>
1000808a:	350e      	adds	r5, #14
1000808c:	19ed      	adds	r5, r5, r7
1000808e:	b2ad      	uxth	r5, r5
10008090:	e7be      	b.n	10008010 <cdcd_open+0x58>
10008092:	46c0      	nop			; (mov r8, r8)
10008094:	20001bb0 	.word	0x20001bb0
10008098:	20001bc0 	.word	0x20001bc0
1000809c:	20001bb2 	.word	0x20001bb2

100080a0 <cdcd_control_xfer_cb>:
100080a0:	b5f8      	push	{r3, r4, r5, r6, r7, lr}
100080a2:	2360      	movs	r3, #96	; 0x60
100080a4:	0014      	movs	r4, r2
100080a6:	7812      	ldrb	r2, [r2, #0]
100080a8:	0005      	movs	r5, r0
100080aa:	4013      	ands	r3, r2
100080ac:	2000      	movs	r0, #0
100080ae:	2b20      	cmp	r3, #32
100080b0:	d112      	bne.n	100080d8 <cdcd_control_xfer_cb+0x38>
100080b2:	4a2f      	ldr	r2, [pc, #188]	; (10008170 <cdcd_control_xfer_cb+0xd0>)
100080b4:	7963      	ldrb	r3, [r4, #5]
100080b6:	7927      	ldrb	r7, [r4, #4]
100080b8:	7816      	ldrb	r6, [r2, #0]
100080ba:	021b      	lsls	r3, r3, #8
100080bc:	433b      	orrs	r3, r7
100080be:	429e      	cmp	r6, r3
100080c0:	d10a      	bne.n	100080d8 <cdcd_control_xfer_cb+0x38>
100080c2:	7863      	ldrb	r3, [r4, #1]
100080c4:	2b22      	cmp	r3, #34	; 0x22
100080c6:	d027      	beq.n	10008118 <cdcd_control_xfer_cb+0x78>
100080c8:	d807      	bhi.n	100080da <cdcd_control_xfer_cb+0x3a>
100080ca:	2b20      	cmp	r3, #32
100080cc:	d017      	beq.n	100080fe <cdcd_control_xfer_cb+0x5e>
100080ce:	2b21      	cmp	r3, #33	; 0x21
100080d0:	d102      	bne.n	100080d8 <cdcd_control_xfer_cb+0x38>
100080d2:	2901      	cmp	r1, #1
100080d4:	d03d      	beq.n	10008152 <cdcd_control_xfer_cb+0xb2>
100080d6:	2001      	movs	r0, #1
100080d8:	bdf8      	pop	{r3, r4, r5, r6, r7, pc}
100080da:	2b23      	cmp	r3, #35	; 0x23
100080dc:	d1fc      	bne.n	100080d8 <cdcd_control_xfer_cb+0x38>
100080de:	2901      	cmp	r1, #1
100080e0:	d03f      	beq.n	10008162 <cdcd_control_xfer_cb+0xc2>
100080e2:	2903      	cmp	r1, #3
100080e4:	d1f7      	bne.n	100080d6 <cdcd_control_xfer_cb+0x36>
100080e6:	4b23      	ldr	r3, [pc, #140]	; (10008174 <cdcd_control_xfer_cb+0xd4>)
100080e8:	2b00      	cmp	r3, #0
100080ea:	d0f4      	beq.n	100080d6 <cdcd_control_xfer_cb+0x36>
100080ec:	78e1      	ldrb	r1, [r4, #3]
100080ee:	78a3      	ldrb	r3, [r4, #2]
100080f0:	0209      	lsls	r1, r1, #8
100080f2:	2000      	movs	r0, #0
100080f4:	4319      	orrs	r1, r3
100080f6:	e000      	b.n	100080fa <cdcd_control_xfer_cb+0x5a>
100080f8:	bf00      	nop
100080fa:	2001      	movs	r0, #1
100080fc:	e7ec      	b.n	100080d8 <cdcd_control_xfer_cb+0x38>
100080fe:	2901      	cmp	r1, #1
10008100:	d027      	beq.n	10008152 <cdcd_control_xfer_cb+0xb2>
10008102:	2903      	cmp	r1, #3
10008104:	d1e7      	bne.n	100080d6 <cdcd_control_xfer_cb+0x36>
10008106:	4b1c      	ldr	r3, [pc, #112]	; (10008178 <cdcd_control_xfer_cb+0xd8>)
10008108:	2b00      	cmp	r3, #0
1000810a:	d0e4      	beq.n	100080d6 <cdcd_control_xfer_cb+0x36>
1000810c:	2000      	movs	r0, #0
1000810e:	1d91      	adds	r1, r2, #6
10008110:	f7fe fadc 	bl	100066cc <tud_cdc_line_coding_cb>
10008114:	2001      	movs	r0, #1
10008116:	e7df      	b.n	100080d8 <cdcd_control_xfer_cb+0x38>
10008118:	2901      	cmp	r1, #1
1000811a:	d022      	beq.n	10008162 <cdcd_control_xfer_cb+0xc2>
1000811c:	2903      	cmp	r1, #3
1000811e:	d1da      	bne.n	100080d6 <cdcd_control_xfer_cb+0x36>
10008120:	2501      	movs	r5, #1
10008122:	002e      	movs	r6, r5
10008124:	78a3      	ldrb	r3, [r4, #2]
10008126:	78e4      	ldrb	r4, [r4, #3]
10008128:	3902      	subs	r1, #2
1000812a:	0224      	lsls	r4, r4, #8
1000812c:	431c      	orrs	r4, r3
1000812e:	7114      	strb	r4, [r2, #4]
10008130:	4026      	ands	r6, r4
10008132:	3224      	adds	r2, #36	; 0x24
10008134:	0010      	movs	r0, r2
10008136:	4071      	eors	r1, r6
10008138:	f000 fbb6 	bl	100088a8 <tu_fifo_set_overwritable>
1000813c:	4b0f      	ldr	r3, [pc, #60]	; (1000817c <cdcd_control_xfer_cb+0xdc>)
1000813e:	2b00      	cmp	r3, #0
10008140:	d0c9      	beq.n	100080d6 <cdcd_control_xfer_cb+0x36>
10008142:	0862      	lsrs	r2, r4, #1
10008144:	2000      	movs	r0, #0
10008146:	0031      	movs	r1, r6
10008148:	402a      	ands	r2, r5
1000814a:	e000      	b.n	1000814e <cdcd_control_xfer_cb+0xae>
1000814c:	bf00      	nop
1000814e:	2001      	movs	r0, #1
10008150:	e7c2      	b.n	100080d8 <cdcd_control_xfer_cb+0x38>
10008152:	2307      	movs	r3, #7
10008154:	0021      	movs	r1, r4
10008156:	0028      	movs	r0, r5
10008158:	4a09      	ldr	r2, [pc, #36]	; (10008180 <cdcd_control_xfer_cb+0xe0>)
1000815a:	f7ff fd21 	bl	10007ba0 <tud_control_xfer>
1000815e:	2001      	movs	r0, #1
10008160:	e7ba      	b.n	100080d8 <cdcd_control_xfer_cb+0x38>
10008162:	0021      	movs	r1, r4
10008164:	0028      	movs	r0, r5
10008166:	f7ff fd03 	bl	10007b70 <tud_control_status>
1000816a:	2001      	movs	r0, #1
1000816c:	e7b4      	b.n	100080d8 <cdcd_control_xfer_cb+0x38>
1000816e:	46c0      	nop			; (mov r8, r8)
10008170:	20001bb0 	.word	0x20001bb0
10008174:	00000000 	.word	0x00000000
10008178:	100066cd 	.word	0x100066cd
1000817c:	00000000 	.word	0x00000000
10008180:	20001bb6 	.word	0x20001bb6

10008184 <cdcd_xfer_cb>:
10008184:	b5f8      	push	{r3, r4, r5, r6, r7, lr}
10008186:	4657      	mov	r7, sl
10008188:	464e      	mov	r6, r9
1000818a:	4645      	mov	r5, r8
1000818c:	46de      	mov	lr, fp
1000818e:	b5e0      	push	{r5, r6, r7, lr}
10008190:	4f49      	ldr	r7, [pc, #292]	; (100082b8 <cdcd_xfer_cb+0x134>)
10008192:	4680      	mov	r8, r0
10008194:	78fa      	ldrb	r2, [r7, #3]
10008196:	000c      	movs	r4, r1
10008198:	001e      	movs	r6, r3
1000819a:	428a      	cmp	r2, r1
1000819c:	d164      	bne.n	10008268 <cdcd_xfer_cb+0xe4>
1000819e:	b29a      	uxth	r2, r3
100081a0:	2392      	movs	r3, #146	; 0x92
100081a2:	009b      	lsls	r3, r3, #2
100081a4:	18fd      	adds	r5, r7, r3
100081a6:	2310      	movs	r3, #16
100081a8:	469b      	mov	fp, r3
100081aa:	44bb      	add	fp, r7
100081ac:	0029      	movs	r1, r5
100081ae:	4658      	mov	r0, fp
100081b0:	f000 faa6 	bl	10008700 <tu_fifo_write_n>
100081b4:	4b41      	ldr	r3, [pc, #260]	; (100082bc <cdcd_xfer_cb+0x138>)
100081b6:	46d9      	mov	r9, fp
100081b8:	2b00      	cmp	r3, #0
100081ba:	d018      	beq.n	100081ee <cdcd_xfer_cb+0x6a>
100081bc:	797b      	ldrb	r3, [r7, #5]
100081be:	46d9      	mov	r9, fp
100081c0:	2bff      	cmp	r3, #255	; 0xff
100081c2:	d014      	beq.n	100081ee <cdcd_xfer_cb+0x6a>
100081c4:	2e00      	cmp	r6, #0
100081c6:	d012      	beq.n	100081ee <cdcd_xfer_cb+0x6a>
100081c8:	19aa      	adds	r2, r5, r6
100081ca:	4692      	mov	sl, r2
100081cc:	e003      	b.n	100081d6 <cdcd_xfer_cb+0x52>
100081ce:	3501      	adds	r5, #1
100081d0:	4555      	cmp	r5, sl
100081d2:	d00c      	beq.n	100081ee <cdcd_xfer_cb+0x6a>
100081d4:	797b      	ldrb	r3, [r7, #5]
100081d6:	782a      	ldrb	r2, [r5, #0]
100081d8:	429a      	cmp	r2, r3
100081da:	d1f8      	bne.n	100081ce <cdcd_xfer_cb+0x4a>
100081dc:	4648      	mov	r0, r9
100081de:	f000 f967 	bl	100084b0 <tu_fifo_empty>
100081e2:	2800      	cmp	r0, #0
100081e4:	d1f3      	bne.n	100081ce <cdcd_xfer_cb+0x4a>
100081e6:	7979      	ldrb	r1, [r7, #5]
100081e8:	e000      	b.n	100081ec <cdcd_xfer_cb+0x68>
100081ea:	bf00      	nop
100081ec:	e7ef      	b.n	100081ce <cdcd_xfer_cb+0x4a>
100081ee:	4b34      	ldr	r3, [pc, #208]	; (100082c0 <cdcd_xfer_cb+0x13c>)
100081f0:	2b00      	cmp	r3, #0
100081f2:	d004      	beq.n	100081fe <cdcd_xfer_cb+0x7a>
100081f4:	4648      	mov	r0, r9
100081f6:	f000 f95b 	bl	100084b0 <tu_fifo_empty>
100081fa:	2800      	cmp	r0, #0
100081fc:	d052      	beq.n	100082a4 <cdcd_xfer_cb+0x120>
100081fe:	4648      	mov	r0, r9
10008200:	f000 f95e 	bl	100084c0 <tu_fifo_remaining>
10008204:	283f      	cmp	r0, #63	; 0x3f
10008206:	d834      	bhi.n	10008272 <cdcd_xfer_cb+0xee>
10008208:	464a      	mov	r2, r9
1000820a:	3a10      	subs	r2, #16
1000820c:	7893      	ldrb	r3, [r2, #2]
1000820e:	42a3      	cmp	r3, r4
10008210:	d007      	beq.n	10008222 <cdcd_xfer_cb+0x9e>
10008212:	2401      	movs	r4, #1
10008214:	0020      	movs	r0, r4
10008216:	bcf0      	pop	{r4, r5, r6, r7}
10008218:	46bb      	mov	fp, r7
1000821a:	46b2      	mov	sl, r6
1000821c:	46a9      	mov	r9, r5
1000821e:	46a0      	mov	r8, r4
10008220:	bdf8      	pop	{r3, r4, r5, r6, r7, pc}
10008222:	4b28      	ldr	r3, [pc, #160]	; (100082c4 <cdcd_xfer_cb+0x140>)
10008224:	2b00      	cmp	r3, #0
10008226:	d002      	beq.n	1000822e <cdcd_xfer_cb+0xaa>
10008228:	2000      	movs	r0, #0
1000822a:	e000      	b.n	1000822e <cdcd_xfer_cb+0xaa>
1000822c:	bf00      	nop
1000822e:	2000      	movs	r0, #0
10008230:	f7ff fe0c 	bl	10007e4c <tud_cdc_n_write_flush>
10008234:	2800      	cmp	r0, #0
10008236:	d1ec      	bne.n	10008212 <cdcd_xfer_cb+0x8e>
10008238:	4d23      	ldr	r5, [pc, #140]	; (100082c8 <cdcd_xfer_cb+0x144>)
1000823a:	0028      	movs	r0, r5
1000823c:	f000 f922 	bl	10008484 <tu_fifo_count>
10008240:	2800      	cmp	r0, #0
10008242:	d1e6      	bne.n	10008212 <cdcd_xfer_cb+0x8e>
10008244:	2e00      	cmp	r6, #0
10008246:	d0e4      	beq.n	10008212 <cdcd_xfer_cb+0x8e>
10008248:	06b3      	lsls	r3, r6, #26
1000824a:	d1e2      	bne.n	10008212 <cdcd_xfer_cb+0x8e>
1000824c:	3d24      	subs	r5, #36	; 0x24
1000824e:	4640      	mov	r0, r8
10008250:	78a9      	ldrb	r1, [r5, #2]
10008252:	f7ff fc3f 	bl	10007ad4 <usbd_edpt_claim>
10008256:	1e04      	subs	r4, r0, #0
10008258:	d0db      	beq.n	10008212 <cdcd_xfer_cb+0x8e>
1000825a:	2300      	movs	r3, #0
1000825c:	2200      	movs	r2, #0
1000825e:	4640      	mov	r0, r8
10008260:	78a9      	ldrb	r1, [r5, #2]
10008262:	f7ff fc5f 	bl	10007b24 <usbd_edpt_xfer>
10008266:	e7d5      	b.n	10008214 <cdcd_xfer_cb+0x90>
10008268:	78bb      	ldrb	r3, [r7, #2]
1000826a:	428b      	cmp	r3, r1
1000826c:	d0d9      	beq.n	10008222 <cdcd_xfer_cb+0x9e>
1000826e:	2400      	movs	r4, #0
10008270:	e7d0      	b.n	10008214 <cdcd_xfer_cb+0x90>
10008272:	464d      	mov	r5, r9
10008274:	3d10      	subs	r5, #16
10008276:	2000      	movs	r0, #0
10008278:	78e9      	ldrb	r1, [r5, #3]
1000827a:	f7ff fc2b 	bl	10007ad4 <usbd_edpt_claim>
1000827e:	2800      	cmp	r0, #0
10008280:	d101      	bne.n	10008286 <cdcd_xfer_cb+0x102>
10008282:	78ab      	ldrb	r3, [r5, #2]
10008284:	e7c3      	b.n	1000820e <cdcd_xfer_cb+0x8a>
10008286:	4648      	mov	r0, r9
10008288:	f000 f91a 	bl	100084c0 <tu_fifo_remaining>
1000828c:	283f      	cmp	r0, #63	; 0x3f
1000828e:	d90c      	bls.n	100082aa <cdcd_xfer_cb+0x126>
10008290:	228e      	movs	r2, #142	; 0x8e
10008292:	0092      	lsls	r2, r2, #2
10008294:	2340      	movs	r3, #64	; 0x40
10008296:	2000      	movs	r0, #0
10008298:	78e9      	ldrb	r1, [r5, #3]
1000829a:	444a      	add	r2, r9
1000829c:	f7ff fc42 	bl	10007b24 <usbd_edpt_xfer>
100082a0:	78ab      	ldrb	r3, [r5, #2]
100082a2:	e7b4      	b.n	1000820e <cdcd_xfer_cb+0x8a>
100082a4:	f7fe fb84 	bl	100069b0 <tud_cdc_rx_cb>
100082a8:	e7a9      	b.n	100081fe <cdcd_xfer_cb+0x7a>
100082aa:	2000      	movs	r0, #0
100082ac:	78e9      	ldrb	r1, [r5, #3]
100082ae:	f7ff fc25 	bl	10007afc <usbd_edpt_release>
100082b2:	78ab      	ldrb	r3, [r5, #2]
100082b4:	e7ab      	b.n	1000820e <cdcd_xfer_cb+0x8a>
100082b6:	46c0      	nop			; (mov r8, r8)
100082b8:	20001bb0 	.word	0x20001bb0
100082bc:	00000000 	.word	0x00000000
100082c0:	100069b1 	.word	0x100069b1
100082c4:	00000000 	.word	0x00000000
100082c8:	20001bd4 	.word	0x20001bd4

100082cc <tusb_init>:
100082cc:	b510      	push	{r4, lr}
100082ce:	2000      	movs	r0, #0
100082d0:	f7fe fed8 	bl	10007084 <tud_init>
100082d4:	bd10      	pop	{r4, pc}
100082d6:	46c0      	nop			; (mov r8, r8)

100082d8 <tusb_inited>:
100082d8:	b510      	push	{r4, lr}
100082da:	f7fe fec9 	bl	10007070 <tud_inited>
100082de:	bd10      	pop	{r4, pc}

100082e0 <tu_edpt_claim>:
100082e0:	7803      	ldrb	r3, [r0, #0]
100082e2:	b570      	push	{r4, r5, r6, lr}
100082e4:	07db      	lsls	r3, r3, #31
100082e6:	0004      	movs	r4, r0
100082e8:	000e      	movs	r6, r1
100082ea:	0fdd      	lsrs	r5, r3, #31
100082ec:	2b00      	cmp	r3, #0
100082ee:	d117      	bne.n	10008320 <tu_edpt_claim+0x40>
100082f0:	7803      	ldrb	r3, [r0, #0]
100082f2:	075b      	lsls	r3, r3, #29
100082f4:	d501      	bpl.n	100082fa <tu_edpt_claim+0x1a>
100082f6:	0028      	movs	r0, r5
100082f8:	bd70      	pop	{r4, r5, r6, pc}
100082fa:	2101      	movs	r1, #1
100082fc:	0030      	movs	r0, r6
100082fe:	4249      	negs	r1, r1
10008300:	f001 f97e 	bl	10009600 <__mutex_enter_timeout_ms_veneer>
10008304:	7823      	ldrb	r3, [r4, #0]
10008306:	07db      	lsls	r3, r3, #31
10008308:	0fdd      	lsrs	r5, r3, #31
1000830a:	2b00      	cmp	r3, #0
1000830c:	d10a      	bne.n	10008324 <tu_edpt_claim+0x44>
1000830e:	7823      	ldrb	r3, [r4, #0]
10008310:	075b      	lsls	r3, r3, #29
10008312:	d408      	bmi.n	10008326 <tu_edpt_claim+0x46>
10008314:	2204      	movs	r2, #4
10008316:	7823      	ldrb	r3, [r4, #0]
10008318:	2501      	movs	r5, #1
1000831a:	4313      	orrs	r3, r2
1000831c:	7023      	strb	r3, [r4, #0]
1000831e:	e002      	b.n	10008326 <tu_edpt_claim+0x46>
10008320:	2500      	movs	r5, #0
10008322:	e7e8      	b.n	100082f6 <tu_edpt_claim+0x16>
10008324:	2500      	movs	r5, #0
10008326:	0030      	movs	r0, r6
10008328:	f001 f94a 	bl	100095c0 <__mutex_exit_veneer>
1000832c:	e7e3      	b.n	100082f6 <tu_edpt_claim+0x16>
1000832e:	46c0      	nop			; (mov r8, r8)

10008330 <tu_edpt_release>:
10008330:	b570      	push	{r4, r5, r6, lr}
10008332:	000d      	movs	r5, r1
10008334:	2101      	movs	r1, #1
10008336:	0004      	movs	r4, r0
10008338:	4249      	negs	r1, r1
1000833a:	0028      	movs	r0, r5
1000833c:	f001 f960 	bl	10009600 <__mutex_enter_timeout_ms_veneer>
10008340:	7823      	ldrb	r3, [r4, #0]
10008342:	075b      	lsls	r3, r3, #29
10008344:	0fde      	lsrs	r6, r3, #31
10008346:	2b00      	cmp	r3, #0
10008348:	db04      	blt.n	10008354 <tu_edpt_release+0x24>
1000834a:	0028      	movs	r0, r5
1000834c:	f001 f938 	bl	100095c0 <__mutex_exit_veneer>
10008350:	0030      	movs	r0, r6
10008352:	bd70      	pop	{r4, r5, r6, pc}
10008354:	7823      	ldrb	r3, [r4, #0]
10008356:	07db      	lsls	r3, r3, #31
10008358:	d404      	bmi.n	10008364 <tu_edpt_release+0x34>
1000835a:	2204      	movs	r2, #4
1000835c:	7823      	ldrb	r3, [r4, #0]
1000835e:	4393      	bics	r3, r2
10008360:	7023      	strb	r3, [r4, #0]
10008362:	e7f2      	b.n	1000834a <tu_edpt_release+0x1a>
10008364:	2600      	movs	r6, #0
10008366:	e7f0      	b.n	1000834a <tu_edpt_release+0x1a>

10008368 <tu_edpt_validate>:
10008368:	b510      	push	{r4, lr}
1000836a:	7943      	ldrb	r3, [r0, #5]
1000836c:	7904      	ldrb	r4, [r0, #4]
1000836e:	021b      	lsls	r3, r3, #8
10008370:	4323      	orrs	r3, r4
10008372:	055b      	lsls	r3, r3, #21
10008374:	0d5a      	lsrs	r2, r3, #21
10008376:	78c3      	ldrb	r3, [r0, #3]
10008378:	079b      	lsls	r3, r3, #30
1000837a:	0f9b      	lsrs	r3, r3, #30
1000837c:	2b02      	cmp	r3, #2
1000837e:	d005      	beq.n	1000838c <tu_edpt_validate+0x24>
10008380:	2b03      	cmp	r3, #3
10008382:	d015      	beq.n	100083b0 <tu_edpt_validate+0x48>
10008384:	2000      	movs	r0, #0
10008386:	2b01      	cmp	r3, #1
10008388:	d008      	beq.n	1000839c <tu_edpt_validate+0x34>
1000838a:	bd10      	pop	{r4, pc}
1000838c:	2902      	cmp	r1, #2
1000838e:	d01c      	beq.n	100083ca <tu_edpt_validate+0x62>
10008390:	2000      	movs	r0, #0
10008392:	2340      	movs	r3, #64	; 0x40
10008394:	4293      	cmp	r3, r2
10008396:	4140      	adcs	r0, r0
10008398:	b2c0      	uxtb	r0, r0
1000839a:	e7f6      	b.n	1000838a <tu_edpt_validate+0x22>
1000839c:	3902      	subs	r1, #2
1000839e:	424b      	negs	r3, r1
100083a0:	4159      	adcs	r1, r3
100083a2:	4b0d      	ldr	r3, [pc, #52]	; (100083d8 <tu_edpt_validate+0x70>)
100083a4:	469c      	mov	ip, r3
100083a6:	4461      	add	r1, ip
100083a8:	4291      	cmp	r1, r2
100083aa:	4140      	adcs	r0, r0
100083ac:	b2c0      	uxtb	r0, r0
100083ae:	e7ec      	b.n	1000838a <tu_edpt_validate+0x22>
100083b0:	3902      	subs	r1, #2
100083b2:	424b      	negs	r3, r1
100083b4:	4159      	adcs	r1, r3
100083b6:	23f0      	movs	r3, #240	; 0xf0
100083b8:	2000      	movs	r0, #0
100083ba:	4249      	negs	r1, r1
100083bc:	009b      	lsls	r3, r3, #2
100083be:	4019      	ands	r1, r3
100083c0:	3140      	adds	r1, #64	; 0x40
100083c2:	4291      	cmp	r1, r2
100083c4:	4140      	adcs	r0, r0
100083c6:	b2c0      	uxtb	r0, r0
100083c8:	e7df      	b.n	1000838a <tu_edpt_validate+0x22>
100083ca:	4b04      	ldr	r3, [pc, #16]	; (100083dc <tu_edpt_validate+0x74>)
100083cc:	18d3      	adds	r3, r2, r3
100083ce:	425a      	negs	r2, r3
100083d0:	4153      	adcs	r3, r2
100083d2:	b2d8      	uxtb	r0, r3
100083d4:	e7d9      	b.n	1000838a <tu_edpt_validate+0x22>
100083d6:	46c0      	nop			; (mov r8, r8)
100083d8:	000003ff 	.word	0x000003ff
100083dc:	fffffe00 	.word	0xfffffe00

100083e0 <tu_edpt_bind_driver>:
100083e0:	188a      	adds	r2, r1, r2
100083e2:	b570      	push	{r4, r5, r6, lr}
100083e4:	4291      	cmp	r1, r2
100083e6:	d207      	bcs.n	100083f8 <tu_edpt_bind_driver+0x18>
100083e8:	267f      	movs	r6, #127	; 0x7f
100083ea:	784c      	ldrb	r4, [r1, #1]
100083ec:	2c05      	cmp	r4, #5
100083ee:	d004      	beq.n	100083fa <tu_edpt_bind_driver+0x1a>
100083f0:	780c      	ldrb	r4, [r1, #0]
100083f2:	1909      	adds	r1, r1, r4
100083f4:	428a      	cmp	r2, r1
100083f6:	d8f8      	bhi.n	100083ea <tu_edpt_bind_driver+0xa>
100083f8:	bd70      	pop	{r4, r5, r6, pc}
100083fa:	0034      	movs	r4, r6
100083fc:	788d      	ldrb	r5, [r1, #2]
100083fe:	402c      	ands	r4, r5
10008400:	0064      	lsls	r4, r4, #1
10008402:	1904      	adds	r4, r0, r4
10008404:	09ed      	lsrs	r5, r5, #7
10008406:	5563      	strb	r3, [r4, r5]
10008408:	780c      	ldrb	r4, [r1, #0]
1000840a:	1909      	adds	r1, r1, r4
1000840c:	428a      	cmp	r2, r1
1000840e:	d8ec      	bhi.n	100083ea <tu_edpt_bind_driver+0xa>
10008410:	e7f2      	b.n	100083f8 <tu_edpt_bind_driver+0x18>
10008412:	46c0      	nop			; (mov r8, r8)

10008414 <tu_fifo_config>:
10008414:	b5f0      	push	{r4, r5, r6, r7, lr}
10008416:	46c6      	mov	lr, r8
10008418:	b500      	push	{lr}
1000841a:	0004      	movs	r4, r0
1000841c:	a806      	add	r0, sp, #24
1000841e:	7805      	ldrb	r5, [r0, #0]
10008420:	2080      	movs	r0, #128	; 0x80
10008422:	4688      	mov	r8, r1
10008424:	0017      	movs	r7, r2
10008426:	001e      	movs	r6, r3
10008428:	0200      	lsls	r0, r0, #8
1000842a:	4282      	cmp	r2, r0
1000842c:	d827      	bhi.n	1000847e <tu_fifo_config+0x6a>
1000842e:	68e0      	ldr	r0, [r4, #12]
10008430:	2800      	cmp	r0, #0
10008432:	d003      	beq.n	1000843c <tu_fifo_config+0x28>
10008434:	2101      	movs	r1, #1
10008436:	4249      	negs	r1, r1
10008438:	f001 f8e2 	bl	10009600 <__mutex_enter_timeout_ms_veneer>
1000843c:	6920      	ldr	r0, [r4, #16]
1000843e:	2800      	cmp	r0, #0
10008440:	d003      	beq.n	1000844a <tu_fifo_config+0x36>
10008442:	2101      	movs	r1, #1
10008444:	4249      	negs	r1, r1
10008446:	f001 f8db 	bl	10009600 <__mutex_enter_timeout_ms_veneer>
1000844a:	4643      	mov	r3, r8
1000844c:	6023      	str	r3, [r4, #0]
1000844e:	0473      	lsls	r3, r6, #17
10008450:	0c5b      	lsrs	r3, r3, #17
10008452:	03ed      	lsls	r5, r5, #15
10008454:	431d      	orrs	r5, r3
10008456:	2300      	movs	r3, #0
10008458:	68e0      	ldr	r0, [r4, #12]
1000845a:	8163      	strh	r3, [r4, #10]
1000845c:	80a7      	strh	r7, [r4, #4]
1000845e:	80e5      	strh	r5, [r4, #6]
10008460:	8123      	strh	r3, [r4, #8]
10008462:	2800      	cmp	r0, #0
10008464:	d001      	beq.n	1000846a <tu_fifo_config+0x56>
10008466:	f001 f8ab 	bl	100095c0 <__mutex_exit_veneer>
1000846a:	6920      	ldr	r0, [r4, #16]
1000846c:	2401      	movs	r4, #1
1000846e:	2800      	cmp	r0, #0
10008470:	d001      	beq.n	10008476 <tu_fifo_config+0x62>
10008472:	f001 f8a5 	bl	100095c0 <__mutex_exit_veneer>
10008476:	0020      	movs	r0, r4
10008478:	bc80      	pop	{r7}
1000847a:	46b8      	mov	r8, r7
1000847c:	bdf0      	pop	{r4, r5, r6, r7, pc}
1000847e:	2400      	movs	r4, #0
10008480:	e7f9      	b.n	10008476 <tu_fifo_config+0x62>
10008482:	46c0      	nop			; (mov r8, r8)

10008484 <tu_fifo_count>:
10008484:	b510      	push	{r4, lr}
10008486:	8904      	ldrh	r4, [r0, #8]
10008488:	8941      	ldrh	r1, [r0, #10]
1000848a:	8882      	ldrh	r2, [r0, #4]
1000848c:	b2a3      	uxth	r3, r4
1000848e:	b288      	uxth	r0, r1
10008490:	428c      	cmp	r4, r1
10008492:	d307      	bcc.n	100084a4 <tu_fifo_count+0x20>
10008494:	1a1b      	subs	r3, r3, r0
10008496:	b29b      	uxth	r3, r3
10008498:	1c10      	adds	r0, r2, #0
1000849a:	429a      	cmp	r2, r3
1000849c:	d900      	bls.n	100084a0 <tu_fifo_count+0x1c>
1000849e:	1c18      	adds	r0, r3, #0
100084a0:	b280      	uxth	r0, r0
100084a2:	bd10      	pop	{r4, pc}
100084a4:	0051      	lsls	r1, r2, #1
100084a6:	1a09      	subs	r1, r1, r0
100084a8:	185b      	adds	r3, r3, r1
100084aa:	b29b      	uxth	r3, r3
100084ac:	e7f4      	b.n	10008498 <tu_fifo_count+0x14>
100084ae:	46c0      	nop			; (mov r8, r8)

100084b0 <tu_fifo_empty>:
100084b0:	0003      	movs	r3, r0
100084b2:	8900      	ldrh	r0, [r0, #8]
100084b4:	895b      	ldrh	r3, [r3, #10]
100084b6:	1ac0      	subs	r0, r0, r3
100084b8:	4243      	negs	r3, r0
100084ba:	4158      	adcs	r0, r3
100084bc:	b2c0      	uxtb	r0, r0
100084be:	4770      	bx	lr

100084c0 <tu_fifo_remaining>:
100084c0:	b510      	push	{r4, lr}
100084c2:	8904      	ldrh	r4, [r0, #8]
100084c4:	8941      	ldrh	r1, [r0, #10]
100084c6:	8882      	ldrh	r2, [r0, #4]
100084c8:	b2a3      	uxth	r3, r4
100084ca:	b288      	uxth	r0, r1
100084cc:	428c      	cmp	r4, r1
100084ce:	d307      	bcc.n	100084e0 <tu_fifo_remaining+0x20>
100084d0:	1a1b      	subs	r3, r3, r0
100084d2:	b29b      	uxth	r3, r3
100084d4:	2000      	movs	r0, #0
100084d6:	429a      	cmp	r2, r3
100084d8:	d901      	bls.n	100084de <tu_fifo_remaining+0x1e>
100084da:	1ad3      	subs	r3, r2, r3
100084dc:	b298      	uxth	r0, r3
100084de:	bd10      	pop	{r4, pc}
100084e0:	0051      	lsls	r1, r2, #1
100084e2:	1a09      	subs	r1, r1, r0
100084e4:	185b      	adds	r3, r3, r1
100084e6:	b29b      	uxth	r3, r3
100084e8:	e7f4      	b.n	100084d4 <tu_fifo_remaining+0x14>
100084ea:	46c0      	nop			; (mov r8, r8)

100084ec <tu_fifo_read>:
100084ec:	b570      	push	{r4, r5, r6, lr}
100084ee:	0004      	movs	r4, r0
100084f0:	6900      	ldr	r0, [r0, #16]
100084f2:	000e      	movs	r6, r1
100084f4:	2800      	cmp	r0, #0
100084f6:	d003      	beq.n	10008500 <tu_fifo_read+0x14>
100084f8:	2101      	movs	r1, #1
100084fa:	4249      	negs	r1, r1
100084fc:	f001 f880 	bl	10009600 <__mutex_enter_timeout_ms_veneer>
10008500:	8925      	ldrh	r5, [r4, #8]
10008502:	8960      	ldrh	r0, [r4, #10]
10008504:	88a2      	ldrh	r2, [r4, #4]
10008506:	b2a9      	uxth	r1, r5
10008508:	b283      	uxth	r3, r0
1000850a:	4285      	cmp	r5, r0
1000850c:	d32c      	bcc.n	10008568 <tu_fifo_read+0x7c>
1000850e:	1acd      	subs	r5, r1, r3
10008510:	b2ad      	uxth	r5, r5
10008512:	2d00      	cmp	r5, #0
10008514:	d02e      	beq.n	10008574 <tu_fifo_read+0x88>
10008516:	42aa      	cmp	r2, r5
10008518:	d208      	bcs.n	1000852c <tu_fifo_read+0x40>
1000851a:	4291      	cmp	r1, r2
1000851c:	d331      	bcc.n	10008582 <tu_fifo_read+0x96>
1000851e:	1a8b      	subs	r3, r1, r2
10008520:	b29b      	uxth	r3, r3
10008522:	8163      	strh	r3, [r4, #10]
10008524:	429a      	cmp	r2, r3
10008526:	d803      	bhi.n	10008530 <tu_fifo_read+0x44>
10008528:	1a9b      	subs	r3, r3, r2
1000852a:	b29b      	uxth	r3, r3
1000852c:	429a      	cmp	r2, r3
1000852e:	d9fb      	bls.n	10008528 <tu_fifo_read+0x3c>
10008530:	88e2      	ldrh	r2, [r4, #6]
10008532:	6821      	ldr	r1, [r4, #0]
10008534:	0452      	lsls	r2, r2, #17
10008536:	0c52      	lsrs	r2, r2, #17
10008538:	4353      	muls	r3, r2
1000853a:	0030      	movs	r0, r6
1000853c:	18c9      	adds	r1, r1, r3
1000853e:	f7fd fe59 	bl	100061f4 <__wrap___aeabi_memcpy>
10008542:	8961      	ldrh	r1, [r4, #10]
10008544:	2501      	movs	r5, #1
10008546:	1c4b      	adds	r3, r1, #1
10008548:	b29b      	uxth	r3, r3
1000854a:	88a2      	ldrh	r2, [r4, #4]
1000854c:	4299      	cmp	r1, r3
1000854e:	d914      	bls.n	1000857a <tu_fifo_read+0x8e>
10008550:	2300      	movs	r3, #0
10008552:	0052      	lsls	r2, r2, #1
10008554:	1a9b      	subs	r3, r3, r2
10008556:	b29b      	uxth	r3, r3
10008558:	6920      	ldr	r0, [r4, #16]
1000855a:	8163      	strh	r3, [r4, #10]
1000855c:	2800      	cmp	r0, #0
1000855e:	d001      	beq.n	10008564 <tu_fifo_read+0x78>
10008560:	f001 f82e 	bl	100095c0 <__mutex_exit_veneer>
10008564:	0028      	movs	r0, r5
10008566:	bd70      	pop	{r4, r5, r6, pc}
10008568:	0055      	lsls	r5, r2, #1
1000856a:	1aed      	subs	r5, r5, r3
1000856c:	194d      	adds	r5, r1, r5
1000856e:	b2ad      	uxth	r5, r5
10008570:	2d00      	cmp	r5, #0
10008572:	d1d0      	bne.n	10008516 <tu_fifo_read+0x2a>
10008574:	2500      	movs	r5, #0
10008576:	8963      	ldrh	r3, [r4, #10]
10008578:	b29b      	uxth	r3, r3
1000857a:	0052      	lsls	r2, r2, #1
1000857c:	4293      	cmp	r3, r2
1000857e:	dbeb      	blt.n	10008558 <tu_fifo_read+0x6c>
10008580:	e7e8      	b.n	10008554 <tu_fifo_read+0x68>
10008582:	1889      	adds	r1, r1, r2
10008584:	b28b      	uxth	r3, r1
10008586:	8163      	strh	r3, [r4, #10]
10008588:	e7cc      	b.n	10008524 <tu_fifo_read+0x38>
1000858a:	46c0      	nop			; (mov r8, r8)

1000858c <tu_fifo_read_n>:
1000858c:	b5f0      	push	{r4, r5, r6, r7, lr}
1000858e:	4646      	mov	r6, r8
10008590:	464f      	mov	r7, r9
10008592:	46d6      	mov	lr, sl
10008594:	b5c0      	push	{r6, r7, lr}
10008596:	0006      	movs	r6, r0
10008598:	6900      	ldr	r0, [r0, #16]
1000859a:	4689      	mov	r9, r1
1000859c:	4690      	mov	r8, r2
1000859e:	2800      	cmp	r0, #0
100085a0:	d003      	beq.n	100085aa <tu_fifo_read_n+0x1e>
100085a2:	2101      	movs	r1, #1
100085a4:	4249      	negs	r1, r1
100085a6:	f001 f82b 	bl	10009600 <__mutex_enter_timeout_ms_veneer>
100085aa:	8931      	ldrh	r1, [r6, #8]
100085ac:	8972      	ldrh	r2, [r6, #10]
100085ae:	88b5      	ldrh	r5, [r6, #4]
100085b0:	b28b      	uxth	r3, r1
100085b2:	b294      	uxth	r4, r2
100085b4:	4291      	cmp	r1, r2
100085b6:	d357      	bcc.n	10008668 <tu_fifo_read_n+0xdc>
100085b8:	1b1f      	subs	r7, r3, r4
100085ba:	b2bf      	uxth	r7, r7
100085bc:	2f00      	cmp	r7, #0
100085be:	d04d      	beq.n	1000865c <tu_fifo_read_n+0xd0>
100085c0:	42bd      	cmp	r5, r7
100085c2:	d205      	bcs.n	100085d0 <tu_fifo_read_n+0x44>
100085c4:	42ab      	cmp	r3, r5
100085c6:	d254      	bcs.n	10008672 <tu_fifo_read_n+0xe6>
100085c8:	195b      	adds	r3, r3, r5
100085ca:	b29c      	uxth	r4, r3
100085cc:	002f      	movs	r7, r5
100085ce:	8174      	strh	r4, [r6, #10]
100085d0:	4643      	mov	r3, r8
100085d2:	45b8      	cmp	r8, r7
100085d4:	d840      	bhi.n	10008658 <tu_fifo_read_n+0xcc>
100085d6:	b29f      	uxth	r7, r3
100085d8:	42a5      	cmp	r5, r4
100085da:	d803      	bhi.n	100085e4 <tu_fifo_read_n+0x58>
100085dc:	1b64      	subs	r4, r4, r5
100085de:	b2a4      	uxth	r4, r4
100085e0:	42a5      	cmp	r5, r4
100085e2:	d9fb      	bls.n	100085dc <tu_fifo_read_n+0x50>
100085e4:	88f2      	ldrh	r2, [r6, #6]
100085e6:	1b28      	subs	r0, r5, r4
100085e8:	0452      	lsls	r2, r2, #17
100085ea:	0c53      	lsrs	r3, r2, #17
100085ec:	0019      	movs	r1, r3
100085ee:	4698      	mov	r8, r3
100085f0:	6833      	ldr	r3, [r6, #0]
100085f2:	4361      	muls	r1, r4
100085f4:	469c      	mov	ip, r3
100085f6:	b280      	uxth	r0, r0
100085f8:	4461      	add	r1, ip
100085fa:	4287      	cmp	r7, r0
100085fc:	d926      	bls.n	1000864c <tu_fifo_read_n+0xc0>
100085fe:	4643      	mov	r3, r8
10008600:	4358      	muls	r0, r3
10008602:	b283      	uxth	r3, r0
10008604:	001a      	movs	r2, r3
10008606:	4648      	mov	r0, r9
10008608:	469a      	mov	sl, r3
1000860a:	f7fd fdf3 	bl	100061f4 <__wrap___aeabi_memcpy>
1000860e:	4643      	mov	r3, r8
10008610:	4648      	mov	r0, r9
10008612:	1b7d      	subs	r5, r7, r5
10008614:	1964      	adds	r4, r4, r5
10008616:	435c      	muls	r4, r3
10008618:	6831      	ldr	r1, [r6, #0]
1000861a:	4450      	add	r0, sl
1000861c:	b2a2      	uxth	r2, r4
1000861e:	f7fd fde9 	bl	100061f4 <__wrap___aeabi_memcpy>
10008622:	8971      	ldrh	r1, [r6, #10]
10008624:	88b5      	ldrh	r5, [r6, #4]
10008626:	19cb      	adds	r3, r1, r7
10008628:	b29b      	uxth	r3, r3
1000862a:	006a      	lsls	r2, r5, #1
1000862c:	4299      	cmp	r1, r3
1000862e:	d917      	bls.n	10008660 <tu_fifo_read_n+0xd4>
10008630:	1a9b      	subs	r3, r3, r2
10008632:	b29b      	uxth	r3, r3
10008634:	6930      	ldr	r0, [r6, #16]
10008636:	8173      	strh	r3, [r6, #10]
10008638:	2800      	cmp	r0, #0
1000863a:	d001      	beq.n	10008640 <tu_fifo_read_n+0xb4>
1000863c:	f000 ffc0 	bl	100095c0 <__mutex_exit_veneer>
10008640:	0038      	movs	r0, r7
10008642:	bce0      	pop	{r5, r6, r7}
10008644:	46ba      	mov	sl, r7
10008646:	46b1      	mov	r9, r6
10008648:	46a8      	mov	r8, r5
1000864a:	bdf0      	pop	{r4, r5, r6, r7, pc}
1000864c:	4642      	mov	r2, r8
1000864e:	4648      	mov	r0, r9
10008650:	437a      	muls	r2, r7
10008652:	f7fd fdcf 	bl	100061f4 <__wrap___aeabi_memcpy>
10008656:	e7e4      	b.n	10008622 <tu_fifo_read_n+0x96>
10008658:	1c3b      	adds	r3, r7, #0
1000865a:	e7bc      	b.n	100085d6 <tu_fifo_read_n+0x4a>
1000865c:	8973      	ldrh	r3, [r6, #10]
1000865e:	b29b      	uxth	r3, r3
10008660:	006a      	lsls	r2, r5, #1
10008662:	4293      	cmp	r3, r2
10008664:	dbe6      	blt.n	10008634 <tu_fifo_read_n+0xa8>
10008666:	e7e3      	b.n	10008630 <tu_fifo_read_n+0xa4>
10008668:	006f      	lsls	r7, r5, #1
1000866a:	1b3f      	subs	r7, r7, r4
1000866c:	19df      	adds	r7, r3, r7
1000866e:	b2bf      	uxth	r7, r7
10008670:	e7a4      	b.n	100085bc <tu_fifo_read_n+0x30>
10008672:	1b5b      	subs	r3, r3, r5
10008674:	b29c      	uxth	r4, r3
10008676:	e7a9      	b.n	100085cc <tu_fifo_read_n+0x40>

10008678 <tu_fifo_write>:
10008678:	b5f8      	push	{r3, r4, r5, r6, r7, lr}
1000867a:	0004      	movs	r4, r0
1000867c:	68c0      	ldr	r0, [r0, #12]
1000867e:	000e      	movs	r6, r1
10008680:	2800      	cmp	r0, #0
10008682:	d003      	beq.n	1000868c <tu_fifo_write+0x14>
10008684:	2101      	movs	r1, #1
10008686:	4249      	negs	r1, r1
10008688:	f000 ffba 	bl	10009600 <__mutex_enter_timeout_ms_veneer>
1000868c:	8925      	ldrh	r5, [r4, #8]
1000868e:	8920      	ldrh	r0, [r4, #8]
10008690:	8961      	ldrh	r1, [r4, #10]
10008692:	88a2      	ldrh	r2, [r4, #4]
10008694:	b2ad      	uxth	r5, r5
10008696:	b283      	uxth	r3, r0
10008698:	b28f      	uxth	r7, r1
1000869a:	4288      	cmp	r0, r1
1000869c:	d328      	bcc.n	100086f0 <tu_fifo_write+0x78>
1000869e:	1bdb      	subs	r3, r3, r7
100086a0:	b29b      	uxth	r3, r3
100086a2:	429a      	cmp	r2, r3
100086a4:	d809      	bhi.n	100086ba <tu_fifo_write+0x42>
100086a6:	79e7      	ldrb	r7, [r4, #7]
100086a8:	09ff      	lsrs	r7, r7, #7
100086aa:	d106      	bne.n	100086ba <tu_fifo_write+0x42>
100086ac:	68e0      	ldr	r0, [r4, #12]
100086ae:	2800      	cmp	r0, #0
100086b0:	d001      	beq.n	100086b6 <tu_fifo_write+0x3e>
100086b2:	f000 ff85 	bl	100095c0 <__mutex_exit_veneer>
100086b6:	0038      	movs	r0, r7
100086b8:	bdf8      	pop	{r3, r4, r5, r6, r7, pc}
100086ba:	002b      	movs	r3, r5
100086bc:	4295      	cmp	r5, r2
100086be:	d303      	bcc.n	100086c8 <tu_fifo_write+0x50>
100086c0:	1a9b      	subs	r3, r3, r2
100086c2:	b29b      	uxth	r3, r3
100086c4:	4293      	cmp	r3, r2
100086c6:	d2fb      	bcs.n	100086c0 <tu_fifo_write+0x48>
100086c8:	88e2      	ldrh	r2, [r4, #6]
100086ca:	6821      	ldr	r1, [r4, #0]
100086cc:	0452      	lsls	r2, r2, #17
100086ce:	0c52      	lsrs	r2, r2, #17
100086d0:	4353      	muls	r3, r2
100086d2:	18c8      	adds	r0, r1, r3
100086d4:	0031      	movs	r1, r6
100086d6:	f7fd fd8d 	bl	100061f4 <__wrap___aeabi_memcpy>
100086da:	88a2      	ldrh	r2, [r4, #4]
100086dc:	1c6b      	adds	r3, r5, #1
100086de:	b29b      	uxth	r3, r3
100086e0:	0052      	lsls	r2, r2, #1
100086e2:	429d      	cmp	r5, r3
100086e4:	d909      	bls.n	100086fa <tu_fifo_write+0x82>
100086e6:	1a9b      	subs	r3, r3, r2
100086e8:	b29b      	uxth	r3, r3
100086ea:	2701      	movs	r7, #1
100086ec:	8123      	strh	r3, [r4, #8]
100086ee:	e7dd      	b.n	100086ac <tu_fifo_write+0x34>
100086f0:	0051      	lsls	r1, r2, #1
100086f2:	1bc9      	subs	r1, r1, r7
100086f4:	185b      	adds	r3, r3, r1
100086f6:	b29b      	uxth	r3, r3
100086f8:	e7d3      	b.n	100086a2 <tu_fifo_write+0x2a>
100086fa:	4293      	cmp	r3, r2
100086fc:	dbf5      	blt.n	100086ea <tu_fifo_write+0x72>
100086fe:	e7f2      	b.n	100086e6 <tu_fifo_write+0x6e>

10008700 <tu_fifo_write_n>:
10008700:	b5f0      	push	{r4, r5, r6, r7, lr}
10008702:	464e      	mov	r6, r9
10008704:	4645      	mov	r5, r8
10008706:	46de      	mov	lr, fp
10008708:	4657      	mov	r7, sl
1000870a:	b5e0      	push	{r5, r6, r7, lr}
1000870c:	4689      	mov	r9, r1
1000870e:	0005      	movs	r5, r0
10008710:	0014      	movs	r4, r2
10008712:	b083      	sub	sp, #12
10008714:	2a00      	cmp	r2, #0
10008716:	d06e      	beq.n	100087f6 <tu_fifo_write_n+0xf6>
10008718:	68c0      	ldr	r0, [r0, #12]
1000871a:	2800      	cmp	r0, #0
1000871c:	d003      	beq.n	10008726 <tu_fifo_write_n+0x26>
1000871e:	2101      	movs	r1, #1
10008720:	4249      	negs	r1, r1
10008722:	f000 ff6d 	bl	10009600 <__mutex_enter_timeout_ms_veneer>
10008726:	892f      	ldrh	r7, [r5, #8]
10008728:	79ea      	ldrb	r2, [r5, #7]
1000872a:	896b      	ldrh	r3, [r5, #10]
1000872c:	b2bf      	uxth	r7, r7
1000872e:	b29b      	uxth	r3, r3
10008730:	09d2      	lsrs	r2, r2, #7
10008732:	d142      	bne.n	100087ba <tu_fifo_write_n+0xba>
10008734:	88ae      	ldrh	r6, [r5, #4]
10008736:	429f      	cmp	r7, r3
10008738:	d267      	bcs.n	1000880a <tu_fifo_write_n+0x10a>
1000873a:	0072      	lsls	r2, r6, #1
1000873c:	1ad3      	subs	r3, r2, r3
1000873e:	18fb      	adds	r3, r7, r3
10008740:	b29b      	uxth	r3, r3
10008742:	2200      	movs	r2, #0
10008744:	4690      	mov	r8, r2
10008746:	429e      	cmp	r6, r3
10008748:	d931      	bls.n	100087ae <tu_fifo_write_n+0xae>
1000874a:	1af3      	subs	r3, r6, r3
1000874c:	1c1a      	adds	r2, r3, #0
1000874e:	b29b      	uxth	r3, r3
10008750:	42a3      	cmp	r3, r4
10008752:	d900      	bls.n	10008756 <tu_fifo_write_n+0x56>
10008754:	1c22      	adds	r2, r4, #0
10008756:	b293      	uxth	r3, r2
10008758:	4698      	mov	r8, r3
1000875a:	88e8      	ldrh	r0, [r5, #6]
1000875c:	4643      	mov	r3, r8
1000875e:	18fb      	adds	r3, r7, r3
10008760:	b29b      	uxth	r3, r3
10008762:	469b      	mov	fp, r3
10008764:	003c      	movs	r4, r7
10008766:	42b7      	cmp	r7, r6
10008768:	d303      	bcc.n	10008772 <tu_fifo_write_n+0x72>
1000876a:	1ba4      	subs	r4, r4, r6
1000876c:	b2a4      	uxth	r4, r4
1000876e:	42b4      	cmp	r4, r6
10008770:	d2fb      	bcs.n	1000876a <tu_fifo_write_n+0x6a>
10008772:	0440      	lsls	r0, r0, #17
10008774:	0c43      	lsrs	r3, r0, #17
10008776:	0018      	movs	r0, r3
10008778:	469a      	mov	sl, r3
1000877a:	682b      	ldr	r3, [r5, #0]
1000877c:	4360      	muls	r0, r4
1000877e:	469c      	mov	ip, r3
10008780:	1b31      	subs	r1, r6, r4
10008782:	b289      	uxth	r1, r1
10008784:	4460      	add	r0, ip
10008786:	4541      	cmp	r1, r8
10008788:	d34e      	bcc.n	10008828 <tu_fifo_write_n+0x128>
1000878a:	4652      	mov	r2, sl
1000878c:	4643      	mov	r3, r8
1000878e:	4649      	mov	r1, r9
10008790:	435a      	muls	r2, r3
10008792:	f7fd fd2f 	bl	100061f4 <__wrap___aeabi_memcpy>
10008796:	88ab      	ldrh	r3, [r5, #4]
10008798:	005b      	lsls	r3, r3, #1
1000879a:	45bb      	cmp	fp, r7
1000879c:	d301      	bcc.n	100087a2 <tu_fifo_write_n+0xa2>
1000879e:	459b      	cmp	fp, r3
100087a0:	db03      	blt.n	100087aa <tu_fifo_write_n+0xaa>
100087a2:	465a      	mov	r2, fp
100087a4:	1ad3      	subs	r3, r2, r3
100087a6:	b29b      	uxth	r3, r3
100087a8:	469b      	mov	fp, r3
100087aa:	465b      	mov	r3, fp
100087ac:	812b      	strh	r3, [r5, #8]
100087ae:	68e8      	ldr	r0, [r5, #12]
100087b0:	2800      	cmp	r0, #0
100087b2:	d022      	beq.n	100087fa <tu_fifo_write_n+0xfa>
100087b4:	f000 ff04 	bl	100095c0 <__mutex_exit_veneer>
100087b8:	e01f      	b.n	100087fa <tu_fifo_write_n+0xfa>
100087ba:	88aa      	ldrh	r2, [r5, #4]
100087bc:	4690      	mov	r8, r2
100087be:	4294      	cmp	r4, r2
100087c0:	d226      	bcs.n	10008810 <tu_fifo_write_n+0x110>
100087c2:	429f      	cmp	r7, r3
100087c4:	d344      	bcc.n	10008850 <tu_fifo_write_n+0x150>
100087c6:	4641      	mov	r1, r8
100087c8:	1afa      	subs	r2, r7, r3
100087ca:	b292      	uxth	r2, r2
100087cc:	0049      	lsls	r1, r1, #1
100087ce:	1912      	adds	r2, r2, r4
100087d0:	428a      	cmp	r2, r1
100087d2:	db09      	blt.n	100087e8 <tu_fifo_write_n+0xe8>
100087d4:	4642      	mov	r2, r8
100087d6:	189a      	adds	r2, r3, r2
100087d8:	b292      	uxth	r2, r2
100087da:	1b17      	subs	r7, r2, r4
100087dc:	b2bf      	uxth	r7, r7
100087de:	4693      	mov	fp, r2
100087e0:	42bb      	cmp	r3, r7
100087e2:	d93a      	bls.n	1000885a <tu_fifo_write_n+0x15a>
100087e4:	1a7f      	subs	r7, r7, r1
100087e6:	b2bf      	uxth	r7, r7
100087e8:	19e3      	adds	r3, r4, r7
100087ea:	b29b      	uxth	r3, r3
100087ec:	4646      	mov	r6, r8
100087ee:	469b      	mov	fp, r3
100087f0:	46a0      	mov	r8, r4
100087f2:	88e8      	ldrh	r0, [r5, #6]
100087f4:	e7b6      	b.n	10008764 <tu_fifo_write_n+0x64>
100087f6:	2300      	movs	r3, #0
100087f8:	4698      	mov	r8, r3
100087fa:	4640      	mov	r0, r8
100087fc:	b003      	add	sp, #12
100087fe:	bcf0      	pop	{r4, r5, r6, r7}
10008800:	46bb      	mov	fp, r7
10008802:	46b2      	mov	sl, r6
10008804:	46a9      	mov	r9, r5
10008806:	46a0      	mov	r8, r4
10008808:	bdf0      	pop	{r4, r5, r6, r7, pc}
1000880a:	1afb      	subs	r3, r7, r3
1000880c:	b29b      	uxth	r3, r3
1000880e:	e798      	b.n	10008742 <tu_fifo_write_n+0x42>
10008810:	88e8      	ldrh	r0, [r5, #6]
10008812:	1aa2      	subs	r2, r4, r2
10008814:	0444      	lsls	r4, r0, #17
10008816:	0c64      	lsrs	r4, r4, #17
10008818:	4354      	muls	r4, r2
1000881a:	4642      	mov	r2, r8
1000881c:	44a1      	add	r9, r4
1000881e:	2a00      	cmp	r2, #0
10008820:	d0c5      	beq.n	100087ae <tu_fifo_write_n+0xae>
10008822:	4646      	mov	r6, r8
10008824:	001f      	movs	r7, r3
10008826:	e799      	b.n	1000875c <tu_fifo_write_n+0x5c>
10008828:	4653      	mov	r3, sl
1000882a:	4359      	muls	r1, r3
1000882c:	b289      	uxth	r1, r1
1000882e:	000a      	movs	r2, r1
10008830:	9101      	str	r1, [sp, #4]
10008832:	4649      	mov	r1, r9
10008834:	f7fd fcde 	bl	100061f4 <__wrap___aeabi_memcpy>
10008838:	4643      	mov	r3, r8
1000883a:	1b9a      	subs	r2, r3, r6
1000883c:	4653      	mov	r3, sl
1000883e:	18a2      	adds	r2, r4, r2
10008840:	435a      	muls	r2, r3
10008842:	9901      	ldr	r1, [sp, #4]
10008844:	6828      	ldr	r0, [r5, #0]
10008846:	b292      	uxth	r2, r2
10008848:	4449      	add	r1, r9
1000884a:	f7fd fcd3 	bl	100061f4 <__wrap___aeabi_memcpy>
1000884e:	e7a2      	b.n	10008796 <tu_fifo_write_n+0x96>
10008850:	0051      	lsls	r1, r2, #1
10008852:	1aca      	subs	r2, r1, r3
10008854:	18ba      	adds	r2, r7, r2
10008856:	b292      	uxth	r2, r2
10008858:	e7b9      	b.n	100087ce <tu_fifo_write_n+0xce>
1000885a:	42b9      	cmp	r1, r7
1000885c:	ddc2      	ble.n	100087e4 <tu_fifo_write_n+0xe4>
1000885e:	4646      	mov	r6, r8
10008860:	88e8      	ldrh	r0, [r5, #6]
10008862:	46a0      	mov	r8, r4
10008864:	e77e      	b.n	10008764 <tu_fifo_write_n+0x64>
10008866:	46c0      	nop			; (mov r8, r8)

10008868 <tu_fifo_clear>:
10008868:	b510      	push	{r4, lr}
1000886a:	0004      	movs	r4, r0
1000886c:	68c0      	ldr	r0, [r0, #12]
1000886e:	2800      	cmp	r0, #0
10008870:	d003      	beq.n	1000887a <tu_fifo_clear+0x12>
10008872:	2101      	movs	r1, #1
10008874:	4249      	negs	r1, r1
10008876:	f000 fec3 	bl	10009600 <__mutex_enter_timeout_ms_veneer>
1000887a:	6920      	ldr	r0, [r4, #16]
1000887c:	2800      	cmp	r0, #0
1000887e:	d003      	beq.n	10008888 <tu_fifo_clear+0x20>
10008880:	2101      	movs	r1, #1
10008882:	4249      	negs	r1, r1
10008884:	f000 febc 	bl	10009600 <__mutex_enter_timeout_ms_veneer>
10008888:	2300      	movs	r3, #0
1000888a:	68e0      	ldr	r0, [r4, #12]
1000888c:	8163      	strh	r3, [r4, #10]
1000888e:	8123      	strh	r3, [r4, #8]
10008890:	2800      	cmp	r0, #0
10008892:	d001      	beq.n	10008898 <tu_fifo_clear+0x30>
10008894:	f000 fe94 	bl	100095c0 <__mutex_exit_veneer>
10008898:	6920      	ldr	r0, [r4, #16]
1000889a:	2800      	cmp	r0, #0
1000889c:	d001      	beq.n	100088a2 <tu_fifo_clear+0x3a>
1000889e:	f000 fe8f 	bl	100095c0 <__mutex_exit_veneer>
100088a2:	2001      	movs	r0, #1
100088a4:	bd10      	pop	{r4, pc}
100088a6:	46c0      	nop			; (mov r8, r8)

100088a8 <tu_fifo_set_overwritable>:
100088a8:	b570      	push	{r4, r5, r6, lr}
100088aa:	0004      	movs	r4, r0
100088ac:	68c0      	ldr	r0, [r0, #12]
100088ae:	000d      	movs	r5, r1
100088b0:	2800      	cmp	r0, #0
100088b2:	d003      	beq.n	100088bc <tu_fifo_set_overwritable+0x14>
100088b4:	2101      	movs	r1, #1
100088b6:	4249      	negs	r1, r1
100088b8:	f000 fea2 	bl	10009600 <__mutex_enter_timeout_ms_veneer>
100088bc:	6920      	ldr	r0, [r4, #16]
100088be:	2800      	cmp	r0, #0
100088c0:	d003      	beq.n	100088ca <tu_fifo_set_overwritable+0x22>
100088c2:	2101      	movs	r1, #1
100088c4:	4249      	negs	r1, r1
100088c6:	f000 fe9b 	bl	10009600 <__mutex_enter_timeout_ms_veneer>
100088ca:	217f      	movs	r1, #127	; 0x7f
100088cc:	79e3      	ldrb	r3, [r4, #7]
100088ce:	01ed      	lsls	r5, r5, #7
100088d0:	4019      	ands	r1, r3
100088d2:	68e0      	ldr	r0, [r4, #12]
100088d4:	4329      	orrs	r1, r5
100088d6:	71e1      	strb	r1, [r4, #7]
100088d8:	2800      	cmp	r0, #0
100088da:	d001      	beq.n	100088e0 <tu_fifo_set_overwritable+0x38>
100088dc:	f000 fe70 	bl	100095c0 <__mutex_exit_veneer>
100088e0:	6920      	ldr	r0, [r4, #16]
100088e2:	2800      	cmp	r0, #0
100088e4:	d001      	beq.n	100088ea <tu_fifo_set_overwritable+0x42>
100088e6:	f000 fe6b 	bl	100095c0 <__mutex_exit_veneer>
100088ea:	2001      	movs	r0, #1
100088ec:	bd70      	pop	{r4, r5, r6, pc}
100088ee:	46c0      	nop			; (mov r8, r8)

100088f0 <pio_add_program_at_offset>:
100088f0:	b5f8      	push	{r3, r4, r5, r6, r7, lr}
100088f2:	464e      	mov	r6, r9
100088f4:	46de      	mov	lr, fp
100088f6:	4657      	mov	r7, sl
100088f8:	4645      	mov	r5, r8
100088fa:	b5e0      	push	{r5, r6, r7, lr}
100088fc:	000f      	movs	r7, r1
100088fe:	0006      	movs	r6, r0
10008900:	0015      	movs	r5, r2
10008902:	f7f8 fe41 	bl	10001588 <hw_claim_lock>
10008906:	2305      	movs	r3, #5
10008908:	56fb      	ldrsb	r3, [r7, r3]
1000890a:	4681      	mov	r9, r0
1000890c:	2b00      	cmp	r3, #0
1000890e:	db01      	blt.n	10008914 <pio_add_program_at_offset+0x24>
10008910:	429d      	cmp	r5, r3
10008912:	d13d      	bne.n	10008990 <pio_add_program_at_offset+0xa0>
10008914:	4b20      	ldr	r3, [pc, #128]	; (10008998 <pio_add_program_at_offset+0xa8>)
10008916:	2001      	movs	r0, #1
10008918:	18f3      	adds	r3, r6, r3
1000891a:	425a      	negs	r2, r3
1000891c:	4153      	adcs	r3, r2
1000891e:	009b      	lsls	r3, r3, #2
10008920:	469c      	mov	ip, r3
10008922:	4a1e      	ldr	r2, [pc, #120]	; (1000899c <pio_add_program_at_offset+0xac>)
10008924:	0013      	movs	r3, r2
10008926:	4692      	mov	sl, r2
10008928:	4662      	mov	r2, ip
1000892a:	589b      	ldr	r3, [r3, r2]
1000892c:	793a      	ldrb	r2, [r7, #4]
1000892e:	001c      	movs	r4, r3
10008930:	4090      	lsls	r0, r2
10008932:	3801      	subs	r0, #1
10008934:	40a8      	lsls	r0, r5
10008936:	4698      	mov	r8, r3
10008938:	4004      	ands	r4, r0
1000893a:	4218      	tst	r0, r3
1000893c:	d128      	bne.n	10008990 <pio_add_program_at_offset+0xa0>
1000893e:	2a00      	cmp	r2, #0
10008940:	d017      	beq.n	10008972 <pio_add_program_at_offset+0x82>
10008942:	7879      	ldrb	r1, [r7, #1]
10008944:	783b      	ldrb	r3, [r7, #0]
10008946:	0209      	lsls	r1, r1, #8
10008948:	430b      	orrs	r3, r1
1000894a:	469b      	mov	fp, r3
1000894c:	4659      	mov	r1, fp
1000894e:	78bb      	ldrb	r3, [r7, #2]
10008950:	78ff      	ldrb	r7, [r7, #3]
10008952:	041b      	lsls	r3, r3, #16
10008954:	430b      	orrs	r3, r1
10008956:	063f      	lsls	r7, r7, #24
10008958:	431f      	orrs	r7, r3
1000895a:	0063      	lsls	r3, r4, #1
1000895c:	5af9      	ldrh	r1, [r7, r3]
1000895e:	0b4b      	lsrs	r3, r1, #13
10008960:	d100      	bne.n	10008964 <pio_add_program_at_offset+0x74>
10008962:	1949      	adds	r1, r1, r5
10008964:	192b      	adds	r3, r5, r4
10008966:	3312      	adds	r3, #18
10008968:	009b      	lsls	r3, r3, #2
1000896a:	3401      	adds	r4, #1
1000896c:	5199      	str	r1, [r3, r6]
1000896e:	42a2      	cmp	r2, r4
10008970:	d8f3      	bhi.n	1000895a <pio_add_program_at_offset+0x6a>
10008972:	4643      	mov	r3, r8
10008974:	4303      	orrs	r3, r0
10008976:	0018      	movs	r0, r3
10008978:	4662      	mov	r2, ip
1000897a:	4653      	mov	r3, sl
1000897c:	5098      	str	r0, [r3, r2]
1000897e:	4648      	mov	r0, r9
10008980:	f7f8 fe0e 	bl	100015a0 <hw_claim_unlock>
10008984:	bcf0      	pop	{r4, r5, r6, r7}
10008986:	46bb      	mov	fp, r7
10008988:	46b2      	mov	sl, r6
1000898a:	46a9      	mov	r9, r5
1000898c:	46a0      	mov	r8, r4
1000898e:	bdf8      	pop	{r3, r4, r5, r6, r7, pc}
10008990:	4803      	ldr	r0, [pc, #12]	; (100089a0 <pio_add_program_at_offset+0xb0>)
10008992:	f7fa fb81 	bl	10003098 <panic>
10008996:	46c0      	nop			; (mov r8, r8)
10008998:	afd00000 	.word	0xafd00000
1000899c:	20001ff0 	.word	0x20001ff0
100089a0:	1000a250 	.word	0x1000a250

100089a4 <pio_clear_instruction_memory>:
100089a4:	b510      	push	{r4, lr}
100089a6:	0004      	movs	r4, r0
100089a8:	f7f8 fdee 	bl	10001588 <hw_claim_lock>
100089ac:	4b09      	ldr	r3, [pc, #36]	; (100089d4 <pio_clear_instruction_memory+0x30>)
100089ae:	2100      	movs	r1, #0
100089b0:	18e3      	adds	r3, r4, r3
100089b2:	425a      	negs	r2, r3
100089b4:	4153      	adcs	r3, r2
100089b6:	4a08      	ldr	r2, [pc, #32]	; (100089d8 <pio_clear_instruction_memory+0x34>)
100089b8:	009b      	lsls	r3, r3, #2
100089ba:	5099      	str	r1, [r3, r2]
100089bc:	2300      	movs	r3, #0
100089be:	001a      	movs	r2, r3
100089c0:	3212      	adds	r2, #18
100089c2:	0092      	lsls	r2, r2, #2
100089c4:	5113      	str	r3, [r2, r4]
100089c6:	3301      	adds	r3, #1
100089c8:	2b20      	cmp	r3, #32
100089ca:	d1f8      	bne.n	100089be <pio_clear_instruction_memory+0x1a>
100089cc:	f7f8 fde8 	bl	100015a0 <hw_claim_unlock>
100089d0:	bd10      	pop	{r4, pc}
100089d2:	46c0      	nop			; (mov r8, r8)
100089d4:	afd00000 	.word	0xafd00000
100089d8:	20001ff0 	.word	0x20001ff0

100089dc <pio_sm_set_consecutive_pindirs>:
100089dc:	b5f0      	push	{r4, r5, r6, r7, lr}
100089de:	4657      	mov	r7, sl
100089e0:	464e      	mov	r6, r9
100089e2:	4645      	mov	r5, r8
100089e4:	46de      	mov	lr, fp
100089e6:	4689      	mov	r9, r1
100089e8:	b5e0      	push	{r5, r6, r7, lr}
100089ea:	b083      	sub	sp, #12
100089ec:	a90c      	add	r1, sp, #48	; 0x30
100089ee:	780d      	ldrb	r5, [r1, #0]
100089f0:	4649      	mov	r1, r9
100089f2:	0049      	lsls	r1, r1, #1
100089f4:	4688      	mov	r8, r1
100089f6:	4449      	add	r1, r9
100089f8:	00c9      	lsls	r1, r1, #3
100089fa:	1846      	adds	r6, r0, r1
100089fc:	0037      	movs	r7, r6
100089fe:	0034      	movs	r4, r6
10008a00:	37dc      	adds	r7, #220	; 0xdc
10008a02:	9001      	str	r0, [sp, #4]
10008a04:	6838      	ldr	r0, [r7, #0]
10008a06:	34cc      	adds	r4, #204	; 0xcc
10008a08:	4683      	mov	fp, r0
10008a0a:	6820      	ldr	r0, [r4, #0]
10008a0c:	24c0      	movs	r4, #192	; 0xc0
10008a0e:	4682      	mov	sl, r0
10008a10:	9801      	ldr	r0, [sp, #4]
10008a12:	31cc      	adds	r1, #204	; 0xcc
10008a14:	4684      	mov	ip, r0
10008a16:	01a4      	lsls	r4, r4, #6
10008a18:	4461      	add	r1, ip
10008a1a:	4321      	orrs	r1, r4
10008a1c:	2480      	movs	r4, #128	; 0x80
10008a1e:	02a4      	lsls	r4, r4, #10
10008a20:	600c      	str	r4, [r1, #0]
10008a22:	1e69      	subs	r1, r5, #1
10008a24:	418d      	sbcs	r5, r1
10008a26:	211f      	movs	r1, #31
10008a28:	426d      	negs	r5, r5
10008a2a:	400d      	ands	r5, r1
10008a2c:	4916      	ldr	r1, [pc, #88]	; (10008a88 <pio_sm_set_consecutive_pindirs+0xac>)
10008a2e:	468c      	mov	ip, r1
10008a30:	4465      	add	r5, ip
10008a32:	2b05      	cmp	r3, #5
10008a34:	d90e      	bls.n	10008a54 <pio_sm_set_consecutive_pindirs+0x78>
10008a36:	21a0      	movs	r1, #160	; 0xa0
10008a38:	0549      	lsls	r1, r1, #21
10008a3a:	468c      	mov	ip, r1
10008a3c:	211f      	movs	r1, #31
10008a3e:	36d8      	adds	r6, #216	; 0xd8
10008a40:	4660      	mov	r0, ip
10008a42:	0154      	lsls	r4, r2, #5
10008a44:	4304      	orrs	r4, r0
10008a46:	3205      	adds	r2, #5
10008a48:	3b05      	subs	r3, #5
10008a4a:	603c      	str	r4, [r7, #0]
10008a4c:	400a      	ands	r2, r1
10008a4e:	6035      	str	r5, [r6, #0]
10008a50:	2b05      	cmp	r3, #5
10008a52:	d8f5      	bhi.n	10008a40 <pio_sm_set_consecutive_pindirs+0x64>
10008a54:	4641      	mov	r1, r8
10008a56:	0152      	lsls	r2, r2, #5
10008a58:	069b      	lsls	r3, r3, #26
10008a5a:	4313      	orrs	r3, r2
10008a5c:	4449      	add	r1, r9
10008a5e:	9a01      	ldr	r2, [sp, #4]
10008a60:	00c9      	lsls	r1, r1, #3
10008a62:	1850      	adds	r0, r2, r1
10008a64:	0002      	movs	r2, r0
10008a66:	32dc      	adds	r2, #220	; 0xdc
10008a68:	6013      	str	r3, [r2, #0]
10008a6a:	0003      	movs	r3, r0
10008a6c:	33d8      	adds	r3, #216	; 0xd8
10008a6e:	601d      	str	r5, [r3, #0]
10008a70:	465b      	mov	r3, fp
10008a72:	6013      	str	r3, [r2, #0]
10008a74:	4653      	mov	r3, sl
10008a76:	30cc      	adds	r0, #204	; 0xcc
10008a78:	6003      	str	r3, [r0, #0]
10008a7a:	b003      	add	sp, #12
10008a7c:	bcf0      	pop	{r4, r5, r6, r7}
10008a7e:	46bb      	mov	fp, r7
10008a80:	46b2      	mov	sl, r6
10008a82:	46a9      	mov	r9, r5
10008a84:	46a0      	mov	r8, r4
10008a86:	bdf0      	pop	{r4, r5, r6, r7, pc}
10008a88:	0000e080 	.word	0x0000e080

10008a8c <pio_sm_init>:
10008a8c:	b5f0      	push	{r4, r5, r6, r7, lr}
10008a8e:	2501      	movs	r5, #1
10008a90:	408d      	lsls	r5, r1
10008a92:	6804      	ldr	r4, [r0, #0]
10008a94:	43ac      	bics	r4, r5
10008a96:	004d      	lsls	r5, r1, #1
10008a98:	6004      	str	r4, [r0, #0]
10008a9a:	186c      	adds	r4, r5, r1
10008a9c:	00e4      	lsls	r4, r4, #3
10008a9e:	1904      	adds	r4, r0, r4
10008aa0:	0026      	movs	r6, r4
10008aa2:	36c8      	adds	r6, #200	; 0xc8
10008aa4:	2b00      	cmp	r3, #0
10008aa6:	d028      	beq.n	10008afa <pio_sm_init+0x6e>
10008aa8:	681f      	ldr	r7, [r3, #0]
10008aaa:	34dc      	adds	r4, #220	; 0xdc
10008aac:	6037      	str	r7, [r6, #0]
10008aae:	685f      	ldr	r7, [r3, #4]
10008ab0:	6077      	str	r7, [r6, #4]
10008ab2:	689f      	ldr	r7, [r3, #8]
10008ab4:	68db      	ldr	r3, [r3, #12]
10008ab6:	60b7      	str	r7, [r6, #8]
10008ab8:	6023      	str	r3, [r4, #0]
10008aba:	186d      	adds	r5, r5, r1
10008abc:	00eb      	lsls	r3, r5, #3
10008abe:	001d      	movs	r5, r3
10008ac0:	2480      	movs	r4, #128	; 0x80
10008ac2:	35d0      	adds	r5, #208	; 0xd0
10008ac4:	1945      	adds	r5, r0, r5
10008ac6:	0164      	lsls	r4, r4, #5
10008ac8:	432c      	orrs	r4, r5
10008aca:	2580      	movs	r5, #128	; 0x80
10008acc:	062d      	lsls	r5, r5, #24
10008ace:	6025      	str	r5, [r4, #0]
10008ad0:	6025      	str	r5, [r4, #0]
10008ad2:	2501      	movs	r5, #1
10008ad4:	4c0f      	ldr	r4, [pc, #60]	; (10008b14 <pio_sm_init+0x88>)
10008ad6:	002e      	movs	r6, r5
10008ad8:	408c      	lsls	r4, r1
10008ada:	6084      	str	r4, [r0, #8]
10008adc:	1d0c      	adds	r4, r1, #4
10008ade:	40a6      	lsls	r6, r4
10008ae0:	2480      	movs	r4, #128	; 0x80
10008ae2:	3108      	adds	r1, #8
10008ae4:	408d      	lsls	r5, r1
10008ae6:	211f      	movs	r1, #31
10008ae8:	01a4      	lsls	r4, r4, #6
10008aea:	4304      	orrs	r4, r0
10008aec:	18c0      	adds	r0, r0, r3
10008aee:	400a      	ands	r2, r1
10008af0:	30d8      	adds	r0, #216	; 0xd8
10008af2:	6026      	str	r6, [r4, #0]
10008af4:	6025      	str	r5, [r4, #0]
10008af6:	6002      	str	r2, [r0, #0]
10008af8:	bdf0      	pop	{r4, r5, r6, r7, pc}
10008afa:	2780      	movs	r7, #128	; 0x80
10008afc:	027f      	lsls	r7, r7, #9
10008afe:	6037      	str	r7, [r6, #0]
10008b00:	27f8      	movs	r7, #248	; 0xf8
10008b02:	027f      	lsls	r7, r7, #9
10008b04:	6077      	str	r7, [r6, #4]
10008b06:	27c0      	movs	r7, #192	; 0xc0
10008b08:	34dc      	adds	r4, #220	; 0xdc
10008b0a:	033f      	lsls	r7, r7, #12
10008b0c:	60b7      	str	r7, [r6, #8]
10008b0e:	6023      	str	r3, [r4, #0]
10008b10:	e7d3      	b.n	10008aba <pio_sm_init+0x2e>
10008b12:	46c0      	nop			; (mov r8, r8)
10008b14:	01010101 	.word	0x01010101

10008b18 <spi_init>:
10008b18:	b5f0      	push	{r4, r5, r6, r7, lr}
10008b1a:	4657      	mov	r7, sl
10008b1c:	4682      	mov	sl, r0
10008b1e:	4b48      	ldr	r3, [pc, #288]	; (10008c40 <spi_init+0x128>)
10008b20:	4645      	mov	r5, r8
10008b22:	4453      	add	r3, sl
10008b24:	425a      	negs	r2, r3
10008b26:	4153      	adcs	r3, r2
10008b28:	2280      	movs	r2, #128	; 0x80
10008b2a:	46de      	mov	lr, fp
10008b2c:	464e      	mov	r6, r9
10008b2e:	0292      	lsls	r2, r2, #10
10008b30:	4694      	mov	ip, r2
10008b32:	425b      	negs	r3, r3
10008b34:	b5e0      	push	{r5, r6, r7, lr}
10008b36:	0c1b      	lsrs	r3, r3, #16
10008b38:	4a42      	ldr	r2, [pc, #264]	; (10008c44 <spi_init+0x12c>)
10008b3a:	041b      	lsls	r3, r3, #16
10008b3c:	4463      	add	r3, ip
10008b3e:	6013      	str	r3, [r2, #0]
10008b40:	4a41      	ldr	r2, [pc, #260]	; (10008c48 <spi_init+0x130>)
10008b42:	000d      	movs	r5, r1
10008b44:	4941      	ldr	r1, [pc, #260]	; (10008c4c <spi_init+0x134>)
10008b46:	b085      	sub	sp, #20
10008b48:	6013      	str	r3, [r2, #0]
10008b4a:	0018      	movs	r0, r3
10008b4c:	688a      	ldr	r2, [r1, #8]
10008b4e:	4390      	bics	r0, r2
10008b50:	d1fb      	bne.n	10008b4a <spi_init+0x32>
10008b52:	4681      	mov	r9, r0
10008b54:	2006      	movs	r0, #6
10008b56:	f7fa f949 	bl	10002dec <clock_get_hz>
10008b5a:	4653      	mov	r3, sl
10008b5c:	685a      	ldr	r2, [r3, #4]
10008b5e:	2302      	movs	r3, #2
10008b60:	401a      	ands	r2, r3
10008b62:	9201      	str	r2, [sp, #4]
10008b64:	4652      	mov	r2, sl
10008b66:	3204      	adds	r2, #4
10008b68:	0011      	movs	r1, r2
10008b6a:	9202      	str	r2, [sp, #8]
10008b6c:	22c0      	movs	r2, #192	; 0xc0
10008b6e:	4680      	mov	r8, r0
10008b70:	2080      	movs	r0, #128	; 0x80
10008b72:	0192      	lsls	r2, r2, #6
10008b74:	4311      	orrs	r1, r2
10008b76:	600b      	str	r3, [r1, #0]
10008b78:	9103      	str	r1, [sp, #12]
10008b7a:	0def      	lsrs	r7, r5, #23
10008b7c:	2102      	movs	r1, #2
10008b7e:	026e      	lsls	r6, r5, #9
10008b80:	0dab      	lsrs	r3, r5, #22
10008b82:	02aa      	lsls	r2, r5, #10
10008b84:	0040      	lsls	r0, r0, #1
10008b86:	e005      	b.n	10008b94 <spi_init+0x7c>
10008b88:	4590      	cmp	r8, r2
10008b8a:	d307      	bcc.n	10008b9c <spi_init+0x84>
10008b8c:	1992      	adds	r2, r2, r6
10008b8e:	417b      	adcs	r3, r7
10008b90:	4281      	cmp	r1, r0
10008b92:	d04f      	beq.n	10008c34 <spi_init+0x11c>
10008b94:	000c      	movs	r4, r1
10008b96:	3102      	adds	r1, #2
10008b98:	2b00      	cmp	r3, #0
10008b9a:	d0f5      	beq.n	10008b88 <spi_init+0x70>
10008b9c:	002b      	movs	r3, r5
10008b9e:	2680      	movs	r6, #128	; 0x80
10008ba0:	0227      	lsls	r7, r4, #8
10008ba2:	4645      	mov	r5, r8
10008ba4:	1b3f      	subs	r7, r7, r4
10008ba6:	46a0      	mov	r8, r4
10008ba8:	0076      	lsls	r6, r6, #1
10008baa:	001c      	movs	r4, r3
10008bac:	e003      	b.n	10008bb6 <spi_init+0x9e>
10008bae:	4643      	mov	r3, r8
10008bb0:	1aff      	subs	r7, r7, r3
10008bb2:	2e01      	cmp	r6, #1
10008bb4:	d040      	beq.n	10008c38 <spi_init+0x120>
10008bb6:	0039      	movs	r1, r7
10008bb8:	0028      	movs	r0, r5
10008bba:	46b3      	mov	fp, r6
10008bbc:	3e01      	subs	r6, #1
10008bbe:	f7fb fdcd 	bl	1000475c <__wrap___aeabi_uidiv>
10008bc2:	4284      	cmp	r4, r0
10008bc4:	d2f3      	bcs.n	10008bae <spi_init+0x96>
10008bc6:	4644      	mov	r4, r8
10008bc8:	4659      	mov	r1, fp
10008bca:	0233      	lsls	r3, r6, #8
10008bcc:	46a8      	mov	r8, r5
10008bce:	4699      	mov	r9, r3
10008bd0:	4361      	muls	r1, r4
10008bd2:	4653      	mov	r3, sl
10008bd4:	464a      	mov	r2, r9
10008bd6:	611c      	str	r4, [r3, #16]
10008bd8:	681b      	ldr	r3, [r3, #0]
10008bda:	4650      	mov	r0, sl
10008bdc:	4053      	eors	r3, r2
10008bde:	22ff      	movs	r2, #255	; 0xff
10008be0:	0212      	lsls	r2, r2, #8
10008be2:	4013      	ands	r3, r2
10008be4:	2280      	movs	r2, #128	; 0x80
10008be6:	0152      	lsls	r2, r2, #5
10008be8:	4302      	orrs	r2, r0
10008bea:	6013      	str	r3, [r2, #0]
10008bec:	2380      	movs	r3, #128	; 0x80
10008bee:	9c02      	ldr	r4, [sp, #8]
10008bf0:	9801      	ldr	r0, [sp, #4]
10008bf2:	019b      	lsls	r3, r3, #6
10008bf4:	431c      	orrs	r4, r3
10008bf6:	6020      	str	r0, [r4, #0]
10008bf8:	2502      	movs	r5, #2
10008bfa:	4650      	mov	r0, sl
10008bfc:	9e03      	ldr	r6, [sp, #12]
10008bfe:	6840      	ldr	r0, [r0, #4]
10008c00:	6035      	str	r5, [r6, #0]
10008c02:	4656      	mov	r6, sl
10008c04:	2707      	movs	r7, #7
10008c06:	6836      	ldr	r6, [r6, #0]
10008c08:	4028      	ands	r0, r5
10008c0a:	4077      	eors	r7, r6
10008c0c:	26cf      	movs	r6, #207	; 0xcf
10008c0e:	403e      	ands	r6, r7
10008c10:	6016      	str	r6, [r2, #0]
10008c12:	6020      	str	r0, [r4, #0]
10008c14:	4650      	mov	r0, sl
10008c16:	3024      	adds	r0, #36	; 0x24
10008c18:	4318      	orrs	r0, r3
10008c1a:	2303      	movs	r3, #3
10008c1c:	6003      	str	r3, [r0, #0]
10008c1e:	4640      	mov	r0, r8
10008c20:	6025      	str	r5, [r4, #0]
10008c22:	f7fb fd9b 	bl	1000475c <__wrap___aeabi_uidiv>
10008c26:	b005      	add	sp, #20
10008c28:	bcf0      	pop	{r4, r5, r6, r7}
10008c2a:	46bb      	mov	fp, r7
10008c2c:	46b2      	mov	sl, r6
10008c2e:	46a9      	mov	r9, r5
10008c30:	46a0      	mov	r8, r4
10008c32:	bdf0      	pop	{r4, r5, r6, r7, pc}
10008c34:	000c      	movs	r4, r1
10008c36:	e7b1      	b.n	10008b9c <spi_init+0x84>
10008c38:	4644      	mov	r4, r8
10008c3a:	0019      	movs	r1, r3
10008c3c:	46a8      	mov	r8, r5
10008c3e:	e7c8      	b.n	10008bd2 <spi_init+0xba>
10008c40:	bffc4000 	.word	0xbffc4000
10008c44:	4000e000 	.word	0x4000e000
10008c48:	4000f000 	.word	0x4000f000
10008c4c:	4000c000 	.word	0x4000c000

10008c50 <calloc>:
10008c50:	0003      	movs	r3, r0
10008c52:	b510      	push	{r4, lr}
10008c54:	000a      	movs	r2, r1
10008c56:	4903      	ldr	r1, [pc, #12]	; (10008c64 <calloc+0x14>)
10008c58:	6808      	ldr	r0, [r1, #0]
10008c5a:	0019      	movs	r1, r3
10008c5c:	f000 f804 	bl	10008c68 <_calloc_r>
10008c60:	bd10      	pop	{r4, pc}
10008c62:	46c0      	nop			; (mov r8, r8)
10008c64:	20000ff0 	.word	0x20000ff0

10008c68 <_calloc_r>:
10008c68:	b570      	push	{r4, r5, r6, lr}
10008c6a:	0c0b      	lsrs	r3, r1, #16
10008c6c:	2400      	movs	r4, #0
10008c6e:	0c15      	lsrs	r5, r2, #16
10008c70:	2b00      	cmp	r3, #0
10008c72:	d128      	bne.n	10008cc6 <_calloc_r+0x5e>
10008c74:	2d00      	cmp	r5, #0
10008c76:	d137      	bne.n	10008ce8 <_calloc_r+0x80>
10008c78:	b28b      	uxth	r3, r1
10008c7a:	b291      	uxth	r1, r2
10008c7c:	4359      	muls	r1, r3
10008c7e:	f000 f847 	bl	10008d10 <_malloc_r>
10008c82:	1e05      	subs	r5, r0, #0
10008c84:	d019      	beq.n	10008cba <_calloc_r+0x52>
10008c86:	0003      	movs	r3, r0
10008c88:	3b08      	subs	r3, #8
10008c8a:	685a      	ldr	r2, [r3, #4]
10008c8c:	2303      	movs	r3, #3
10008c8e:	439a      	bics	r2, r3
10008c90:	3a04      	subs	r2, #4
10008c92:	2a24      	cmp	r2, #36	; 0x24
10008c94:	d813      	bhi.n	10008cbe <_calloc_r+0x56>
10008c96:	0003      	movs	r3, r0
10008c98:	2a13      	cmp	r2, #19
10008c9a:	d90a      	bls.n	10008cb2 <_calloc_r+0x4a>
10008c9c:	6004      	str	r4, [r0, #0]
10008c9e:	6044      	str	r4, [r0, #4]
10008ca0:	3308      	adds	r3, #8
10008ca2:	2a1b      	cmp	r2, #27
10008ca4:	d905      	bls.n	10008cb2 <_calloc_r+0x4a>
10008ca6:	6084      	str	r4, [r0, #8]
10008ca8:	60c4      	str	r4, [r0, #12]
10008caa:	2a24      	cmp	r2, #36	; 0x24
10008cac:	d025      	beq.n	10008cfa <_calloc_r+0x92>
10008cae:	0003      	movs	r3, r0
10008cb0:	3310      	adds	r3, #16
10008cb2:	2200      	movs	r2, #0
10008cb4:	601a      	str	r2, [r3, #0]
10008cb6:	605a      	str	r2, [r3, #4]
10008cb8:	609a      	str	r2, [r3, #8]
10008cba:	0028      	movs	r0, r5
10008cbc:	bd70      	pop	{r4, r5, r6, pc}
10008cbe:	2100      	movs	r1, #0
10008cc0:	f7fd fa92 	bl	100061e8 <__wrap_memset>
10008cc4:	e7f9      	b.n	10008cba <_calloc_r+0x52>
10008cc6:	2d00      	cmp	r5, #0
10008cc8:	d111      	bne.n	10008cee <_calloc_r+0x86>
10008cca:	1c15      	adds	r5, r2, #0
10008ccc:	b289      	uxth	r1, r1
10008cce:	b292      	uxth	r2, r2
10008cd0:	434a      	muls	r2, r1
10008cd2:	b2ad      	uxth	r5, r5
10008cd4:	b29b      	uxth	r3, r3
10008cd6:	436b      	muls	r3, r5
10008cd8:	0c11      	lsrs	r1, r2, #16
10008cda:	185b      	adds	r3, r3, r1
10008cdc:	0c19      	lsrs	r1, r3, #16
10008cde:	d106      	bne.n	10008cee <_calloc_r+0x86>
10008ce0:	0419      	lsls	r1, r3, #16
10008ce2:	b292      	uxth	r2, r2
10008ce4:	4311      	orrs	r1, r2
10008ce6:	e7ca      	b.n	10008c7e <_calloc_r+0x16>
10008ce8:	1c2b      	adds	r3, r5, #0
10008cea:	1c0d      	adds	r5, r1, #0
10008cec:	e7ee      	b.n	10008ccc <_calloc_r+0x64>
10008cee:	f000 f809 	bl	10008d04 <__errno>
10008cf2:	230c      	movs	r3, #12
10008cf4:	2500      	movs	r5, #0
10008cf6:	6003      	str	r3, [r0, #0]
10008cf8:	e7df      	b.n	10008cba <_calloc_r+0x52>
10008cfa:	0003      	movs	r3, r0
10008cfc:	6104      	str	r4, [r0, #16]
10008cfe:	3318      	adds	r3, #24
10008d00:	6144      	str	r4, [r0, #20]
10008d02:	e7d6      	b.n	10008cb2 <_calloc_r+0x4a>

10008d04 <__errno>:
10008d04:	4b01      	ldr	r3, [pc, #4]	; (10008d0c <__errno+0x8>)
10008d06:	6818      	ldr	r0, [r3, #0]
10008d08:	4770      	bx	lr
10008d0a:	46c0      	nop			; (mov r8, r8)
10008d0c:	20000ff0 	.word	0x20000ff0

10008d10 <_malloc_r>:
10008d10:	b5f0      	push	{r4, r5, r6, r7, lr}
10008d12:	464e      	mov	r6, r9
10008d14:	4645      	mov	r5, r8
10008d16:	46de      	mov	lr, fp
10008d18:	4657      	mov	r7, sl
10008d1a:	b5e0      	push	{r5, r6, r7, lr}
10008d1c:	000d      	movs	r5, r1
10008d1e:	350b      	adds	r5, #11
10008d20:	0006      	movs	r6, r0
10008d22:	b083      	sub	sp, #12
10008d24:	2d16      	cmp	r5, #22
10008d26:	d822      	bhi.n	10008d6e <_malloc_r+0x5e>
10008d28:	2910      	cmp	r1, #16
10008d2a:	d900      	bls.n	10008d2e <_malloc_r+0x1e>
10008d2c:	e0b2      	b.n	10008e94 <_malloc_r+0x184>
10008d2e:	f000 fab1 	bl	10009294 <__malloc_lock>
10008d32:	2510      	movs	r5, #16
10008d34:	2318      	movs	r3, #24
10008d36:	2002      	movs	r0, #2
10008d38:	4fcc      	ldr	r7, [pc, #816]	; (1000906c <_malloc_r+0x35c>)
10008d3a:	18fb      	adds	r3, r7, r3
10008d3c:	001a      	movs	r2, r3
10008d3e:	685c      	ldr	r4, [r3, #4]
10008d40:	3a08      	subs	r2, #8
10008d42:	4294      	cmp	r4, r2
10008d44:	d100      	bne.n	10008d48 <_malloc_r+0x38>
10008d46:	e0b5      	b.n	10008eb4 <_malloc_r+0x1a4>
10008d48:	2303      	movs	r3, #3
10008d4a:	6862      	ldr	r2, [r4, #4]
10008d4c:	439a      	bics	r2, r3
10008d4e:	0013      	movs	r3, r2
10008d50:	68e2      	ldr	r2, [r4, #12]
10008d52:	68a1      	ldr	r1, [r4, #8]
10008d54:	60ca      	str	r2, [r1, #12]
10008d56:	6091      	str	r1, [r2, #8]
10008d58:	2201      	movs	r2, #1
10008d5a:	18e3      	adds	r3, r4, r3
10008d5c:	6859      	ldr	r1, [r3, #4]
10008d5e:	0030      	movs	r0, r6
10008d60:	430a      	orrs	r2, r1
10008d62:	605a      	str	r2, [r3, #4]
10008d64:	f000 fa9e 	bl	100092a4 <__malloc_unlock>
10008d68:	0020      	movs	r0, r4
10008d6a:	3008      	adds	r0, #8
10008d6c:	e095      	b.n	10008e9a <_malloc_r+0x18a>
10008d6e:	2307      	movs	r3, #7
10008d70:	439d      	bics	r5, r3
10008d72:	d500      	bpl.n	10008d76 <_malloc_r+0x66>
10008d74:	e08e      	b.n	10008e94 <_malloc_r+0x184>
10008d76:	42a9      	cmp	r1, r5
10008d78:	d900      	bls.n	10008d7c <_malloc_r+0x6c>
10008d7a:	e08b      	b.n	10008e94 <_malloc_r+0x184>
10008d7c:	f000 fa8a 	bl	10009294 <__malloc_lock>
10008d80:	23fc      	movs	r3, #252	; 0xfc
10008d82:	005b      	lsls	r3, r3, #1
10008d84:	429d      	cmp	r5, r3
10008d86:	d200      	bcs.n	10008d8a <_malloc_r+0x7a>
10008d88:	e1a7      	b.n	100090da <_malloc_r+0x3ca>
10008d8a:	0a68      	lsrs	r0, r5, #9
10008d8c:	d100      	bne.n	10008d90 <_malloc_r+0x80>
10008d8e:	e08b      	b.n	10008ea8 <_malloc_r+0x198>
10008d90:	2804      	cmp	r0, #4
10008d92:	d900      	bls.n	10008d96 <_malloc_r+0x86>
10008d94:	e17a      	b.n	1000908c <_malloc_r+0x37c>
10008d96:	2338      	movs	r3, #56	; 0x38
10008d98:	4698      	mov	r8, r3
10008d9a:	09a8      	lsrs	r0, r5, #6
10008d9c:	4480      	add	r8, r0
10008d9e:	3039      	adds	r0, #57	; 0x39
10008da0:	00c1      	lsls	r1, r0, #3
10008da2:	4fb2      	ldr	r7, [pc, #712]	; (1000906c <_malloc_r+0x35c>)
10008da4:	1879      	adds	r1, r7, r1
10008da6:	684c      	ldr	r4, [r1, #4]
10008da8:	3908      	subs	r1, #8
10008daa:	42a1      	cmp	r1, r4
10008dac:	d00e      	beq.n	10008dcc <_malloc_r+0xbc>
10008dae:	2303      	movs	r3, #3
10008db0:	469c      	mov	ip, r3
10008db2:	e004      	b.n	10008dbe <_malloc_r+0xae>
10008db4:	2a00      	cmp	r2, #0
10008db6:	dacb      	bge.n	10008d50 <_malloc_r+0x40>
10008db8:	68e4      	ldr	r4, [r4, #12]
10008dba:	42a1      	cmp	r1, r4
10008dbc:	d006      	beq.n	10008dcc <_malloc_r+0xbc>
10008dbe:	4662      	mov	r2, ip
10008dc0:	6863      	ldr	r3, [r4, #4]
10008dc2:	4393      	bics	r3, r2
10008dc4:	1b5a      	subs	r2, r3, r5
10008dc6:	2a0f      	cmp	r2, #15
10008dc8:	ddf4      	ble.n	10008db4 <_malloc_r+0xa4>
10008dca:	4640      	mov	r0, r8
10008dcc:	003a      	movs	r2, r7
10008dce:	693c      	ldr	r4, [r7, #16]
10008dd0:	3208      	adds	r2, #8
10008dd2:	4294      	cmp	r4, r2
10008dd4:	d100      	bne.n	10008dd8 <_malloc_r+0xc8>
10008dd6:	e078      	b.n	10008eca <_malloc_r+0x1ba>
10008dd8:	2303      	movs	r3, #3
10008dda:	6861      	ldr	r1, [r4, #4]
10008ddc:	4399      	bics	r1, r3
10008dde:	4689      	mov	r9, r1
10008de0:	000b      	movs	r3, r1
10008de2:	1b49      	subs	r1, r1, r5
10008de4:	290f      	cmp	r1, #15
10008de6:	dd00      	ble.n	10008dea <_malloc_r+0xda>
10008de8:	e17b      	b.n	100090e2 <_malloc_r+0x3d2>
10008dea:	617a      	str	r2, [r7, #20]
10008dec:	613a      	str	r2, [r7, #16]
10008dee:	2900      	cmp	r1, #0
10008df0:	dab2      	bge.n	10008d58 <_malloc_r+0x48>
10008df2:	2280      	movs	r2, #128	; 0x80
10008df4:	0092      	lsls	r2, r2, #2
10008df6:	4591      	cmp	r9, r2
10008df8:	d300      	bcc.n	10008dfc <_malloc_r+0xec>
10008dfa:	e10f      	b.n	1000901c <_malloc_r+0x30c>
10008dfc:	0959      	lsrs	r1, r3, #5
10008dfe:	08da      	lsrs	r2, r3, #3
10008e00:	2301      	movs	r3, #1
10008e02:	408b      	lsls	r3, r1
10008e04:	00d2      	lsls	r2, r2, #3
10008e06:	6879      	ldr	r1, [r7, #4]
10008e08:	19d2      	adds	r2, r2, r7
10008e0a:	430b      	orrs	r3, r1
10008e0c:	6891      	ldr	r1, [r2, #8]
10008e0e:	607b      	str	r3, [r7, #4]
10008e10:	60e2      	str	r2, [r4, #12]
10008e12:	60a1      	str	r1, [r4, #8]
10008e14:	6094      	str	r4, [r2, #8]
10008e16:	60cc      	str	r4, [r1, #12]
10008e18:	2101      	movs	r1, #1
10008e1a:	1082      	asrs	r2, r0, #2
10008e1c:	4091      	lsls	r1, r2
10008e1e:	4299      	cmp	r1, r3
10008e20:	d859      	bhi.n	10008ed6 <_malloc_r+0x1c6>
10008e22:	420b      	tst	r3, r1
10008e24:	d105      	bne.n	10008e32 <_malloc_r+0x122>
10008e26:	2203      	movs	r2, #3
10008e28:	4390      	bics	r0, r2
10008e2a:	0049      	lsls	r1, r1, #1
10008e2c:	3004      	adds	r0, #4
10008e2e:	420b      	tst	r3, r1
10008e30:	d0fb      	beq.n	10008e2a <_malloc_r+0x11a>
10008e32:	2303      	movs	r3, #3
10008e34:	4698      	mov	r8, r3
10008e36:	00c3      	lsls	r3, r0, #3
10008e38:	4699      	mov	r9, r3
10008e3a:	44b9      	add	r9, r7
10008e3c:	46cc      	mov	ip, r9
10008e3e:	4682      	mov	sl, r0
10008e40:	4663      	mov	r3, ip
10008e42:	68dc      	ldr	r4, [r3, #12]
10008e44:	45a4      	cmp	ip, r4
10008e46:	d107      	bne.n	10008e58 <_malloc_r+0x148>
10008e48:	e12c      	b.n	100090a4 <_malloc_r+0x394>
10008e4a:	2a00      	cmp	r2, #0
10008e4c:	db00      	blt.n	10008e50 <_malloc_r+0x140>
10008e4e:	e135      	b.n	100090bc <_malloc_r+0x3ac>
10008e50:	68e4      	ldr	r4, [r4, #12]
10008e52:	45a4      	cmp	ip, r4
10008e54:	d100      	bne.n	10008e58 <_malloc_r+0x148>
10008e56:	e125      	b.n	100090a4 <_malloc_r+0x394>
10008e58:	4642      	mov	r2, r8
10008e5a:	6863      	ldr	r3, [r4, #4]
10008e5c:	4393      	bics	r3, r2
10008e5e:	1b5a      	subs	r2, r3, r5
10008e60:	2a0f      	cmp	r2, #15
10008e62:	ddf2      	ble.n	10008e4a <_malloc_r+0x13a>
10008e64:	2001      	movs	r0, #1
10008e66:	4680      	mov	r8, r0
10008e68:	1961      	adds	r1, r4, r5
10008e6a:	4305      	orrs	r5, r0
10008e6c:	6065      	str	r5, [r4, #4]
10008e6e:	68a0      	ldr	r0, [r4, #8]
10008e70:	68e5      	ldr	r5, [r4, #12]
10008e72:	3708      	adds	r7, #8
10008e74:	60c5      	str	r5, [r0, #12]
10008e76:	60a8      	str	r0, [r5, #8]
10008e78:	4640      	mov	r0, r8
10008e7a:	4310      	orrs	r0, r2
10008e7c:	60f9      	str	r1, [r7, #12]
10008e7e:	60b9      	str	r1, [r7, #8]
10008e80:	6048      	str	r0, [r1, #4]
10008e82:	60cf      	str	r7, [r1, #12]
10008e84:	0030      	movs	r0, r6
10008e86:	608f      	str	r7, [r1, #8]
10008e88:	50e2      	str	r2, [r4, r3]
10008e8a:	f000 fa0b 	bl	100092a4 <__malloc_unlock>
10008e8e:	0020      	movs	r0, r4
10008e90:	3008      	adds	r0, #8
10008e92:	e002      	b.n	10008e9a <_malloc_r+0x18a>
10008e94:	230c      	movs	r3, #12
10008e96:	2000      	movs	r0, #0
10008e98:	6033      	str	r3, [r6, #0]
10008e9a:	b003      	add	sp, #12
10008e9c:	bcf0      	pop	{r4, r5, r6, r7}
10008e9e:	46bb      	mov	fp, r7
10008ea0:	46b2      	mov	sl, r6
10008ea2:	46a9      	mov	r9, r5
10008ea4:	46a0      	mov	r8, r4
10008ea6:	bdf0      	pop	{r4, r5, r6, r7, pc}
10008ea8:	2180      	movs	r1, #128	; 0x80
10008eaa:	233f      	movs	r3, #63	; 0x3f
10008eac:	2040      	movs	r0, #64	; 0x40
10008eae:	4698      	mov	r8, r3
10008eb0:	0089      	lsls	r1, r1, #2
10008eb2:	e776      	b.n	10008da2 <_malloc_r+0x92>
10008eb4:	68dc      	ldr	r4, [r3, #12]
10008eb6:	3002      	adds	r0, #2
10008eb8:	42a3      	cmp	r3, r4
10008eba:	d000      	beq.n	10008ebe <_malloc_r+0x1ae>
10008ebc:	e744      	b.n	10008d48 <_malloc_r+0x38>
10008ebe:	003a      	movs	r2, r7
10008ec0:	693c      	ldr	r4, [r7, #16]
10008ec2:	3208      	adds	r2, #8
10008ec4:	4294      	cmp	r4, r2
10008ec6:	d000      	beq.n	10008eca <_malloc_r+0x1ba>
10008ec8:	e786      	b.n	10008dd8 <_malloc_r+0xc8>
10008eca:	2101      	movs	r1, #1
10008ecc:	687b      	ldr	r3, [r7, #4]
10008ece:	1082      	asrs	r2, r0, #2
10008ed0:	4091      	lsls	r1, r2
10008ed2:	4299      	cmp	r1, r3
10008ed4:	d9a5      	bls.n	10008e22 <_malloc_r+0x112>
10008ed6:	2303      	movs	r3, #3
10008ed8:	68bc      	ldr	r4, [r7, #8]
10008eda:	6862      	ldr	r2, [r4, #4]
10008edc:	439a      	bics	r2, r3
10008ede:	4691      	mov	r9, r2
10008ee0:	4295      	cmp	r5, r2
10008ee2:	d803      	bhi.n	10008eec <_malloc_r+0x1dc>
10008ee4:	1b53      	subs	r3, r2, r5
10008ee6:	2b0f      	cmp	r3, #15
10008ee8:	dd00      	ble.n	10008eec <_malloc_r+0x1dc>
10008eea:	e089      	b.n	10009000 <_malloc_r+0x2f0>
10008eec:	0023      	movs	r3, r4
10008eee:	444b      	add	r3, r9
10008ef0:	4a5f      	ldr	r2, [pc, #380]	; (10009070 <_malloc_r+0x360>)
10008ef2:	9301      	str	r3, [sp, #4]
10008ef4:	4b5f      	ldr	r3, [pc, #380]	; (10009074 <_malloc_r+0x364>)
10008ef6:	4693      	mov	fp, r2
10008ef8:	681b      	ldr	r3, [r3, #0]
10008efa:	6812      	ldr	r2, [r2, #0]
10008efc:	18eb      	adds	r3, r5, r3
10008efe:	3201      	adds	r2, #1
10008f00:	d100      	bne.n	10008f04 <_malloc_r+0x1f4>
10008f02:	e13d      	b.n	10009180 <_malloc_r+0x470>
10008f04:	4a5c      	ldr	r2, [pc, #368]	; (10009078 <_malloc_r+0x368>)
10008f06:	4694      	mov	ip, r2
10008f08:	4463      	add	r3, ip
10008f0a:	0b1b      	lsrs	r3, r3, #12
10008f0c:	031b      	lsls	r3, r3, #12
10008f0e:	9300      	str	r3, [sp, #0]
10008f10:	0030      	movs	r0, r6
10008f12:	9900      	ldr	r1, [sp, #0]
10008f14:	f000 f9ce 	bl	100092b4 <_sbrk_r>
10008f18:	0003      	movs	r3, r0
10008f1a:	4680      	mov	r8, r0
10008f1c:	3301      	adds	r3, #1
10008f1e:	d100      	bne.n	10008f22 <_malloc_r+0x212>
10008f20:	e0fa      	b.n	10009118 <_malloc_r+0x408>
10008f22:	9b01      	ldr	r3, [sp, #4]
10008f24:	4283      	cmp	r3, r0
10008f26:	d900      	bls.n	10008f2a <_malloc_r+0x21a>
10008f28:	e0f4      	b.n	10009114 <_malloc_r+0x404>
10008f2a:	4b54      	ldr	r3, [pc, #336]	; (1000907c <_malloc_r+0x36c>)
10008f2c:	9800      	ldr	r0, [sp, #0]
10008f2e:	001a      	movs	r2, r3
10008f30:	469a      	mov	sl, r3
10008f32:	6812      	ldr	r2, [r2, #0]
10008f34:	0003      	movs	r3, r0
10008f36:	4694      	mov	ip, r2
10008f38:	4651      	mov	r1, sl
10008f3a:	4463      	add	r3, ip
10008f3c:	600b      	str	r3, [r1, #0]
10008f3e:	9901      	ldr	r1, [sp, #4]
10008f40:	001a      	movs	r2, r3
10008f42:	4541      	cmp	r1, r8
10008f44:	d100      	bne.n	10008f48 <_malloc_r+0x238>
10008f46:	e151      	b.n	100091ec <_malloc_r+0x4dc>
10008f48:	465b      	mov	r3, fp
10008f4a:	681b      	ldr	r3, [r3, #0]
10008f4c:	3301      	adds	r3, #1
10008f4e:	d100      	bne.n	10008f52 <_malloc_r+0x242>
10008f50:	e156      	b.n	10009200 <_malloc_r+0x4f0>
10008f52:	4643      	mov	r3, r8
10008f54:	9901      	ldr	r1, [sp, #4]
10008f56:	1a5b      	subs	r3, r3, r1
10008f58:	189a      	adds	r2, r3, r2
10008f5a:	4653      	mov	r3, sl
10008f5c:	601a      	str	r2, [r3, #0]
10008f5e:	2307      	movs	r3, #7
10008f60:	4642      	mov	r2, r8
10008f62:	4641      	mov	r1, r8
10008f64:	401a      	ands	r2, r3
10008f66:	9201      	str	r2, [sp, #4]
10008f68:	4219      	tst	r1, r3
10008f6a:	d100      	bne.n	10008f6e <_malloc_r+0x25e>
10008f6c:	e112      	b.n	10009194 <_malloc_r+0x484>
10008f6e:	2308      	movs	r3, #8
10008f70:	4698      	mov	r8, r3
10008f72:	1a88      	subs	r0, r1, r2
10008f74:	4b42      	ldr	r3, [pc, #264]	; (10009080 <_malloc_r+0x370>)
10008f76:	9900      	ldr	r1, [sp, #0]
10008f78:	4480      	add	r8, r0
10008f7a:	4441      	add	r1, r8
10008f7c:	1a9b      	subs	r3, r3, r2
10008f7e:	1a5b      	subs	r3, r3, r1
10008f80:	051b      	lsls	r3, r3, #20
10008f82:	0d1b      	lsrs	r3, r3, #20
10008f84:	9100      	str	r1, [sp, #0]
10008f86:	0030      	movs	r0, r6
10008f88:	0019      	movs	r1, r3
10008f8a:	469b      	mov	fp, r3
10008f8c:	f000 f992 	bl	100092b4 <_sbrk_r>
10008f90:	1c43      	adds	r3, r0, #1
10008f92:	d100      	bne.n	10008f96 <_malloc_r+0x286>
10008f94:	e150      	b.n	10009238 <_malloc_r+0x528>
10008f96:	4643      	mov	r3, r8
10008f98:	1ac0      	subs	r0, r0, r3
10008f9a:	0003      	movs	r3, r0
10008f9c:	445b      	add	r3, fp
10008f9e:	9300      	str	r3, [sp, #0]
10008fa0:	4653      	mov	r3, sl
10008fa2:	4652      	mov	r2, sl
10008fa4:	681b      	ldr	r3, [r3, #0]
10008fa6:	2101      	movs	r1, #1
10008fa8:	445b      	add	r3, fp
10008faa:	6013      	str	r3, [r2, #0]
10008fac:	4642      	mov	r2, r8
10008fae:	4640      	mov	r0, r8
10008fb0:	60ba      	str	r2, [r7, #8]
10008fb2:	9a00      	ldr	r2, [sp, #0]
10008fb4:	430a      	orrs	r2, r1
10008fb6:	6042      	str	r2, [r0, #4]
10008fb8:	42bc      	cmp	r4, r7
10008fba:	d100      	bne.n	10008fbe <_malloc_r+0x2ae>
10008fbc:	e124      	b.n	10009208 <_malloc_r+0x4f8>
10008fbe:	464a      	mov	r2, r9
10008fc0:	2a0f      	cmp	r2, #15
10008fc2:	d800      	bhi.n	10008fc6 <_malloc_r+0x2b6>
10008fc4:	e122      	b.n	1000920c <_malloc_r+0x4fc>
10008fc6:	2007      	movs	r0, #7
10008fc8:	3a0c      	subs	r2, #12
10008fca:	4382      	bics	r2, r0
10008fcc:	6860      	ldr	r0, [r4, #4]
10008fce:	4001      	ands	r1, r0
10008fd0:	2005      	movs	r0, #5
10008fd2:	4311      	orrs	r1, r2
10008fd4:	6061      	str	r1, [r4, #4]
10008fd6:	18a1      	adds	r1, r4, r2
10008fd8:	6048      	str	r0, [r1, #4]
10008fda:	6088      	str	r0, [r1, #8]
10008fdc:	2a0f      	cmp	r2, #15
10008fde:	d900      	bls.n	10008fe2 <_malloc_r+0x2d2>
10008fe0:	e135      	b.n	1000924e <_malloc_r+0x53e>
10008fe2:	4642      	mov	r2, r8
10008fe4:	4644      	mov	r4, r8
10008fe6:	6852      	ldr	r2, [r2, #4]
10008fe8:	4926      	ldr	r1, [pc, #152]	; (10009084 <_malloc_r+0x374>)
10008fea:	6808      	ldr	r0, [r1, #0]
10008fec:	4298      	cmp	r0, r3
10008fee:	d200      	bcs.n	10008ff2 <_malloc_r+0x2e2>
10008ff0:	600b      	str	r3, [r1, #0]
10008ff2:	4925      	ldr	r1, [pc, #148]	; (10009088 <_malloc_r+0x378>)
10008ff4:	6808      	ldr	r0, [r1, #0]
10008ff6:	4298      	cmp	r0, r3
10008ff8:	d300      	bcc.n	10008ffc <_malloc_r+0x2ec>
10008ffa:	e08f      	b.n	1000911c <_malloc_r+0x40c>
10008ffc:	600b      	str	r3, [r1, #0]
10008ffe:	e08d      	b.n	1000911c <_malloc_r+0x40c>
10009000:	2201      	movs	r2, #1
10009002:	0029      	movs	r1, r5
10009004:	4313      	orrs	r3, r2
10009006:	4311      	orrs	r1, r2
10009008:	1965      	adds	r5, r4, r5
1000900a:	6061      	str	r1, [r4, #4]
1000900c:	0030      	movs	r0, r6
1000900e:	60bd      	str	r5, [r7, #8]
10009010:	606b      	str	r3, [r5, #4]
10009012:	f000 f947 	bl	100092a4 <__malloc_unlock>
10009016:	0020      	movs	r0, r4
10009018:	3008      	adds	r0, #8
1000901a:	e73e      	b.n	10008e9a <_malloc_r+0x18a>
1000901c:	0a5a      	lsrs	r2, r3, #9
1000901e:	2a04      	cmp	r2, #4
10009020:	d972      	bls.n	10009108 <_malloc_r+0x3f8>
10009022:	2a14      	cmp	r2, #20
10009024:	d900      	bls.n	10009028 <_malloc_r+0x318>
10009026:	e0c5      	b.n	100091b4 <_malloc_r+0x4a4>
10009028:	0011      	movs	r1, r2
1000902a:	325c      	adds	r2, #92	; 0x5c
1000902c:	315b      	adds	r1, #91	; 0x5b
1000902e:	00d2      	lsls	r2, r2, #3
10009030:	2308      	movs	r3, #8
10009032:	425b      	negs	r3, r3
10009034:	469c      	mov	ip, r3
10009036:	18ba      	adds	r2, r7, r2
10009038:	4494      	add	ip, r2
1000903a:	4663      	mov	r3, ip
1000903c:	689a      	ldr	r2, [r3, #8]
1000903e:	2303      	movs	r3, #3
10009040:	4698      	mov	r8, r3
10009042:	4594      	cmp	ip, r2
10009044:	d100      	bne.n	10009048 <_malloc_r+0x338>
10009046:	e09e      	b.n	10009186 <_malloc_r+0x476>
10009048:	4643      	mov	r3, r8
1000904a:	6851      	ldr	r1, [r2, #4]
1000904c:	4399      	bics	r1, r3
1000904e:	4549      	cmp	r1, r9
10009050:	d902      	bls.n	10009058 <_malloc_r+0x348>
10009052:	6892      	ldr	r2, [r2, #8]
10009054:	4594      	cmp	ip, r2
10009056:	d1f7      	bne.n	10009048 <_malloc_r+0x338>
10009058:	68d3      	ldr	r3, [r2, #12]
1000905a:	469c      	mov	ip, r3
1000905c:	687b      	ldr	r3, [r7, #4]
1000905e:	4661      	mov	r1, ip
10009060:	60a2      	str	r2, [r4, #8]
10009062:	60e1      	str	r1, [r4, #12]
10009064:	608c      	str	r4, [r1, #8]
10009066:	60d4      	str	r4, [r2, #12]
10009068:	e6d6      	b.n	10008e18 <_malloc_r+0x108>
1000906a:	46c0      	nop			; (mov r8, r8)
1000906c:	20001420 	.word	0x20001420
10009070:	20001828 	.word	0x20001828
10009074:	20001ba8 	.word	0x20001ba8
10009078:	0000100f 	.word	0x0000100f
1000907c:	20001b78 	.word	0x20001b78
10009080:	00001008 	.word	0x00001008
10009084:	20001ba0 	.word	0x20001ba0
10009088:	20001ba4 	.word	0x20001ba4
1000908c:	2814      	cmp	r0, #20
1000908e:	d952      	bls.n	10009136 <_malloc_r+0x426>
10009090:	2854      	cmp	r0, #84	; 0x54
10009092:	d900      	bls.n	10009096 <_malloc_r+0x386>
10009094:	e096      	b.n	100091c4 <_malloc_r+0x4b4>
10009096:	236e      	movs	r3, #110	; 0x6e
10009098:	4698      	mov	r8, r3
1000909a:	0b28      	lsrs	r0, r5, #12
1000909c:	4480      	add	r8, r0
1000909e:	306f      	adds	r0, #111	; 0x6f
100090a0:	00c1      	lsls	r1, r0, #3
100090a2:	e67e      	b.n	10008da2 <_malloc_r+0x92>
100090a4:	2308      	movs	r3, #8
100090a6:	469b      	mov	fp, r3
100090a8:	3b07      	subs	r3, #7
100090aa:	44dc      	add	ip, fp
100090ac:	469b      	mov	fp, r3
100090ae:	44da      	add	sl, fp
100090b0:	4643      	mov	r3, r8
100090b2:	4652      	mov	r2, sl
100090b4:	4213      	tst	r3, r2
100090b6:	d000      	beq.n	100090ba <_malloc_r+0x3aa>
100090b8:	e6c2      	b.n	10008e40 <_malloc_r+0x130>
100090ba:	e04c      	b.n	10009156 <_malloc_r+0x446>
100090bc:	2201      	movs	r2, #1
100090be:	18e3      	adds	r3, r4, r3
100090c0:	6859      	ldr	r1, [r3, #4]
100090c2:	0030      	movs	r0, r6
100090c4:	430a      	orrs	r2, r1
100090c6:	605a      	str	r2, [r3, #4]
100090c8:	68e3      	ldr	r3, [r4, #12]
100090ca:	68a2      	ldr	r2, [r4, #8]
100090cc:	60d3      	str	r3, [r2, #12]
100090ce:	609a      	str	r2, [r3, #8]
100090d0:	f000 f8e8 	bl	100092a4 <__malloc_unlock>
100090d4:	0020      	movs	r0, r4
100090d6:	3008      	adds	r0, #8
100090d8:	e6df      	b.n	10008e9a <_malloc_r+0x18a>
100090da:	002b      	movs	r3, r5
100090dc:	08e8      	lsrs	r0, r5, #3
100090de:	3308      	adds	r3, #8
100090e0:	e62a      	b.n	10008d38 <_malloc_r+0x28>
100090e2:	2301      	movs	r3, #1
100090e4:	1960      	adds	r0, r4, r5
100090e6:	431d      	orrs	r5, r3
100090e8:	6065      	str	r5, [r4, #4]
100090ea:	6178      	str	r0, [r7, #20]
100090ec:	6138      	str	r0, [r7, #16]
100090ee:	60c2      	str	r2, [r0, #12]
100090f0:	6082      	str	r2, [r0, #8]
100090f2:	001a      	movs	r2, r3
100090f4:	464b      	mov	r3, r9
100090f6:	430a      	orrs	r2, r1
100090f8:	6042      	str	r2, [r0, #4]
100090fa:	0030      	movs	r0, r6
100090fc:	50e1      	str	r1, [r4, r3]
100090fe:	f000 f8d1 	bl	100092a4 <__malloc_unlock>
10009102:	0020      	movs	r0, r4
10009104:	3008      	adds	r0, #8
10009106:	e6c8      	b.n	10008e9a <_malloc_r+0x18a>
10009108:	099a      	lsrs	r2, r3, #6
1000910a:	0011      	movs	r1, r2
1000910c:	3239      	adds	r2, #57	; 0x39
1000910e:	3138      	adds	r1, #56	; 0x38
10009110:	00d2      	lsls	r2, r2, #3
10009112:	e78d      	b.n	10009030 <_malloc_r+0x320>
10009114:	42bc      	cmp	r4, r7
10009116:	d060      	beq.n	100091da <_malloc_r+0x4ca>
10009118:	68bc      	ldr	r4, [r7, #8]
1000911a:	6862      	ldr	r2, [r4, #4]
1000911c:	2303      	movs	r3, #3
1000911e:	439a      	bics	r2, r3
10009120:	1b53      	subs	r3, r2, r5
10009122:	4295      	cmp	r5, r2
10009124:	d802      	bhi.n	1000912c <_malloc_r+0x41c>
10009126:	2b0f      	cmp	r3, #15
10009128:	dd00      	ble.n	1000912c <_malloc_r+0x41c>
1000912a:	e769      	b.n	10009000 <_malloc_r+0x2f0>
1000912c:	0030      	movs	r0, r6
1000912e:	f000 f8b9 	bl	100092a4 <__malloc_unlock>
10009132:	2000      	movs	r0, #0
10009134:	e6b1      	b.n	10008e9a <_malloc_r+0x18a>
10009136:	235b      	movs	r3, #91	; 0x5b
10009138:	4698      	mov	r8, r3
1000913a:	4480      	add	r8, r0
1000913c:	305c      	adds	r0, #92	; 0x5c
1000913e:	00c1      	lsls	r1, r0, #3
10009140:	e62f      	b.n	10008da2 <_malloc_r+0x92>
10009142:	2308      	movs	r3, #8
10009144:	425b      	negs	r3, r3
10009146:	469c      	mov	ip, r3
10009148:	44e1      	add	r9, ip
1000914a:	464b      	mov	r3, r9
1000914c:	689b      	ldr	r3, [r3, #8]
1000914e:	3801      	subs	r0, #1
10009150:	454b      	cmp	r3, r9
10009152:	d000      	beq.n	10009156 <_malloc_r+0x446>
10009154:	e098      	b.n	10009288 <_malloc_r+0x578>
10009156:	4643      	mov	r3, r8
10009158:	4203      	tst	r3, r0
1000915a:	d1f2      	bne.n	10009142 <_malloc_r+0x432>
1000915c:	687b      	ldr	r3, [r7, #4]
1000915e:	438b      	bics	r3, r1
10009160:	607b      	str	r3, [r7, #4]
10009162:	0049      	lsls	r1, r1, #1
10009164:	4299      	cmp	r1, r3
10009166:	d900      	bls.n	1000916a <_malloc_r+0x45a>
10009168:	e6b5      	b.n	10008ed6 <_malloc_r+0x1c6>
1000916a:	2900      	cmp	r1, #0
1000916c:	d104      	bne.n	10009178 <_malloc_r+0x468>
1000916e:	e6b2      	b.n	10008ed6 <_malloc_r+0x1c6>
10009170:	2204      	movs	r2, #4
10009172:	4694      	mov	ip, r2
10009174:	0049      	lsls	r1, r1, #1
10009176:	44e2      	add	sl, ip
10009178:	420b      	tst	r3, r1
1000917a:	d0f9      	beq.n	10009170 <_malloc_r+0x460>
1000917c:	4650      	mov	r0, sl
1000917e:	e65a      	b.n	10008e36 <_malloc_r+0x126>
10009180:	3310      	adds	r3, #16
10009182:	9300      	str	r3, [sp, #0]
10009184:	e6c4      	b.n	10008f10 <_malloc_r+0x200>
10009186:	1089      	asrs	r1, r1, #2
10009188:	3b02      	subs	r3, #2
1000918a:	408b      	lsls	r3, r1
1000918c:	6879      	ldr	r1, [r7, #4]
1000918e:	430b      	orrs	r3, r1
10009190:	607b      	str	r3, [r7, #4]
10009192:	e764      	b.n	1000905e <_malloc_r+0x34e>
10009194:	9b00      	ldr	r3, [sp, #0]
10009196:	0030      	movs	r0, r6
10009198:	4443      	add	r3, r8
1000919a:	425b      	negs	r3, r3
1000919c:	051b      	lsls	r3, r3, #20
1000919e:	0d1b      	lsrs	r3, r3, #20
100091a0:	0019      	movs	r1, r3
100091a2:	469b      	mov	fp, r3
100091a4:	f000 f886 	bl	100092b4 <_sbrk_r>
100091a8:	1c43      	adds	r3, r0, #1
100091aa:	d000      	beq.n	100091ae <_malloc_r+0x49e>
100091ac:	e6f3      	b.n	10008f96 <_malloc_r+0x286>
100091ae:	2300      	movs	r3, #0
100091b0:	469b      	mov	fp, r3
100091b2:	e6f5      	b.n	10008fa0 <_malloc_r+0x290>
100091b4:	2a54      	cmp	r2, #84	; 0x54
100091b6:	d82b      	bhi.n	10009210 <_malloc_r+0x500>
100091b8:	0b1a      	lsrs	r2, r3, #12
100091ba:	0011      	movs	r1, r2
100091bc:	326f      	adds	r2, #111	; 0x6f
100091be:	316e      	adds	r1, #110	; 0x6e
100091c0:	00d2      	lsls	r2, r2, #3
100091c2:	e735      	b.n	10009030 <_malloc_r+0x320>
100091c4:	23aa      	movs	r3, #170	; 0xaa
100091c6:	005b      	lsls	r3, r3, #1
100091c8:	4298      	cmp	r0, r3
100091ca:	d82b      	bhi.n	10009224 <_malloc_r+0x514>
100091cc:	3bdd      	subs	r3, #221	; 0xdd
100091ce:	4698      	mov	r8, r3
100091d0:	0be8      	lsrs	r0, r5, #15
100091d2:	4480      	add	r8, r0
100091d4:	3078      	adds	r0, #120	; 0x78
100091d6:	00c1      	lsls	r1, r0, #3
100091d8:	e5e3      	b.n	10008da2 <_malloc_r+0x92>
100091da:	4b2c      	ldr	r3, [pc, #176]	; (1000928c <_malloc_r+0x57c>)
100091dc:	9a00      	ldr	r2, [sp, #0]
100091de:	469a      	mov	sl, r3
100091e0:	681b      	ldr	r3, [r3, #0]
100091e2:	469c      	mov	ip, r3
100091e4:	4653      	mov	r3, sl
100091e6:	4462      	add	r2, ip
100091e8:	601a      	str	r2, [r3, #0]
100091ea:	e6ad      	b.n	10008f48 <_malloc_r+0x238>
100091ec:	0509      	lsls	r1, r1, #20
100091ee:	d000      	beq.n	100091f2 <_malloc_r+0x4e2>
100091f0:	e6aa      	b.n	10008f48 <_malloc_r+0x238>
100091f2:	0002      	movs	r2, r0
100091f4:	68bc      	ldr	r4, [r7, #8]
100091f6:	444a      	add	r2, r9
100091f8:	3101      	adds	r1, #1
100091fa:	430a      	orrs	r2, r1
100091fc:	6062      	str	r2, [r4, #4]
100091fe:	e6f3      	b.n	10008fe8 <_malloc_r+0x2d8>
10009200:	465b      	mov	r3, fp
10009202:	4642      	mov	r2, r8
10009204:	601a      	str	r2, [r3, #0]
10009206:	e6aa      	b.n	10008f5e <_malloc_r+0x24e>
10009208:	4644      	mov	r4, r8
1000920a:	e6ed      	b.n	10008fe8 <_malloc_r+0x2d8>
1000920c:	6041      	str	r1, [r0, #4]
1000920e:	e78d      	b.n	1000912c <_malloc_r+0x41c>
10009210:	21aa      	movs	r1, #170	; 0xaa
10009212:	0049      	lsls	r1, r1, #1
10009214:	428a      	cmp	r2, r1
10009216:	d824      	bhi.n	10009262 <_malloc_r+0x552>
10009218:	0bda      	lsrs	r2, r3, #15
1000921a:	0011      	movs	r1, r2
1000921c:	3278      	adds	r2, #120	; 0x78
1000921e:	3177      	adds	r1, #119	; 0x77
10009220:	00d2      	lsls	r2, r2, #3
10009222:	e705      	b.n	10009030 <_malloc_r+0x320>
10009224:	4b1a      	ldr	r3, [pc, #104]	; (10009290 <_malloc_r+0x580>)
10009226:	4298      	cmp	r0, r3
10009228:	d824      	bhi.n	10009274 <_malloc_r+0x564>
1000922a:	237c      	movs	r3, #124	; 0x7c
1000922c:	4698      	mov	r8, r3
1000922e:	0ca8      	lsrs	r0, r5, #18
10009230:	4480      	add	r8, r0
10009232:	307d      	adds	r0, #125	; 0x7d
10009234:	00c1      	lsls	r1, r0, #3
10009236:	e5b4      	b.n	10008da2 <_malloc_r+0x92>
10009238:	9a00      	ldr	r2, [sp, #0]
1000923a:	9b01      	ldr	r3, [sp, #4]
1000923c:	4694      	mov	ip, r2
1000923e:	4642      	mov	r2, r8
10009240:	3b08      	subs	r3, #8
10009242:	4463      	add	r3, ip
10009244:	1a9b      	subs	r3, r3, r2
10009246:	9300      	str	r3, [sp, #0]
10009248:	2300      	movs	r3, #0
1000924a:	469b      	mov	fp, r3
1000924c:	e6a8      	b.n	10008fa0 <_malloc_r+0x290>
1000924e:	0021      	movs	r1, r4
10009250:	0030      	movs	r0, r6
10009252:	3108      	adds	r1, #8
10009254:	f000 f8bc 	bl	100093d0 <_free_r>
10009258:	4653      	mov	r3, sl
1000925a:	68bc      	ldr	r4, [r7, #8]
1000925c:	681b      	ldr	r3, [r3, #0]
1000925e:	6862      	ldr	r2, [r4, #4]
10009260:	e6c2      	b.n	10008fe8 <_malloc_r+0x2d8>
10009262:	490b      	ldr	r1, [pc, #44]	; (10009290 <_malloc_r+0x580>)
10009264:	428a      	cmp	r2, r1
10009266:	d80b      	bhi.n	10009280 <_malloc_r+0x570>
10009268:	0c9a      	lsrs	r2, r3, #18
1000926a:	0011      	movs	r1, r2
1000926c:	327d      	adds	r2, #125	; 0x7d
1000926e:	317c      	adds	r1, #124	; 0x7c
10009270:	00d2      	lsls	r2, r2, #3
10009272:	e6dd      	b.n	10009030 <_malloc_r+0x320>
10009274:	21fe      	movs	r1, #254	; 0xfe
10009276:	237e      	movs	r3, #126	; 0x7e
10009278:	207f      	movs	r0, #127	; 0x7f
1000927a:	4698      	mov	r8, r3
1000927c:	0089      	lsls	r1, r1, #2
1000927e:	e590      	b.n	10008da2 <_malloc_r+0x92>
10009280:	22fe      	movs	r2, #254	; 0xfe
10009282:	217e      	movs	r1, #126	; 0x7e
10009284:	0092      	lsls	r2, r2, #2
10009286:	e6d3      	b.n	10009030 <_malloc_r+0x320>
10009288:	687b      	ldr	r3, [r7, #4]
1000928a:	e76a      	b.n	10009162 <_malloc_r+0x452>
1000928c:	20001b78 	.word	0x20001b78
10009290:	00000554 	.word	0x00000554

10009294 <__malloc_lock>:
10009294:	b510      	push	{r4, lr}
10009296:	4802      	ldr	r0, [pc, #8]	; (100092a0 <__malloc_lock+0xc>)
10009298:	f000 f97c 	bl	10009594 <__retarget_lock_acquire_recursive>
1000929c:	bd10      	pop	{r4, pc}
1000929e:	46c0      	nop			; (mov r8, r8)
100092a0:	20001b74 	.word	0x20001b74

100092a4 <__malloc_unlock>:
100092a4:	b510      	push	{r4, lr}
100092a6:	4802      	ldr	r0, [pc, #8]	; (100092b0 <__malloc_unlock+0xc>)
100092a8:	f000 f976 	bl	10009598 <__retarget_lock_release_recursive>
100092ac:	bd10      	pop	{r4, pc}
100092ae:	46c0      	nop			; (mov r8, r8)
100092b0:	20001b74 	.word	0x20001b74

100092b4 <_sbrk_r>:
100092b4:	2300      	movs	r3, #0
100092b6:	b570      	push	{r4, r5, r6, lr}
100092b8:	4d06      	ldr	r5, [pc, #24]	; (100092d4 <_sbrk_r+0x20>)
100092ba:	0004      	movs	r4, r0
100092bc:	0008      	movs	r0, r1
100092be:	602b      	str	r3, [r5, #0]
100092c0:	f7f9 fecc 	bl	1000305c <_sbrk>
100092c4:	1c43      	adds	r3, r0, #1
100092c6:	d000      	beq.n	100092ca <_sbrk_r+0x16>
100092c8:	bd70      	pop	{r4, r5, r6, pc}
100092ca:	682b      	ldr	r3, [r5, #0]
100092cc:	2b00      	cmp	r3, #0
100092ce:	d0fb      	beq.n	100092c8 <_sbrk_r+0x14>
100092d0:	6023      	str	r3, [r4, #0]
100092d2:	e7f9      	b.n	100092c8 <_sbrk_r+0x14>
100092d4:	200021cc 	.word	0x200021cc

100092d8 <strlen>:
100092d8:	b510      	push	{r4, lr}
100092da:	0783      	lsls	r3, r0, #30
100092dc:	d00a      	beq.n	100092f4 <strlen+0x1c>
100092de:	0003      	movs	r3, r0
100092e0:	2103      	movs	r1, #3
100092e2:	e002      	b.n	100092ea <strlen+0x12>
100092e4:	3301      	adds	r3, #1
100092e6:	420b      	tst	r3, r1
100092e8:	d005      	beq.n	100092f6 <strlen+0x1e>
100092ea:	781a      	ldrb	r2, [r3, #0]
100092ec:	2a00      	cmp	r2, #0
100092ee:	d1f9      	bne.n	100092e4 <strlen+0xc>
100092f0:	1a18      	subs	r0, r3, r0
100092f2:	bd10      	pop	{r4, pc}
100092f4:	0003      	movs	r3, r0
100092f6:	6819      	ldr	r1, [r3, #0]
100092f8:	4a0c      	ldr	r2, [pc, #48]	; (1000932c <strlen+0x54>)
100092fa:	4c0d      	ldr	r4, [pc, #52]	; (10009330 <strlen+0x58>)
100092fc:	188a      	adds	r2, r1, r2
100092fe:	438a      	bics	r2, r1
10009300:	4222      	tst	r2, r4
10009302:	d10f      	bne.n	10009324 <strlen+0x4c>
10009304:	6859      	ldr	r1, [r3, #4]
10009306:	4a09      	ldr	r2, [pc, #36]	; (1000932c <strlen+0x54>)
10009308:	3304      	adds	r3, #4
1000930a:	188a      	adds	r2, r1, r2
1000930c:	438a      	bics	r2, r1
1000930e:	4222      	tst	r2, r4
10009310:	d108      	bne.n	10009324 <strlen+0x4c>
10009312:	6859      	ldr	r1, [r3, #4]
10009314:	4a05      	ldr	r2, [pc, #20]	; (1000932c <strlen+0x54>)
10009316:	3304      	adds	r3, #4
10009318:	188a      	adds	r2, r1, r2
1000931a:	438a      	bics	r2, r1
1000931c:	4222      	tst	r2, r4
1000931e:	d0f1      	beq.n	10009304 <strlen+0x2c>
10009320:	e000      	b.n	10009324 <strlen+0x4c>
10009322:	3301      	adds	r3, #1
10009324:	781a      	ldrb	r2, [r3, #0]
10009326:	2a00      	cmp	r2, #0
10009328:	d1fb      	bne.n	10009322 <strlen+0x4a>
1000932a:	e7e1      	b.n	100092f0 <strlen+0x18>
1000932c:	fefefeff 	.word	0xfefefeff
10009330:	80808080 	.word	0x80808080

10009334 <_malloc_trim_r>:
10009334:	b5f8      	push	{r3, r4, r5, r6, r7, lr}
10009336:	000c      	movs	r4, r1
10009338:	0005      	movs	r5, r0
1000933a:	f7ff ffab 	bl	10009294 <__malloc_lock>
1000933e:	4f20      	ldr	r7, [pc, #128]	; (100093c0 <_malloc_trim_r+0x8c>)
10009340:	68bb      	ldr	r3, [r7, #8]
10009342:	685e      	ldr	r6, [r3, #4]
10009344:	2303      	movs	r3, #3
10009346:	439e      	bics	r6, r3
10009348:	4b1e      	ldr	r3, [pc, #120]	; (100093c4 <_malloc_trim_r+0x90>)
1000934a:	1b34      	subs	r4, r6, r4
1000934c:	469c      	mov	ip, r3
1000934e:	4464      	add	r4, ip
10009350:	0b24      	lsrs	r4, r4, #12
10009352:	3c01      	subs	r4, #1
10009354:	3311      	adds	r3, #17
10009356:	0324      	lsls	r4, r4, #12
10009358:	429c      	cmp	r4, r3
1000935a:	db07      	blt.n	1000936c <_malloc_trim_r+0x38>
1000935c:	2100      	movs	r1, #0
1000935e:	0028      	movs	r0, r5
10009360:	f7ff ffa8 	bl	100092b4 <_sbrk_r>
10009364:	68bb      	ldr	r3, [r7, #8]
10009366:	199b      	adds	r3, r3, r6
10009368:	4298      	cmp	r0, r3
1000936a:	d004      	beq.n	10009376 <_malloc_trim_r+0x42>
1000936c:	0028      	movs	r0, r5
1000936e:	f7ff ff99 	bl	100092a4 <__malloc_unlock>
10009372:	2000      	movs	r0, #0
10009374:	bdf8      	pop	{r3, r4, r5, r6, r7, pc}
10009376:	0028      	movs	r0, r5
10009378:	4261      	negs	r1, r4
1000937a:	f7ff ff9b 	bl	100092b4 <_sbrk_r>
1000937e:	1c43      	adds	r3, r0, #1
10009380:	d00d      	beq.n	1000939e <_malloc_trim_r+0x6a>
10009382:	2201      	movs	r2, #1
10009384:	68bb      	ldr	r3, [r7, #8]
10009386:	1b36      	subs	r6, r6, r4
10009388:	4316      	orrs	r6, r2
1000938a:	605e      	str	r6, [r3, #4]
1000938c:	4b0e      	ldr	r3, [pc, #56]	; (100093c8 <_malloc_trim_r+0x94>)
1000938e:	0028      	movs	r0, r5
10009390:	681a      	ldr	r2, [r3, #0]
10009392:	1b14      	subs	r4, r2, r4
10009394:	601c      	str	r4, [r3, #0]
10009396:	f7ff ff85 	bl	100092a4 <__malloc_unlock>
1000939a:	2001      	movs	r0, #1
1000939c:	e7ea      	b.n	10009374 <_malloc_trim_r+0x40>
1000939e:	2100      	movs	r1, #0
100093a0:	0028      	movs	r0, r5
100093a2:	f7ff ff87 	bl	100092b4 <_sbrk_r>
100093a6:	68ba      	ldr	r2, [r7, #8]
100093a8:	1a83      	subs	r3, r0, r2
100093aa:	2b0f      	cmp	r3, #15
100093ac:	ddde      	ble.n	1000936c <_malloc_trim_r+0x38>
100093ae:	4907      	ldr	r1, [pc, #28]	; (100093cc <_malloc_trim_r+0x98>)
100093b0:	6809      	ldr	r1, [r1, #0]
100093b2:	1a40      	subs	r0, r0, r1
100093b4:	4904      	ldr	r1, [pc, #16]	; (100093c8 <_malloc_trim_r+0x94>)
100093b6:	6008      	str	r0, [r1, #0]
100093b8:	2101      	movs	r1, #1
100093ba:	430b      	orrs	r3, r1
100093bc:	6053      	str	r3, [r2, #4]
100093be:	e7d5      	b.n	1000936c <_malloc_trim_r+0x38>
100093c0:	20001420 	.word	0x20001420
100093c4:	00000fef 	.word	0x00000fef
100093c8:	20001b78 	.word	0x20001b78
100093cc:	20001828 	.word	0x20001828

100093d0 <_free_r>:
100093d0:	b5f0      	push	{r4, r5, r6, r7, lr}
100093d2:	46c6      	mov	lr, r8
100093d4:	0005      	movs	r5, r0
100093d6:	000c      	movs	r4, r1
100093d8:	b500      	push	{lr}
100093da:	2900      	cmp	r1, #0
100093dc:	d04f      	beq.n	1000947e <_free_r+0xae>
100093de:	f7ff ff59 	bl	10009294 <__malloc_lock>
100093e2:	0021      	movs	r1, r4
100093e4:	3908      	subs	r1, #8
100093e6:	684c      	ldr	r4, [r1, #4]
100093e8:	2601      	movs	r6, #1
100093ea:	0022      	movs	r2, r4
100093ec:	2003      	movs	r0, #3
100093ee:	43b2      	bics	r2, r6
100093f0:	188f      	adds	r7, r1, r2
100093f2:	687b      	ldr	r3, [r7, #4]
100093f4:	4383      	bics	r3, r0
100093f6:	4862      	ldr	r0, [pc, #392]	; (10009580 <_free_r+0x1b0>)
100093f8:	4698      	mov	r8, r3
100093fa:	6883      	ldr	r3, [r0, #8]
100093fc:	42bb      	cmp	r3, r7
100093fe:	d06a      	beq.n	100094d6 <_free_r+0x106>
10009400:	4643      	mov	r3, r8
10009402:	607b      	str	r3, [r7, #4]
10009404:	4226      	tst	r6, r4
10009406:	d11e      	bne.n	10009446 <_free_r+0x76>
10009408:	2308      	movs	r3, #8
1000940a:	469c      	mov	ip, r3
1000940c:	680c      	ldr	r4, [r1, #0]
1000940e:	4484      	add	ip, r0
10009410:	1b09      	subs	r1, r1, r4
10009412:	1912      	adds	r2, r2, r4
10009414:	688c      	ldr	r4, [r1, #8]
10009416:	4564      	cmp	r4, ip
10009418:	d04f      	beq.n	100094ba <_free_r+0xea>
1000941a:	68cb      	ldr	r3, [r1, #12]
1000941c:	60e3      	str	r3, [r4, #12]
1000941e:	609c      	str	r4, [r3, #8]
10009420:	4643      	mov	r3, r8
10009422:	18fc      	adds	r4, r7, r3
10009424:	6864      	ldr	r4, [r4, #4]
10009426:	4234      	tst	r4, r6
10009428:	d111      	bne.n	1000944e <_free_r+0x7e>
1000942a:	68bb      	ldr	r3, [r7, #8]
1000942c:	4c55      	ldr	r4, [pc, #340]	; (10009584 <_free_r+0x1b4>)
1000942e:	4442      	add	r2, r8
10009430:	42a3      	cmp	r3, r4
10009432:	d100      	bne.n	10009436 <_free_r+0x66>
10009434:	e07e      	b.n	10009534 <_free_r+0x164>
10009436:	68fc      	ldr	r4, [r7, #12]
10009438:	60dc      	str	r4, [r3, #12]
1000943a:	60a3      	str	r3, [r4, #8]
1000943c:	2301      	movs	r3, #1
1000943e:	4313      	orrs	r3, r2
10009440:	604b      	str	r3, [r1, #4]
10009442:	508a      	str	r2, [r1, r2]
10009444:	e006      	b.n	10009454 <_free_r+0x84>
10009446:	18fc      	adds	r4, r7, r3
10009448:	6864      	ldr	r4, [r4, #4]
1000944a:	4234      	tst	r4, r6
1000944c:	d0ed      	beq.n	1000942a <_free_r+0x5a>
1000944e:	4316      	orrs	r6, r2
10009450:	604e      	str	r6, [r1, #4]
10009452:	603a      	str	r2, [r7, #0]
10009454:	2380      	movs	r3, #128	; 0x80
10009456:	009b      	lsls	r3, r3, #2
10009458:	429a      	cmp	r2, r3
1000945a:	d213      	bcs.n	10009484 <_free_r+0xb4>
1000945c:	0954      	lsrs	r4, r2, #5
1000945e:	08d3      	lsrs	r3, r2, #3
10009460:	2201      	movs	r2, #1
10009462:	40a2      	lsls	r2, r4
10009464:	6844      	ldr	r4, [r0, #4]
10009466:	00db      	lsls	r3, r3, #3
10009468:	4322      	orrs	r2, r4
1000946a:	6042      	str	r2, [r0, #4]
1000946c:	1818      	adds	r0, r3, r0
1000946e:	6883      	ldr	r3, [r0, #8]
10009470:	60c8      	str	r0, [r1, #12]
10009472:	608b      	str	r3, [r1, #8]
10009474:	6081      	str	r1, [r0, #8]
10009476:	60d9      	str	r1, [r3, #12]
10009478:	0028      	movs	r0, r5
1000947a:	f7ff ff13 	bl	100092a4 <__malloc_unlock>
1000947e:	bc80      	pop	{r7}
10009480:	46b8      	mov	r8, r7
10009482:	bdf0      	pop	{r4, r5, r6, r7, pc}
10009484:	0a53      	lsrs	r3, r2, #9
10009486:	2b04      	cmp	r3, #4
10009488:	d83e      	bhi.n	10009508 <_free_r+0x138>
1000948a:	0994      	lsrs	r4, r2, #6
1000948c:	0026      	movs	r6, r4
1000948e:	3439      	adds	r4, #57	; 0x39
10009490:	3638      	adds	r6, #56	; 0x38
10009492:	00e4      	lsls	r4, r4, #3
10009494:	1904      	adds	r4, r0, r4
10009496:	6823      	ldr	r3, [r4, #0]
10009498:	3c08      	subs	r4, #8
1000949a:	2703      	movs	r7, #3
1000949c:	429c      	cmp	r4, r3
1000949e:	d042      	beq.n	10009526 <_free_r+0x156>
100094a0:	6858      	ldr	r0, [r3, #4]
100094a2:	43b8      	bics	r0, r7
100094a4:	4290      	cmp	r0, r2
100094a6:	d902      	bls.n	100094ae <_free_r+0xde>
100094a8:	689b      	ldr	r3, [r3, #8]
100094aa:	429c      	cmp	r4, r3
100094ac:	d1f8      	bne.n	100094a0 <_free_r+0xd0>
100094ae:	68dc      	ldr	r4, [r3, #12]
100094b0:	60cc      	str	r4, [r1, #12]
100094b2:	608b      	str	r3, [r1, #8]
100094b4:	60a1      	str	r1, [r4, #8]
100094b6:	60d9      	str	r1, [r3, #12]
100094b8:	e7de      	b.n	10009478 <_free_r+0xa8>
100094ba:	4643      	mov	r3, r8
100094bc:	18f8      	adds	r0, r7, r3
100094be:	6840      	ldr	r0, [r0, #4]
100094c0:	4230      	tst	r0, r6
100094c2:	d157      	bne.n	10009574 <_free_r+0x1a4>
100094c4:	68fb      	ldr	r3, [r7, #12]
100094c6:	68b8      	ldr	r0, [r7, #8]
100094c8:	4442      	add	r2, r8
100094ca:	4316      	orrs	r6, r2
100094cc:	60c3      	str	r3, [r0, #12]
100094ce:	6098      	str	r0, [r3, #8]
100094d0:	604e      	str	r6, [r1, #4]
100094d2:	508a      	str	r2, [r1, r2]
100094d4:	e7d0      	b.n	10009478 <_free_r+0xa8>
100094d6:	0013      	movs	r3, r2
100094d8:	4443      	add	r3, r8
100094da:	4226      	tst	r6, r4
100094dc:	d106      	bne.n	100094ec <_free_r+0x11c>
100094de:	680a      	ldr	r2, [r1, #0]
100094e0:	1a89      	subs	r1, r1, r2
100094e2:	688c      	ldr	r4, [r1, #8]
100094e4:	189b      	adds	r3, r3, r2
100094e6:	68ca      	ldr	r2, [r1, #12]
100094e8:	60e2      	str	r2, [r4, #12]
100094ea:	6094      	str	r4, [r2, #8]
100094ec:	2201      	movs	r2, #1
100094ee:	431a      	orrs	r2, r3
100094f0:	604a      	str	r2, [r1, #4]
100094f2:	4a25      	ldr	r2, [pc, #148]	; (10009588 <_free_r+0x1b8>)
100094f4:	6081      	str	r1, [r0, #8]
100094f6:	6812      	ldr	r2, [r2, #0]
100094f8:	429a      	cmp	r2, r3
100094fa:	d8bd      	bhi.n	10009478 <_free_r+0xa8>
100094fc:	4b23      	ldr	r3, [pc, #140]	; (1000958c <_free_r+0x1bc>)
100094fe:	0028      	movs	r0, r5
10009500:	6819      	ldr	r1, [r3, #0]
10009502:	f7ff ff17 	bl	10009334 <_malloc_trim_r>
10009506:	e7b7      	b.n	10009478 <_free_r+0xa8>
10009508:	2b14      	cmp	r3, #20
1000950a:	d907      	bls.n	1000951c <_free_r+0x14c>
1000950c:	2b54      	cmp	r3, #84	; 0x54
1000950e:	d81a      	bhi.n	10009546 <_free_r+0x176>
10009510:	0b14      	lsrs	r4, r2, #12
10009512:	0026      	movs	r6, r4
10009514:	346f      	adds	r4, #111	; 0x6f
10009516:	366e      	adds	r6, #110	; 0x6e
10009518:	00e4      	lsls	r4, r4, #3
1000951a:	e7bb      	b.n	10009494 <_free_r+0xc4>
1000951c:	001e      	movs	r6, r3
1000951e:	335c      	adds	r3, #92	; 0x5c
10009520:	365b      	adds	r6, #91	; 0x5b
10009522:	00dc      	lsls	r4, r3, #3
10009524:	e7b6      	b.n	10009494 <_free_r+0xc4>
10009526:	2201      	movs	r2, #1
10009528:	10b6      	asrs	r6, r6, #2
1000952a:	40b2      	lsls	r2, r6
1000952c:	6846      	ldr	r6, [r0, #4]
1000952e:	4332      	orrs	r2, r6
10009530:	6042      	str	r2, [r0, #4]
10009532:	e7bd      	b.n	100094b0 <_free_r+0xe0>
10009534:	60d9      	str	r1, [r3, #12]
10009536:	6099      	str	r1, [r3, #8]
10009538:	60cb      	str	r3, [r1, #12]
1000953a:	608b      	str	r3, [r1, #8]
1000953c:	2301      	movs	r3, #1
1000953e:	4313      	orrs	r3, r2
10009540:	604b      	str	r3, [r1, #4]
10009542:	508a      	str	r2, [r1, r2]
10009544:	e798      	b.n	10009478 <_free_r+0xa8>
10009546:	24aa      	movs	r4, #170	; 0xaa
10009548:	0064      	lsls	r4, r4, #1
1000954a:	42a3      	cmp	r3, r4
1000954c:	d805      	bhi.n	1000955a <_free_r+0x18a>
1000954e:	0bd4      	lsrs	r4, r2, #15
10009550:	0026      	movs	r6, r4
10009552:	3478      	adds	r4, #120	; 0x78
10009554:	3677      	adds	r6, #119	; 0x77
10009556:	00e4      	lsls	r4, r4, #3
10009558:	e79c      	b.n	10009494 <_free_r+0xc4>
1000955a:	4c0d      	ldr	r4, [pc, #52]	; (10009590 <_free_r+0x1c0>)
1000955c:	42a3      	cmp	r3, r4
1000955e:	d805      	bhi.n	1000956c <_free_r+0x19c>
10009560:	0c94      	lsrs	r4, r2, #18
10009562:	0026      	movs	r6, r4
10009564:	347d      	adds	r4, #125	; 0x7d
10009566:	367c      	adds	r6, #124	; 0x7c
10009568:	00e4      	lsls	r4, r4, #3
1000956a:	e793      	b.n	10009494 <_free_r+0xc4>
1000956c:	24fe      	movs	r4, #254	; 0xfe
1000956e:	267e      	movs	r6, #126	; 0x7e
10009570:	00a4      	lsls	r4, r4, #2
10009572:	e78f      	b.n	10009494 <_free_r+0xc4>
10009574:	0033      	movs	r3, r6
10009576:	4313      	orrs	r3, r2
10009578:	604b      	str	r3, [r1, #4]
1000957a:	603a      	str	r2, [r7, #0]
1000957c:	e77c      	b.n	10009478 <_free_r+0xa8>
1000957e:	46c0      	nop			; (mov r8, r8)
10009580:	20001420 	.word	0x20001420
10009584:	20001428 	.word	0x20001428
10009588:	2000182c 	.word	0x2000182c
1000958c:	20001ba8 	.word	0x20001ba8
10009590:	00000554 	.word	0x00000554

10009594 <__retarget_lock_acquire_recursive>:
10009594:	4770      	bx	lr
10009596:	46c0      	nop			; (mov r8, r8)

10009598 <__retarget_lock_release_recursive>:
10009598:	4770      	bx	lr
1000959a:	46c0      	nop			; (mov r8, r8)

1000959c <_fini>:
1000959c:	b5f8      	push	{r3, r4, r5, r6, r7, lr}
1000959e:	46c0      	nop			; (mov r8, r8)

100095a0 <__e15_is_critical_frame_period_veneer>:
100095a0:	b401      	push	{r0}
100095a2:	4802      	ldr	r0, [pc, #8]	; (100095ac <__e15_is_critical_frame_period_veneer+0xc>)
100095a4:	4684      	mov	ip, r0
100095a6:	bc01      	pop	{r0}
100095a8:	4760      	bx	ip
100095aa:	bf00      	nop
100095ac:	200009f9 	.word	0x200009f9

100095b0 <__flash_do_cmd_veneer>:
100095b0:	b401      	push	{r0}
100095b2:	4802      	ldr	r0, [pc, #8]	; (100095bc <__flash_do_cmd_veneer+0xc>)
100095b4:	4684      	mov	ip, r0
100095b6:	bc01      	pop	{r0}
100095b8:	4760      	bx	ip
100095ba:	bf00      	nop
100095bc:	200002d1 	.word	0x200002d1

100095c0 <__mutex_exit_veneer>:
100095c0:	b401      	push	{r0}
100095c2:	4802      	ldr	r0, [pc, #8]	; (100095cc <__mutex_exit_veneer+0xc>)
100095c4:	4684      	mov	ip, r0
100095c6:	bc01      	pop	{r0}
100095c8:	4760      	bx	ip
100095ca:	bf00      	nop
100095cc:	20000231 	.word	0x20000231

100095d0 <____aeabi_ldiv0_veneer>:
100095d0:	b401      	push	{r0}
100095d2:	4802      	ldr	r0, [pc, #8]	; (100095dc <____aeabi_ldiv0_veneer+0xc>)
100095d4:	4684      	mov	ip, r0
100095d6:	bc01      	pop	{r0}
100095d8:	4760      	bx	ip
100095da:	bf00      	nop
100095dc:	20000e61 	.word	0x20000e61

100095e0 <____aeabi_idiv0_veneer>:
100095e0:	b401      	push	{r0}
100095e2:	4802      	ldr	r0, [pc, #8]	; (100095ec <____aeabi_idiv0_veneer+0xc>)
100095e4:	4684      	mov	ip, r0
100095e6:	bc01      	pop	{r0}
100095e8:	4760      	bx	ip
100095ea:	bf00      	nop
100095ec:	20000e61 	.word	0x20000e61

100095f0 <__mutex_try_enter_veneer>:
100095f0:	b401      	push	{r0}
100095f2:	4802      	ldr	r0, [pc, #8]	; (100095fc <__mutex_try_enter_veneer+0xc>)
100095f4:	4684      	mov	ip, r0
100095f6:	bc01      	pop	{r0}
100095f8:	4760      	bx	ip
100095fa:	bf00      	nop
100095fc:	200000c1 	.word	0x200000c1

10009600 <__mutex_enter_timeout_ms_veneer>:
10009600:	b401      	push	{r0}
10009602:	4802      	ldr	r0, [pc, #8]	; (1000960c <__mutex_enter_timeout_ms_veneer+0xc>)
10009604:	4684      	mov	ip, r0
10009606:	bc01      	pop	{r0}
10009608:	4760      	bx	ip
1000960a:	bf00      	nop
1000960c:	200001a1 	.word	0x200001a1

10009610 <__spi_write_blocking_veneer>:
10009610:	b401      	push	{r0}
10009612:	4802      	ldr	r0, [pc, #8]	; (1000961c <__spi_write_blocking_veneer+0xc>)
10009614:	4684      	mov	ip, r0
10009616:	bc01      	pop	{r0}
10009618:	4760      	bx	ip
1000961a:	bf00      	nop
1000961c:	20000e15 	.word	0x20000e15

10009620 <__e15_is_bulkin_ep_veneer>:
10009620:	b401      	push	{r0}
10009622:	4802      	ldr	r0, [pc, #8]	; (1000962c <__e15_is_bulkin_ep_veneer+0xc>)
10009624:	4684      	mov	ip, r0
10009626:	bc01      	pop	{r0}
10009628:	4760      	bx	ip
1000962a:	bf00      	nop
1000962c:	200009d1 	.word	0x200009d1

10009630 <__spi_write_read_blocking_veneer>:
10009630:	b401      	push	{r0}
10009632:	4802      	ldr	r0, [pc, #8]	; (1000963c <__spi_write_read_blocking_veneer+0xc>)
10009634:	4684      	mov	ip, r0
10009636:	bc01      	pop	{r0}
10009638:	4760      	bx	ip
1000963a:	bf00      	nop
1000963c:	20000da1 	.word	0x20000da1

10009640 <__mutex_try_enter_block_until_veneer>:
10009640:	b401      	push	{r0}
10009642:	4802      	ldr	r0, [pc, #8]	; (1000964c <__mutex_try_enter_block_until_veneer+0xc>)
10009644:	4684      	mov	ip, r0
10009646:	bc01      	pop	{r0}
10009648:	4760      	bx	ip
1000964a:	bf00      	nop
1000964c:	20000105 	.word	0x20000105

10009650 <__hw_endpoint_start_next_buffer_veneer>:
10009650:	b401      	push	{r0}
10009652:	4802      	ldr	r0, [pc, #8]	; (1000965c <__hw_endpoint_start_next_buffer_veneer+0xc>)
10009654:	4684      	mov	ip, r0
10009656:	bc01      	pop	{r0}
10009658:	4760      	bx	ip
1000965a:	bf00      	nop
1000965c:	20000b75 	.word	0x20000b75

10009660 <__hw_endpoint_reset_transfer_veneer>:
10009660:	b401      	push	{r0}
10009662:	4802      	ldr	r0, [pc, #8]	; (1000966c <__hw_endpoint_reset_transfer_veneer+0xc>)
10009664:	4684      	mov	ip, r0
10009666:	bc01      	pop	{r0}
10009668:	4760      	bx	ip
1000966a:	bf00      	nop
1000966c:	20000b11 	.word	0x20000b11

10009670 <__reset_non_control_endpoints_veneer>:
10009670:	b401      	push	{r0}
10009672:	4802      	ldr	r0, [pc, #8]	; (1000967c <__reset_non_control_endpoints_veneer+0xc>)
10009674:	4684      	mov	ip, r0
10009676:	bc01      	pop	{r0}
10009678:	4760      	bx	ip
1000967a:	bf00      	nop
1000967c:	20000395 	.word	0x20000395

10009680 <___hw_endpoint_buffer_control_update32_veneer>:
10009680:	b401      	push	{r0}
10009682:	4802      	ldr	r0, [pc, #8]	; (1000968c <___hw_endpoint_buffer_control_update32_veneer+0xc>)
10009684:	4684      	mov	ip, r0
10009686:	bc01      	pop	{r0}
10009688:	4760      	bx	ip
1000968a:	bf00      	nop
1000968c:	20000b1d 	.word	0x20000b1d

Disassembly of section .data:

200000c0 <mutex_try_enter>:
200000c0:	0003      	movs	r3, r0
200000c2:	6800      	ldr	r0, [r0, #0]
200000c4:	f3ef 8c10 	mrs	ip, PRIMASK
200000c8:	b672      	cpsid	i
200000ca:	6802      	ldr	r2, [r0, #0]
200000cc:	2a00      	cmp	r2, #0
200000ce:	d0fc      	beq.n	200000ca <mutex_try_enter+0xa>
200000d0:	f3bf 8f5f 	dmb	sy
200000d4:	2204      	movs	r2, #4
200000d6:	569a      	ldrsb	r2, [r3, r2]
200000d8:	2a00      	cmp	r2, #0
200000da:	db0b      	blt.n	200000f4 <mutex_try_enter+0x34>
200000dc:	2900      	cmp	r1, #0
200000de:	d00f      	beq.n	20000100 <mutex_try_enter+0x40>
200000e0:	2000      	movs	r0, #0
200000e2:	600a      	str	r2, [r1, #0]
200000e4:	681b      	ldr	r3, [r3, #0]
200000e6:	f3bf 8f5f 	dmb	sy
200000ea:	2200      	movs	r2, #0
200000ec:	601a      	str	r2, [r3, #0]
200000ee:	f38c 8810 	msr	PRIMASK, ip
200000f2:	4770      	bx	lr
200000f4:	22d0      	movs	r2, #208	; 0xd0
200000f6:	0612      	lsls	r2, r2, #24
200000f8:	6812      	ldr	r2, [r2, #0]
200000fa:	2001      	movs	r0, #1
200000fc:	711a      	strb	r2, [r3, #4]
200000fe:	e7f1      	b.n	200000e4 <mutex_try_enter+0x24>
20000100:	2000      	movs	r0, #0
20000102:	e7ef      	b.n	200000e4 <mutex_try_enter+0x24>

20000104 <mutex_try_enter_block_until>:
20000104:	b5f0      	push	{r4, r5, r6, r7, lr}
20000106:	46c6      	mov	lr, r8
20000108:	0015      	movs	r5, r2
2000010a:	b500      	push	{lr}
2000010c:	0004      	movs	r4, r0
2000010e:	001e      	movs	r6, r3
20000110:	6802      	ldr	r2, [r0, #0]
20000112:	f3ef 8110 	mrs	r1, PRIMASK
20000116:	b672      	cpsid	i
20000118:	6813      	ldr	r3, [r2, #0]
2000011a:	2b00      	cmp	r3, #0
2000011c:	d0fc      	beq.n	20000118 <mutex_try_enter_block_until+0x14>
2000011e:	f3bf 8f5f 	dmb	sy
20000122:	2304      	movs	r3, #4
20000124:	56e3      	ldrsb	r3, [r4, r3]
20000126:	2b00      	cmp	r3, #0
20000128:	db2d      	blt.n	20000186 <mutex_try_enter_block_until+0x82>
2000012a:	6822      	ldr	r2, [r4, #0]
2000012c:	f3bf 8f5f 	dmb	sy
20000130:	2000      	movs	r0, #0
20000132:	6010      	str	r0, [r2, #0]
20000134:	f381 8810 	msr	PRIMASK, r1
20000138:	22d0      	movs	r2, #208	; 0xd0
2000013a:	0612      	lsls	r2, r2, #24
2000013c:	7812      	ldrb	r2, [r2, #0]
2000013e:	b252      	sxtb	r2, r2
20000140:	4690      	mov	r8, r2
20000142:	429a      	cmp	r2, r3
20000144:	d103      	bne.n	2000014e <mutex_try_enter_block_until+0x4a>
20000146:	2000      	movs	r0, #0
20000148:	bc80      	pop	{r7}
2000014a:	46b8      	mov	r8, r7
2000014c:	bdf0      	pop	{r4, r5, r6, r7, pc}
2000014e:	2700      	movs	r7, #0
20000150:	e00b      	b.n	2000016a <mutex_try_enter_block_until+0x66>
20000152:	6823      	ldr	r3, [r4, #0]
20000154:	f3bf 8f5f 	dmb	sy
20000158:	601f      	str	r7, [r3, #0]
2000015a:	f381 8810 	msr	PRIMASK, r1
2000015e:	0028      	movs	r0, r5
20000160:	0031      	movs	r1, r6
20000162:	f000 fe89 	bl	20000e78 <__best_effort_wfe_or_timeout_veneer>
20000166:	2800      	cmp	r0, #0
20000168:	d1ed      	bne.n	20000146 <mutex_try_enter_block_until+0x42>
2000016a:	6822      	ldr	r2, [r4, #0]
2000016c:	f3ef 8110 	mrs	r1, PRIMASK
20000170:	b672      	cpsid	i
20000172:	6813      	ldr	r3, [r2, #0]
20000174:	2b00      	cmp	r3, #0
20000176:	d0fc      	beq.n	20000172 <mutex_try_enter_block_until+0x6e>
20000178:	f3bf 8f5f 	dmb	sy
2000017c:	7923      	ldrb	r3, [r4, #4]
2000017e:	2b7f      	cmp	r3, #127	; 0x7f
20000180:	d9e7      	bls.n	20000152 <mutex_try_enter_block_until+0x4e>
20000182:	4643      	mov	r3, r8
20000184:	e002      	b.n	2000018c <mutex_try_enter_block_until+0x88>
20000186:	23d0      	movs	r3, #208	; 0xd0
20000188:	061b      	lsls	r3, r3, #24
2000018a:	681b      	ldr	r3, [r3, #0]
2000018c:	7123      	strb	r3, [r4, #4]
2000018e:	6823      	ldr	r3, [r4, #0]
20000190:	f3bf 8f5f 	dmb	sy
20000194:	2200      	movs	r2, #0
20000196:	601a      	str	r2, [r3, #0]
20000198:	f381 8810 	msr	PRIMASK, r1
2000019c:	2001      	movs	r0, #1
2000019e:	e7d3      	b.n	20000148 <mutex_try_enter_block_until+0x44>

200001a0 <mutex_enter_timeout_ms>:
200001a0:	b5f0      	push	{r4, r5, r6, r7, lr}
200001a2:	46c6      	mov	lr, r8
200001a4:	b500      	push	{lr}
200001a6:	000d      	movs	r5, r1
200001a8:	0004      	movs	r4, r0
200001aa:	f000 fe5d 	bl	20000e68 <__time_us_64_veneer>
200001ae:	22fa      	movs	r2, #250	; 0xfa
200001b0:	0006      	movs	r6, r0
200001b2:	000f      	movs	r7, r1
200001b4:	2300      	movs	r3, #0
200001b6:	0028      	movs	r0, r5
200001b8:	2100      	movs	r1, #0
200001ba:	0092      	lsls	r2, r2, #2
200001bc:	f000 fe64 	bl	20000e88 <____wrap___aeabi_lmul_veneer>
200001c0:	1836      	adds	r6, r6, r0
200001c2:	414f      	adcs	r7, r1
200001c4:	2f00      	cmp	r7, #0
200001c6:	db2c      	blt.n	20000222 <mutex_enter_timeout_ms+0x82>
200001c8:	23d0      	movs	r3, #208	; 0xd0
200001ca:	061b      	lsls	r3, r3, #24
200001cc:	681b      	ldr	r3, [r3, #0]
200001ce:	2500      	movs	r5, #0
200001d0:	4698      	mov	r8, r3
200001d2:	e00b      	b.n	200001ec <mutex_enter_timeout_ms+0x4c>
200001d4:	6823      	ldr	r3, [r4, #0]
200001d6:	f3bf 8f5f 	dmb	sy
200001da:	601d      	str	r5, [r3, #0]
200001dc:	f381 8810 	msr	PRIMASK, r1
200001e0:	0030      	movs	r0, r6
200001e2:	0039      	movs	r1, r7
200001e4:	f000 fe48 	bl	20000e78 <__best_effort_wfe_or_timeout_veneer>
200001e8:	2800      	cmp	r0, #0
200001ea:	d118      	bne.n	2000021e <mutex_enter_timeout_ms+0x7e>
200001ec:	6822      	ldr	r2, [r4, #0]
200001ee:	f3ef 8110 	mrs	r1, PRIMASK
200001f2:	b672      	cpsid	i
200001f4:	6813      	ldr	r3, [r2, #0]
200001f6:	2b00      	cmp	r3, #0
200001f8:	d0fc      	beq.n	200001f4 <mutex_enter_timeout_ms+0x54>
200001fa:	f3bf 8f5f 	dmb	sy
200001fe:	7923      	ldrb	r3, [r4, #4]
20000200:	2b7f      	cmp	r3, #127	; 0x7f
20000202:	d9e7      	bls.n	200001d4 <mutex_enter_timeout_ms+0x34>
20000204:	4643      	mov	r3, r8
20000206:	7123      	strb	r3, [r4, #4]
20000208:	6823      	ldr	r3, [r4, #0]
2000020a:	f3bf 8f5f 	dmb	sy
2000020e:	2200      	movs	r2, #0
20000210:	601a      	str	r2, [r3, #0]
20000212:	f381 8810 	msr	PRIMASK, r1
20000216:	2001      	movs	r0, #1
20000218:	bc80      	pop	{r7}
2000021a:	46b8      	mov	r8, r7
2000021c:	bdf0      	pop	{r4, r5, r6, r7, pc}
2000021e:	2000      	movs	r0, #0
20000220:	e7fa      	b.n	20000218 <mutex_enter_timeout_ms+0x78>
20000222:	2601      	movs	r6, #1
20000224:	4f01      	ldr	r7, [pc, #4]	; (2000022c <mutex_enter_timeout_ms+0x8c>)
20000226:	4276      	negs	r6, r6
20000228:	e7ce      	b.n	200001c8 <mutex_enter_timeout_ms+0x28>
2000022a:	46c0      	nop			; (mov r8, r8)
2000022c:	7fffffff 	.word	0x7fffffff

20000230 <mutex_exit>:
20000230:	6802      	ldr	r2, [r0, #0]
20000232:	f3ef 8110 	mrs	r1, PRIMASK
20000236:	b672      	cpsid	i
20000238:	6813      	ldr	r3, [r2, #0]
2000023a:	2b00      	cmp	r3, #0
2000023c:	d0fc      	beq.n	20000238 <mutex_exit+0x8>
2000023e:	f3bf 8f5f 	dmb	sy
20000242:	23ff      	movs	r3, #255	; 0xff
20000244:	7103      	strb	r3, [r0, #4]
20000246:	6803      	ldr	r3, [r0, #0]
20000248:	f3bf 8f5f 	dmb	sy
2000024c:	2200      	movs	r2, #0
2000024e:	601a      	str	r2, [r3, #0]
20000250:	f381 8810 	msr	PRIMASK, r1
20000254:	bf40      	sev
20000256:	4770      	bx	lr

20000258 <flash_init_boot2_copyout>:
20000258:	4808      	ldr	r0, [pc, #32]	; (2000027c <flash_init_boot2_copyout+0x24>)
2000025a:	b510      	push	{r4, lr}
2000025c:	7803      	ldrb	r3, [r0, #0]
2000025e:	2b00      	cmp	r3, #0
20000260:	d10a      	bne.n	20000278 <flash_init_boot2_copyout+0x20>
20000262:	2380      	movs	r3, #128	; 0x80
20000264:	4906      	ldr	r1, [pc, #24]	; (20000280 <flash_init_boot2_copyout+0x28>)
20000266:	4a07      	ldr	r2, [pc, #28]	; (20000284 <flash_init_boot2_copyout+0x2c>)
20000268:	055b      	lsls	r3, r3, #21
2000026a:	681c      	ldr	r4, [r3, #0]
2000026c:	50cc      	str	r4, [r1, r3]
2000026e:	3304      	adds	r3, #4
20000270:	4293      	cmp	r3, r2
20000272:	d1fa      	bne.n	2000026a <flash_init_boot2_copyout+0x12>
20000274:	2301      	movs	r3, #1
20000276:	7003      	strb	r3, [r0, #0]
20000278:	bd10      	pop	{r4, pc}
2000027a:	46c0      	nop			; (mov r8, r8)
2000027c:	2000266e 	.word	0x2000266e
20000280:	10002008 	.word	0x10002008
20000284:	10000100 	.word	0x10000100

20000288 <flash_enable_xip_via_boot2>:
20000288:	b510      	push	{r4, lr}
2000028a:	4b02      	ldr	r3, [pc, #8]	; (20000294 <flash_enable_xip_via_boot2+0xc>)
2000028c:	3301      	adds	r3, #1
2000028e:	4798      	blx	r3
20000290:	bd10      	pop	{r4, pc}
20000292:	46c0      	nop			; (mov r8, r8)
20000294:	20002008 	.word	0x20002008

20000298 <flash_cs_force.constprop.0>:
20000298:	4b03      	ldr	r3, [pc, #12]	; (200002a8 <flash_cs_force.constprop.0+0x10>)
2000029a:	681a      	ldr	r2, [r3, #0]
2000029c:	23c0      	movs	r3, #192	; 0xc0
2000029e:	009b      	lsls	r3, r3, #2
200002a0:	4393      	bics	r3, r2
200002a2:	4a02      	ldr	r2, [pc, #8]	; (200002ac <flash_cs_force.constprop.0+0x14>)
200002a4:	6013      	str	r3, [r2, #0]
200002a6:	4770      	bx	lr
200002a8:	4001800c 	.word	0x4001800c
200002ac:	4001900c 	.word	0x4001900c

200002b0 <flash_cs_force.constprop.1>:
200002b0:	4b05      	ldr	r3, [pc, #20]	; (200002c8 <flash_cs_force.constprop.1+0x18>)
200002b2:	681a      	ldr	r2, [r3, #0]
200002b4:	2380      	movs	r3, #128	; 0x80
200002b6:	009b      	lsls	r3, r3, #2
200002b8:	4053      	eors	r3, r2
200002ba:	22c0      	movs	r2, #192	; 0xc0
200002bc:	0092      	lsls	r2, r2, #2
200002be:	4013      	ands	r3, r2
200002c0:	4a02      	ldr	r2, [pc, #8]	; (200002cc <flash_cs_force.constprop.1+0x1c>)
200002c2:	6013      	str	r3, [r2, #0]
200002c4:	4770      	bx	lr
200002c6:	46c0      	nop			; (mov r8, r8)
200002c8:	4001800c 	.word	0x4001800c
200002cc:	4001900c 	.word	0x4001900c

200002d0 <flash_do_cmd>:
200002d0:	2314      	movs	r3, #20
200002d2:	b5f0      	push	{r4, r5, r6, r7, lr}
200002d4:	46d6      	mov	lr, sl
200002d6:	464f      	mov	r7, r9
200002d8:	4646      	mov	r6, r8
200002da:	469a      	mov	sl, r3
200002dc:	4681      	mov	r9, r0
200002de:	8818      	ldrh	r0, [r3, #0]
200002e0:	3304      	adds	r3, #4
200002e2:	b5c0      	push	{r6, r7, lr}
200002e4:	4698      	mov	r8, r3
200002e6:	000e      	movs	r6, r1
200002e8:	881b      	ldrh	r3, [r3, #0]
200002ea:	4927      	ldr	r1, [pc, #156]	; (20000388 <flash_do_cmd+0xb8>)
200002ec:	0014      	movs	r4, r2
200002ee:	4798      	blx	r3
200002f0:	4653      	mov	r3, sl
200002f2:	0007      	movs	r7, r0
200002f4:	8818      	ldrh	r0, [r3, #0]
200002f6:	4643      	mov	r3, r8
200002f8:	4924      	ldr	r1, [pc, #144]	; (2000038c <flash_do_cmd+0xbc>)
200002fa:	881b      	ldrh	r3, [r3, #0]
200002fc:	4798      	blx	r3
200002fe:	4653      	mov	r3, sl
20000300:	0005      	movs	r5, r0
20000302:	8818      	ldrh	r0, [r3, #0]
20000304:	4643      	mov	r3, r8
20000306:	4922      	ldr	r1, [pc, #136]	; (20000390 <flash_do_cmd+0xc0>)
20000308:	881b      	ldrh	r3, [r3, #0]
2000030a:	4798      	blx	r3
2000030c:	4680      	mov	r8, r0
2000030e:	f7ff ffa3 	bl	20000258 <flash_init_boot2_copyout>
20000312:	47b8      	blx	r7
20000314:	47a8      	blx	r5
20000316:	f7ff ffcb 	bl	200002b0 <flash_cs_force.constprop.1>
2000031a:	2c00      	cmp	r4, #0
2000031c:	d01b      	beq.n	20000356 <flash_do_cmd+0x86>
2000031e:	21c0      	movs	r1, #192	; 0xc0
20000320:	0022      	movs	r2, r4
20000322:	2708      	movs	r7, #8
20000324:	2002      	movs	r0, #2
20000326:	0549      	lsls	r1, r1, #21
20000328:	003d      	movs	r5, r7
2000032a:	6a8b      	ldr	r3, [r1, #40]	; 0x28
2000032c:	401d      	ands	r5, r3
2000032e:	4218      	tst	r0, r3
20000330:	d00b      	beq.n	2000034a <flash_do_cmd+0x7a>
20000332:	2c00      	cmp	r4, #0
20000334:	d009      	beq.n	2000034a <flash_do_cmd+0x7a>
20000336:	1b13      	subs	r3, r2, r4
20000338:	2b0d      	cmp	r3, #13
2000033a:	d81f      	bhi.n	2000037c <flash_do_cmd+0xac>
2000033c:	464b      	mov	r3, r9
2000033e:	781b      	ldrb	r3, [r3, #0]
20000340:	3c01      	subs	r4, #1
20000342:	660b      	str	r3, [r1, #96]	; 0x60
20000344:	2301      	movs	r3, #1
20000346:	469c      	mov	ip, r3
20000348:	44e1      	add	r9, ip
2000034a:	0023      	movs	r3, r4
2000034c:	2d00      	cmp	r5, #0
2000034e:	d10c      	bne.n	2000036a <flash_do_cmd+0x9a>
20000350:	4313      	orrs	r3, r2
20000352:	2b00      	cmp	r3, #0
20000354:	d1e8      	bne.n	20000328 <flash_do_cmd+0x58>
20000356:	f7ff ff9f 	bl	20000298 <flash_cs_force.constprop.0>
2000035a:	47c0      	blx	r8
2000035c:	f7ff ff94 	bl	20000288 <flash_enable_xip_via_boot2>
20000360:	bce0      	pop	{r5, r6, r7}
20000362:	46ba      	mov	sl, r7
20000364:	46b1      	mov	r9, r6
20000366:	46a8      	mov	r8, r5
20000368:	bdf0      	pop	{r4, r5, r6, r7, pc}
2000036a:	2a00      	cmp	r2, #0
2000036c:	d0f1      	beq.n	20000352 <flash_do_cmd+0x82>
2000036e:	6e0b      	ldr	r3, [r1, #96]	; 0x60
20000370:	3a01      	subs	r2, #1
20000372:	7033      	strb	r3, [r6, #0]
20000374:	0013      	movs	r3, r2
20000376:	3601      	adds	r6, #1
20000378:	4323      	orrs	r3, r4
2000037a:	e7ea      	b.n	20000352 <flash_do_cmd+0x82>
2000037c:	2d00      	cmp	r5, #0
2000037e:	d0d3      	beq.n	20000328 <flash_do_cmd+0x58>
20000380:	2a00      	cmp	r2, #0
20000382:	d0d1      	beq.n	20000328 <flash_do_cmd+0x58>
20000384:	e7f3      	b.n	2000036e <flash_do_cmd+0x9e>
20000386:	46c0      	nop			; (mov r8, r8)
20000388:	00004649 	.word	0x00004649
2000038c:	00005845 	.word	0x00005845
20000390:	00004346 	.word	0x00004346

20000394 <reset_non_control_endpoints>:
20000394:	2300      	movs	r3, #0
20000396:	4a1c      	ldr	r2, [pc, #112]	; (20000408 <reset_non_control_endpoints+0x74>)
20000398:	b510      	push	{r4, lr}
2000039a:	6093      	str	r3, [r2, #8]
2000039c:	60d3      	str	r3, [r2, #12]
2000039e:	4a1b      	ldr	r2, [pc, #108]	; (2000040c <reset_non_control_endpoints+0x78>)
200003a0:	2100      	movs	r1, #0
200003a2:	6093      	str	r3, [r2, #8]
200003a4:	60d3      	str	r3, [r2, #12]
200003a6:	4a1a      	ldr	r2, [pc, #104]	; (20000410 <reset_non_control_endpoints+0x7c>)
200003a8:	481a      	ldr	r0, [pc, #104]	; (20000414 <reset_non_control_endpoints+0x80>)
200003aa:	6093      	str	r3, [r2, #8]
200003ac:	60d3      	str	r3, [r2, #12]
200003ae:	4a1a      	ldr	r2, [pc, #104]	; (20000418 <reset_non_control_endpoints+0x84>)
200003b0:	6093      	str	r3, [r2, #8]
200003b2:	60d3      	str	r3, [r2, #12]
200003b4:	4a19      	ldr	r2, [pc, #100]	; (2000041c <reset_non_control_endpoints+0x88>)
200003b6:	6093      	str	r3, [r2, #8]
200003b8:	60d3      	str	r3, [r2, #12]
200003ba:	4a19      	ldr	r2, [pc, #100]	; (20000420 <reset_non_control_endpoints+0x8c>)
200003bc:	6093      	str	r3, [r2, #8]
200003be:	60d3      	str	r3, [r2, #12]
200003c0:	4a18      	ldr	r2, [pc, #96]	; (20000424 <reset_non_control_endpoints+0x90>)
200003c2:	6093      	str	r3, [r2, #8]
200003c4:	60d3      	str	r3, [r2, #12]
200003c6:	4a18      	ldr	r2, [pc, #96]	; (20000428 <reset_non_control_endpoints+0x94>)
200003c8:	6093      	str	r3, [r2, #8]
200003ca:	60d3      	str	r3, [r2, #12]
200003cc:	4a17      	ldr	r2, [pc, #92]	; (2000042c <reset_non_control_endpoints+0x98>)
200003ce:	6093      	str	r3, [r2, #8]
200003d0:	60d3      	str	r3, [r2, #12]
200003d2:	4a17      	ldr	r2, [pc, #92]	; (20000430 <reset_non_control_endpoints+0x9c>)
200003d4:	6093      	str	r3, [r2, #8]
200003d6:	60d3      	str	r3, [r2, #12]
200003d8:	4a16      	ldr	r2, [pc, #88]	; (20000434 <reset_non_control_endpoints+0xa0>)
200003da:	6093      	str	r3, [r2, #8]
200003dc:	60d3      	str	r3, [r2, #12]
200003de:	4a16      	ldr	r2, [pc, #88]	; (20000438 <reset_non_control_endpoints+0xa4>)
200003e0:	6093      	str	r3, [r2, #8]
200003e2:	60d3      	str	r3, [r2, #12]
200003e4:	4a15      	ldr	r2, [pc, #84]	; (2000043c <reset_non_control_endpoints+0xa8>)
200003e6:	6093      	str	r3, [r2, #8]
200003e8:	60d3      	str	r3, [r2, #12]
200003ea:	4a15      	ldr	r2, [pc, #84]	; (20000440 <reset_non_control_endpoints+0xac>)
200003ec:	6093      	str	r3, [r2, #8]
200003ee:	60d3      	str	r3, [r2, #12]
200003f0:	4a14      	ldr	r2, [pc, #80]	; (20000444 <reset_non_control_endpoints+0xb0>)
200003f2:	6093      	str	r3, [r2, #8]
200003f4:	60d3      	str	r3, [r2, #12]
200003f6:	22f0      	movs	r2, #240	; 0xf0
200003f8:	0092      	lsls	r2, r2, #2
200003fa:	f000 fd65 	bl	20000ec8 <____wrap_memset_veneer>
200003fe:	4b12      	ldr	r3, [pc, #72]	; (20000448 <reset_non_control_endpoints+0xb4>)
20000400:	4a12      	ldr	r2, [pc, #72]	; (2000044c <reset_non_control_endpoints+0xb8>)
20000402:	601a      	str	r2, [r3, #0]
20000404:	bd10      	pop	{r4, pc}
20000406:	46c0      	nop			; (mov r8, r8)
20000408:	50100000 	.word	0x50100000
2000040c:	50100008 	.word	0x50100008
20000410:	50100010 	.word	0x50100010
20000414:	20002228 	.word	0x20002228
20000418:	50100018 	.word	0x50100018
2000041c:	50100020 	.word	0x50100020
20000420:	50100028 	.word	0x50100028
20000424:	50100030 	.word	0x50100030
20000428:	50100038 	.word	0x50100038
2000042c:	50100040 	.word	0x50100040
20000430:	50100048 	.word	0x50100048
20000434:	50100050 	.word	0x50100050
20000438:	50100058 	.word	0x50100058
2000043c:	50100060 	.word	0x50100060
20000440:	50100068 	.word	0x50100068
20000444:	50100070 	.word	0x50100070
20000448:	2000260c 	.word	0x2000260c
2000044c:	50100180 	.word	0x50100180

20000450 <hw_handle_buff_status>:
20000450:	b5f0      	push	{r4, r5, r6, r7, lr}
20000452:	4657      	mov	r7, sl
20000454:	46de      	mov	lr, fp
20000456:	464e      	mov	r6, r9
20000458:	4645      	mov	r5, r8
2000045a:	b5e0      	push	{r5, r6, r7, lr}
2000045c:	4b23      	ldr	r3, [pc, #140]	; (200004ec <hw_handle_buff_status+0x9c>)
2000045e:	b087      	sub	sp, #28
20000460:	6d9f      	ldr	r7, [r3, #88]	; 0x58
20000462:	2f00      	cmp	r7, #0
20000464:	d023      	beq.n	200004ae <hw_handle_buff_status+0x5e>
20000466:	4b22      	ldr	r3, [pc, #136]	; (200004f0 <hw_handle_buff_status+0xa0>)
20000468:	2400      	movs	r4, #0
2000046a:	4699      	mov	r9, r3
2000046c:	2301      	movs	r3, #1
2000046e:	4698      	mov	r8, r3
20000470:	4b20      	ldr	r3, [pc, #128]	; (200004f4 <hw_handle_buff_status+0xa4>)
20000472:	2601      	movs	r6, #1
20000474:	469a      	mov	sl, r3
20000476:	e004      	b.n	20000482 <hw_handle_buff_status+0x32>
20000478:	3401      	adds	r4, #1
2000047a:	0076      	lsls	r6, r6, #1
2000047c:	b2e4      	uxtb	r4, r4
2000047e:	2c20      	cmp	r4, #32
20000480:	d015      	beq.n	200004ae <hw_handle_buff_status+0x5e>
20000482:	423e      	tst	r6, r7
20000484:	d0f8      	beq.n	20000478 <hw_handle_buff_status+0x28>
20000486:	464b      	mov	r3, r9
20000488:	659e      	str	r6, [r3, #88]	; 0x58
2000048a:	4643      	mov	r3, r8
2000048c:	0865      	lsrs	r5, r4, #1
2000048e:	006d      	lsls	r5, r5, #1
20000490:	43a3      	bics	r3, r4
20000492:	18ed      	adds	r5, r5, r3
20000494:	016d      	lsls	r5, r5, #5
20000496:	4455      	add	r5, sl
20000498:	0028      	movs	r0, r5
2000049a:	f000 fba1 	bl	20000be0 <hw_endpoint_xfer_continue>
2000049e:	2800      	cmp	r0, #0
200004a0:	d10c      	bne.n	200004bc <hw_handle_buff_status+0x6c>
200004a2:	3401      	adds	r4, #1
200004a4:	43b7      	bics	r7, r6
200004a6:	b2e4      	uxtb	r4, r4
200004a8:	0076      	lsls	r6, r6, #1
200004aa:	2f00      	cmp	r7, #0
200004ac:	d1e7      	bne.n	2000047e <hw_handle_buff_status+0x2e>
200004ae:	b007      	add	sp, #28
200004b0:	bcf0      	pop	{r4, r5, r6, r7}
200004b2:	46bb      	mov	fp, r7
200004b4:	46b2      	mov	sl, r6
200004b6:	46a9      	mov	r9, r5
200004b8:	46a0      	mov	r8, r4
200004ba:	bdf0      	pop	{r4, r5, r6, r7, pc}
200004bc:	78ab      	ldrb	r3, [r5, #2]
200004be:	2208      	movs	r2, #8
200004c0:	469b      	mov	fp, r3
200004c2:	8aeb      	ldrh	r3, [r5, #22]
200004c4:	2100      	movs	r1, #0
200004c6:	a803      	add	r0, sp, #12
200004c8:	9301      	str	r3, [sp, #4]
200004ca:	f000 fcfd 	bl	20000ec8 <____wrap_memset_veneer>
200004ce:	2307      	movs	r3, #7
200004d0:	4659      	mov	r1, fp
200004d2:	aa02      	add	r2, sp, #8
200004d4:	7153      	strb	r3, [r2, #5]
200004d6:	9b01      	ldr	r3, [sp, #4]
200004d8:	7211      	strb	r1, [r2, #8]
200004da:	a803      	add	r0, sp, #12
200004dc:	2101      	movs	r1, #1
200004de:	9305      	str	r3, [sp, #20]
200004e0:	f000 fba6 	bl	20000c30 <dcd_event_handler>
200004e4:	0028      	movs	r0, r5
200004e6:	f000 fb13 	bl	20000b10 <hw_endpoint_reset_transfer>
200004ea:	e7da      	b.n	200004a2 <hw_handle_buff_status+0x52>
200004ec:	50110000 	.word	0x50110000
200004f0:	50113000 	.word	0x50113000
200004f4:	200021e8 	.word	0x200021e8

200004f8 <dcd_rp2040_irq>:
200004f8:	2398      	movs	r3, #152	; 0x98
200004fa:	4ad1      	ldr	r2, [pc, #836]	; (20000840 <dcd_rp2040_irq+0x348>)
200004fc:	b570      	push	{r4, r5, r6, lr}
200004fe:	58d5      	ldr	r5, [r2, r3]
20000500:	2380      	movs	r3, #128	; 0x80
20000502:	002c      	movs	r4, r5
20000504:	029b      	lsls	r3, r3, #10
20000506:	2610      	movs	r6, #16
20000508:	b084      	sub	sp, #16
2000050a:	401c      	ands	r4, r3
2000050c:	421d      	tst	r5, r3
2000050e:	d078      	beq.n	20000602 <dcd_rp2040_irq+0x10a>
20000510:	4bcc      	ldr	r3, [pc, #816]	; (20000844 <dcd_rp2040_irq+0x34c>)
20000512:	4ccd      	ldr	r4, [pc, #820]	; (20000848 <dcd_rp2040_irq+0x350>)
20000514:	6a9a      	ldr	r2, [r3, #40]	; 0x28
20000516:	4bcd      	ldr	r3, [pc, #820]	; (2000084c <dcd_rp2040_irq+0x354>)
20000518:	2600      	movs	r6, #0
2000051a:	601a      	str	r2, [r3, #0]
2000051c:	233b      	movs	r3, #59	; 0x3b
2000051e:	5ce3      	ldrb	r3, [r4, r3]
20000520:	2b02      	cmp	r3, #2
20000522:	d100      	bne.n	20000526 <dcd_rp2040_irq+0x2e>
20000524:	e0d7      	b.n	200006d6 <dcd_rp2040_irq+0x1de>
20000526:	237b      	movs	r3, #123	; 0x7b
20000528:	5ce3      	ldrb	r3, [r4, r3]
2000052a:	2b02      	cmp	r3, #2
2000052c:	d100      	bne.n	20000530 <dcd_rp2040_irq+0x38>
2000052e:	e21a      	b.n	20000966 <dcd_rp2040_irq+0x46e>
20000530:	23bb      	movs	r3, #187	; 0xbb
20000532:	5ce3      	ldrb	r3, [r4, r3]
20000534:	2b02      	cmp	r3, #2
20000536:	d100      	bne.n	2000053a <dcd_rp2040_irq+0x42>
20000538:	e203      	b.n	20000942 <dcd_rp2040_irq+0x44a>
2000053a:	23fb      	movs	r3, #251	; 0xfb
2000053c:	5ce3      	ldrb	r3, [r4, r3]
2000053e:	2b02      	cmp	r3, #2
20000540:	d100      	bne.n	20000544 <dcd_rp2040_irq+0x4c>
20000542:	e1ec      	b.n	2000091e <dcd_rp2040_irq+0x426>
20000544:	233c      	movs	r3, #60	; 0x3c
20000546:	33ff      	adds	r3, #255	; 0xff
20000548:	5ce3      	ldrb	r3, [r4, r3]
2000054a:	2b02      	cmp	r3, #2
2000054c:	d100      	bne.n	20000550 <dcd_rp2040_irq+0x58>
2000054e:	e1d1      	b.n	200008f4 <dcd_rp2040_irq+0x3fc>
20000550:	237c      	movs	r3, #124	; 0x7c
20000552:	33ff      	adds	r3, #255	; 0xff
20000554:	5ce3      	ldrb	r3, [r4, r3]
20000556:	2b02      	cmp	r3, #2
20000558:	d100      	bne.n	2000055c <dcd_rp2040_irq+0x64>
2000055a:	e1b6      	b.n	200008ca <dcd_rp2040_irq+0x3d2>
2000055c:	23bc      	movs	r3, #188	; 0xbc
2000055e:	33ff      	adds	r3, #255	; 0xff
20000560:	5ce3      	ldrb	r3, [r4, r3]
20000562:	2b02      	cmp	r3, #2
20000564:	d100      	bne.n	20000568 <dcd_rp2040_irq+0x70>
20000566:	e19b      	b.n	200008a0 <dcd_rp2040_irq+0x3a8>
20000568:	23fc      	movs	r3, #252	; 0xfc
2000056a:	33ff      	adds	r3, #255	; 0xff
2000056c:	5ce3      	ldrb	r3, [r4, r3]
2000056e:	2b02      	cmp	r3, #2
20000570:	d100      	bne.n	20000574 <dcd_rp2040_irq+0x7c>
20000572:	e14f      	b.n	20000814 <dcd_rp2040_irq+0x31c>
20000574:	4bb6      	ldr	r3, [pc, #728]	; (20000850 <dcd_rp2040_irq+0x358>)
20000576:	5ce3      	ldrb	r3, [r4, r3]
20000578:	2b02      	cmp	r3, #2
2000057a:	d100      	bne.n	2000057e <dcd_rp2040_irq+0x86>
2000057c:	e136      	b.n	200007ec <dcd_rp2040_irq+0x2f4>
2000057e:	4bb5      	ldr	r3, [pc, #724]	; (20000854 <dcd_rp2040_irq+0x35c>)
20000580:	5ce3      	ldrb	r3, [r4, r3]
20000582:	2b02      	cmp	r3, #2
20000584:	d100      	bne.n	20000588 <dcd_rp2040_irq+0x90>
20000586:	e11d      	b.n	200007c4 <dcd_rp2040_irq+0x2cc>
20000588:	4bb3      	ldr	r3, [pc, #716]	; (20000858 <dcd_rp2040_irq+0x360>)
2000058a:	5ce3      	ldrb	r3, [r4, r3]
2000058c:	2b02      	cmp	r3, #2
2000058e:	d100      	bne.n	20000592 <dcd_rp2040_irq+0x9a>
20000590:	e104      	b.n	2000079c <dcd_rp2040_irq+0x2a4>
20000592:	4bb2      	ldr	r3, [pc, #712]	; (2000085c <dcd_rp2040_irq+0x364>)
20000594:	5ce3      	ldrb	r3, [r4, r3]
20000596:	2b02      	cmp	r3, #2
20000598:	d100      	bne.n	2000059c <dcd_rp2040_irq+0xa4>
2000059a:	e0eb      	b.n	20000774 <dcd_rp2040_irq+0x27c>
2000059c:	4bb0      	ldr	r3, [pc, #704]	; (20000860 <dcd_rp2040_irq+0x368>)
2000059e:	5ce3      	ldrb	r3, [r4, r3]
200005a0:	2b02      	cmp	r3, #2
200005a2:	d100      	bne.n	200005a6 <dcd_rp2040_irq+0xae>
200005a4:	e0d2      	b.n	2000074c <dcd_rp2040_irq+0x254>
200005a6:	4baf      	ldr	r3, [pc, #700]	; (20000864 <dcd_rp2040_irq+0x36c>)
200005a8:	5ce3      	ldrb	r3, [r4, r3]
200005aa:	2b02      	cmp	r3, #2
200005ac:	d100      	bne.n	200005b0 <dcd_rp2040_irq+0xb8>
200005ae:	e0b9      	b.n	20000724 <dcd_rp2040_irq+0x22c>
200005b0:	4bad      	ldr	r3, [pc, #692]	; (20000868 <dcd_rp2040_irq+0x370>)
200005b2:	5ce3      	ldrb	r3, [r4, r3]
200005b4:	2b02      	cmp	r3, #2
200005b6:	d100      	bne.n	200005ba <dcd_rp2040_irq+0xc2>
200005b8:	e09e      	b.n	200006f8 <dcd_rp2040_irq+0x200>
200005ba:	4bac      	ldr	r3, [pc, #688]	; (2000086c <dcd_rp2040_irq+0x374>)
200005bc:	5ce3      	ldrb	r3, [r4, r3]
200005be:	2b02      	cmp	r3, #2
200005c0:	d100      	bne.n	200005c4 <dcd_rp2040_irq+0xcc>
200005c2:	e1e2      	b.n	2000098a <dcd_rp2040_irq+0x492>
200005c4:	2e00      	cmp	r6, #0
200005c6:	d108      	bne.n	200005da <dcd_rp2040_irq+0xe2>
200005c8:	4ba9      	ldr	r3, [pc, #676]	; (20000870 <dcd_rp2040_irq+0x378>)
200005ca:	781b      	ldrb	r3, [r3, #0]
200005cc:	2b00      	cmp	r3, #0
200005ce:	d104      	bne.n	200005da <dcd_rp2040_irq+0xe2>
200005d0:	2180      	movs	r1, #128	; 0x80
200005d2:	4aa8      	ldr	r2, [pc, #672]	; (20000874 <dcd_rp2040_irq+0x37c>)
200005d4:	3390      	adds	r3, #144	; 0x90
200005d6:	0289      	lsls	r1, r1, #10
200005d8:	50d1      	str	r1, [r2, r3]
200005da:	ae01      	add	r6, sp, #4
200005dc:	4b98      	ldr	r3, [pc, #608]	; (20000840 <dcd_rp2040_irq+0x348>)
200005de:	220c      	movs	r2, #12
200005e0:	2100      	movs	r1, #0
200005e2:	0030      	movs	r0, r6
200005e4:	6c9c      	ldr	r4, [r3, #72]	; 0x48
200005e6:	f000 fc6f 	bl	20000ec8 <____wrap_memset_veneer>
200005ea:	2303      	movs	r3, #3
200005ec:	0564      	lsls	r4, r4, #21
200005ee:	0d64      	lsrs	r4, r4, #21
200005f0:	7073      	strb	r3, [r6, #1]
200005f2:	0030      	movs	r0, r6
200005f4:	9402      	str	r4, [sp, #8]
200005f6:	2101      	movs	r1, #1
200005f8:	2480      	movs	r4, #128	; 0x80
200005fa:	f000 fb19 	bl	20000c30 <dcd_event_handler>
200005fe:	4e9e      	ldr	r6, [pc, #632]	; (20000878 <dcd_rp2040_irq+0x380>)
20000600:	02a4      	lsls	r4, r4, #10
20000602:	06eb      	lsls	r3, r5, #27
20000604:	d463      	bmi.n	200006ce <dcd_rp2040_irq+0x1d6>
20000606:	2380      	movs	r3, #128	; 0x80
20000608:	025b      	lsls	r3, r3, #9
2000060a:	421d      	tst	r5, r3
2000060c:	d014      	beq.n	20000638 <dcd_rp2040_irq+0x140>
2000060e:	2201      	movs	r2, #1
20000610:	2123      	movs	r1, #35	; 0x23
20000612:	431c      	orrs	r4, r3
20000614:	4b8c      	ldr	r3, [pc, #560]	; (20000848 <dcd_rp2040_irq+0x350>)
20000616:	545a      	strb	r2, [r3, r1]
20000618:	70da      	strb	r2, [r3, #3]
2000061a:	23c0      	movs	r3, #192	; 0xc0
2000061c:	4a97      	ldr	r2, [pc, #604]	; (2000087c <dcd_rp2040_irq+0x384>)
2000061e:	00db      	lsls	r3, r3, #3
20000620:	9301      	str	r3, [sp, #4]
20000622:	ab02      	add	r3, sp, #8
20000624:	ca03      	ldmia	r2!, {r0, r1}
20000626:	c303      	stmia	r3!, {r0, r1}
20000628:	2101      	movs	r1, #1
2000062a:	a801      	add	r0, sp, #4
2000062c:	f000 fb00 	bl	20000c30 <dcd_event_handler>
20000630:	2280      	movs	r2, #128	; 0x80
20000632:	4b90      	ldr	r3, [pc, #576]	; (20000874 <dcd_rp2040_irq+0x37c>)
20000634:	0292      	lsls	r2, r2, #10
20000636:	651a      	str	r2, [r3, #80]	; 0x50
20000638:	2380      	movs	r3, #128	; 0x80
2000063a:	015b      	lsls	r3, r3, #5
2000063c:	421d      	tst	r5, r3
2000063e:	d12f      	bne.n	200006a0 <dcd_rp2040_irq+0x1a8>
20000640:	2380      	movs	r3, #128	; 0x80
20000642:	01db      	lsls	r3, r3, #7
20000644:	421d      	tst	r5, r3
20000646:	d11a      	bne.n	2000067e <dcd_rp2040_irq+0x186>
20000648:	2380      	movs	r3, #128	; 0x80
2000064a:	021b      	lsls	r3, r3, #8
2000064c:	421d      	tst	r5, r3
2000064e:	d104      	bne.n	2000065a <dcd_rp2040_irq+0x162>
20000650:	42ac      	cmp	r4, r5
20000652:	d000      	beq.n	20000656 <dcd_rp2040_irq+0x15e>
20000654:	e1b3      	b.n	200009be <dcd_rp2040_irq+0x4c6>
20000656:	b004      	add	sp, #16
20000658:	bd70      	pop	{r4, r5, r6, pc}
2000065a:	ae01      	add	r6, sp, #4
2000065c:	220c      	movs	r2, #12
2000065e:	2100      	movs	r1, #0
20000660:	0030      	movs	r0, r6
20000662:	431c      	orrs	r4, r3
20000664:	f000 fc30 	bl	20000ec8 <____wrap_memset_veneer>
20000668:	2305      	movs	r3, #5
2000066a:	2101      	movs	r1, #1
2000066c:	7073      	strb	r3, [r6, #1]
2000066e:	0030      	movs	r0, r6
20000670:	f000 fade 	bl	20000c30 <dcd_event_handler>
20000674:	2280      	movs	r2, #128	; 0x80
20000676:	4b7f      	ldr	r3, [pc, #508]	; (20000874 <dcd_rp2040_irq+0x37c>)
20000678:	0112      	lsls	r2, r2, #4
2000067a:	651a      	str	r2, [r3, #80]	; 0x50
2000067c:	e7e8      	b.n	20000650 <dcd_rp2040_irq+0x158>
2000067e:	ae01      	add	r6, sp, #4
20000680:	220c      	movs	r2, #12
20000682:	2100      	movs	r1, #0
20000684:	0030      	movs	r0, r6
20000686:	431c      	orrs	r4, r3
20000688:	f000 fc1e 	bl	20000ec8 <____wrap_memset_veneer>
2000068c:	2304      	movs	r3, #4
2000068e:	2101      	movs	r1, #1
20000690:	7073      	strb	r3, [r6, #1]
20000692:	0030      	movs	r0, r6
20000694:	f000 facc 	bl	20000c30 <dcd_event_handler>
20000698:	2210      	movs	r2, #16
2000069a:	4b76      	ldr	r3, [pc, #472]	; (20000874 <dcd_rp2040_irq+0x37c>)
2000069c:	651a      	str	r2, [r3, #80]	; 0x50
2000069e:	e7d3      	b.n	20000648 <dcd_rp2040_irq+0x150>
200006a0:	2200      	movs	r2, #0
200006a2:	431c      	orrs	r4, r3
200006a4:	4b66      	ldr	r3, [pc, #408]	; (20000840 <dcd_rp2040_irq+0x348>)
200006a6:	ae01      	add	r6, sp, #4
200006a8:	601a      	str	r2, [r3, #0]
200006aa:	f7ff fe73 	bl	20000394 <reset_non_control_endpoints>
200006ae:	220c      	movs	r2, #12
200006b0:	2100      	movs	r1, #0
200006b2:	0030      	movs	r0, r6
200006b4:	f000 fc08 	bl	20000ec8 <____wrap_memset_veneer>
200006b8:	2301      	movs	r3, #1
200006ba:	2101      	movs	r1, #1
200006bc:	7073      	strb	r3, [r6, #1]
200006be:	0030      	movs	r0, r6
200006c0:	f000 fab6 	bl	20000c30 <dcd_event_handler>
200006c4:	2280      	movs	r2, #128	; 0x80
200006c6:	4b6b      	ldr	r3, [pc, #428]	; (20000874 <dcd_rp2040_irq+0x37c>)
200006c8:	0312      	lsls	r2, r2, #12
200006ca:	651a      	str	r2, [r3, #80]	; 0x50
200006cc:	e7b8      	b.n	20000640 <dcd_rp2040_irq+0x148>
200006ce:	f7ff febf 	bl	20000450 <hw_handle_buff_status>
200006d2:	0034      	movs	r4, r6
200006d4:	e797      	b.n	20000606 <dcd_rp2040_irq+0x10e>
200006d6:	3338      	adds	r3, #56	; 0x38
200006d8:	5ce6      	ldrb	r6, [r4, r3]
200006da:	2e00      	cmp	r6, #0
200006dc:	d100      	bne.n	200006e0 <dcd_rp2040_irq+0x1e8>
200006de:	e722      	b.n	20000526 <dcd_rp2040_irq+0x2e>
200006e0:	3302      	adds	r3, #2
200006e2:	5ce2      	ldrb	r2, [r4, r3]
200006e4:	2a00      	cmp	r2, #0
200006e6:	d100      	bne.n	200006ea <dcd_rp2040_irq+0x1f2>
200006e8:	e71d      	b.n	20000526 <dcd_rp2040_irq+0x2e>
200006ea:	2200      	movs	r2, #0
200006ec:	0020      	movs	r0, r4
200006ee:	54e2      	strb	r2, [r4, r3]
200006f0:	3020      	adds	r0, #32
200006f2:	f000 fa3f 	bl	20000b74 <hw_endpoint_start_next_buffer>
200006f6:	e716      	b.n	20000526 <dcd_rp2040_irq+0x2e>
200006f8:	4b61      	ldr	r3, [pc, #388]	; (20000880 <dcd_rp2040_irq+0x388>)
200006fa:	5ce3      	ldrb	r3, [r4, r3]
200006fc:	2b00      	cmp	r3, #0
200006fe:	d100      	bne.n	20000702 <dcd_rp2040_irq+0x20a>
20000700:	e75b      	b.n	200005ba <dcd_rp2040_irq+0xc2>
20000702:	23ef      	movs	r3, #239	; 0xef
20000704:	009b      	lsls	r3, r3, #2
20000706:	5ce2      	ldrb	r2, [r4, r3]
20000708:	2a00      	cmp	r2, #0
2000070a:	d000      	beq.n	2000070e <dcd_rp2040_irq+0x216>
2000070c:	e14f      	b.n	200009ae <dcd_rp2040_irq+0x4b6>
2000070e:	4b57      	ldr	r3, [pc, #348]	; (2000086c <dcd_rp2040_irq+0x374>)
20000710:	5ce3      	ldrb	r3, [r4, r3]
20000712:	2b02      	cmp	r3, #2
20000714:	d000      	beq.n	20000718 <dcd_rp2040_irq+0x220>
20000716:	e760      	b.n	200005da <dcd_rp2040_irq+0xe2>
20000718:	4b5a      	ldr	r3, [pc, #360]	; (20000884 <dcd_rp2040_irq+0x38c>)
2000071a:	5ce3      	ldrb	r3, [r4, r3]
2000071c:	2b00      	cmp	r3, #0
2000071e:	d000      	beq.n	20000722 <dcd_rp2040_irq+0x22a>
20000720:	e138      	b.n	20000994 <dcd_rp2040_irq+0x49c>
20000722:	e75a      	b.n	200005da <dcd_rp2040_irq+0xe2>
20000724:	4b58      	ldr	r3, [pc, #352]	; (20000888 <dcd_rp2040_irq+0x390>)
20000726:	5ce3      	ldrb	r3, [r4, r3]
20000728:	2b00      	cmp	r3, #0
2000072a:	d100      	bne.n	2000072e <dcd_rp2040_irq+0x236>
2000072c:	e740      	b.n	200005b0 <dcd_rp2040_irq+0xb8>
2000072e:	22df      	movs	r2, #223	; 0xdf
20000730:	0092      	lsls	r2, r2, #2
20000732:	5ca1      	ldrb	r1, [r4, r2]
20000734:	001e      	movs	r6, r3
20000736:	2900      	cmp	r1, #0
20000738:	d100      	bne.n	2000073c <dcd_rp2040_irq+0x244>
2000073a:	e739      	b.n	200005b0 <dcd_rp2040_irq+0xb8>
2000073c:	2300      	movs	r3, #0
2000073e:	54a3      	strb	r3, [r4, r2]
20000740:	23d8      	movs	r3, #216	; 0xd8
20000742:	009b      	lsls	r3, r3, #2
20000744:	18e0      	adds	r0, r4, r3
20000746:	f000 fa15 	bl	20000b74 <hw_endpoint_start_next_buffer>
2000074a:	e731      	b.n	200005b0 <dcd_rp2040_irq+0xb8>
2000074c:	4b4f      	ldr	r3, [pc, #316]	; (2000088c <dcd_rp2040_irq+0x394>)
2000074e:	5ce3      	ldrb	r3, [r4, r3]
20000750:	2b00      	cmp	r3, #0
20000752:	d100      	bne.n	20000756 <dcd_rp2040_irq+0x25e>
20000754:	e727      	b.n	200005a6 <dcd_rp2040_irq+0xae>
20000756:	22cf      	movs	r2, #207	; 0xcf
20000758:	0092      	lsls	r2, r2, #2
2000075a:	5ca1      	ldrb	r1, [r4, r2]
2000075c:	001e      	movs	r6, r3
2000075e:	2900      	cmp	r1, #0
20000760:	d100      	bne.n	20000764 <dcd_rp2040_irq+0x26c>
20000762:	e720      	b.n	200005a6 <dcd_rp2040_irq+0xae>
20000764:	2300      	movs	r3, #0
20000766:	54a3      	strb	r3, [r4, r2]
20000768:	23c8      	movs	r3, #200	; 0xc8
2000076a:	009b      	lsls	r3, r3, #2
2000076c:	18e0      	adds	r0, r4, r3
2000076e:	f000 fa01 	bl	20000b74 <hw_endpoint_start_next_buffer>
20000772:	e718      	b.n	200005a6 <dcd_rp2040_irq+0xae>
20000774:	4b46      	ldr	r3, [pc, #280]	; (20000890 <dcd_rp2040_irq+0x398>)
20000776:	5ce3      	ldrb	r3, [r4, r3]
20000778:	2b00      	cmp	r3, #0
2000077a:	d100      	bne.n	2000077e <dcd_rp2040_irq+0x286>
2000077c:	e70e      	b.n	2000059c <dcd_rp2040_irq+0xa4>
2000077e:	22bf      	movs	r2, #191	; 0xbf
20000780:	0092      	lsls	r2, r2, #2
20000782:	5ca1      	ldrb	r1, [r4, r2]
20000784:	001e      	movs	r6, r3
20000786:	2900      	cmp	r1, #0
20000788:	d100      	bne.n	2000078c <dcd_rp2040_irq+0x294>
2000078a:	e707      	b.n	2000059c <dcd_rp2040_irq+0xa4>
2000078c:	2300      	movs	r3, #0
2000078e:	54a3      	strb	r3, [r4, r2]
20000790:	23b8      	movs	r3, #184	; 0xb8
20000792:	009b      	lsls	r3, r3, #2
20000794:	18e0      	adds	r0, r4, r3
20000796:	f000 f9ed 	bl	20000b74 <hw_endpoint_start_next_buffer>
2000079a:	e6ff      	b.n	2000059c <dcd_rp2040_irq+0xa4>
2000079c:	4b3d      	ldr	r3, [pc, #244]	; (20000894 <dcd_rp2040_irq+0x39c>)
2000079e:	5ce3      	ldrb	r3, [r4, r3]
200007a0:	2b00      	cmp	r3, #0
200007a2:	d100      	bne.n	200007a6 <dcd_rp2040_irq+0x2ae>
200007a4:	e6f5      	b.n	20000592 <dcd_rp2040_irq+0x9a>
200007a6:	22af      	movs	r2, #175	; 0xaf
200007a8:	0092      	lsls	r2, r2, #2
200007aa:	5ca1      	ldrb	r1, [r4, r2]
200007ac:	001e      	movs	r6, r3
200007ae:	2900      	cmp	r1, #0
200007b0:	d100      	bne.n	200007b4 <dcd_rp2040_irq+0x2bc>
200007b2:	e6ee      	b.n	20000592 <dcd_rp2040_irq+0x9a>
200007b4:	2300      	movs	r3, #0
200007b6:	54a3      	strb	r3, [r4, r2]
200007b8:	23a8      	movs	r3, #168	; 0xa8
200007ba:	009b      	lsls	r3, r3, #2
200007bc:	18e0      	adds	r0, r4, r3
200007be:	f000 f9d9 	bl	20000b74 <hw_endpoint_start_next_buffer>
200007c2:	e6e6      	b.n	20000592 <dcd_rp2040_irq+0x9a>
200007c4:	4b34      	ldr	r3, [pc, #208]	; (20000898 <dcd_rp2040_irq+0x3a0>)
200007c6:	5ce3      	ldrb	r3, [r4, r3]
200007c8:	2b00      	cmp	r3, #0
200007ca:	d100      	bne.n	200007ce <dcd_rp2040_irq+0x2d6>
200007cc:	e6dc      	b.n	20000588 <dcd_rp2040_irq+0x90>
200007ce:	229f      	movs	r2, #159	; 0x9f
200007d0:	0092      	lsls	r2, r2, #2
200007d2:	5ca1      	ldrb	r1, [r4, r2]
200007d4:	001e      	movs	r6, r3
200007d6:	2900      	cmp	r1, #0
200007d8:	d100      	bne.n	200007dc <dcd_rp2040_irq+0x2e4>
200007da:	e6d5      	b.n	20000588 <dcd_rp2040_irq+0x90>
200007dc:	2300      	movs	r3, #0
200007de:	54a3      	strb	r3, [r4, r2]
200007e0:	2398      	movs	r3, #152	; 0x98
200007e2:	009b      	lsls	r3, r3, #2
200007e4:	18e0      	adds	r0, r4, r3
200007e6:	f000 f9c5 	bl	20000b74 <hw_endpoint_start_next_buffer>
200007ea:	e6cd      	b.n	20000588 <dcd_rp2040_irq+0x90>
200007ec:	4b2b      	ldr	r3, [pc, #172]	; (2000089c <dcd_rp2040_irq+0x3a4>)
200007ee:	5ce3      	ldrb	r3, [r4, r3]
200007f0:	2b00      	cmp	r3, #0
200007f2:	d100      	bne.n	200007f6 <dcd_rp2040_irq+0x2fe>
200007f4:	e6c3      	b.n	2000057e <dcd_rp2040_irq+0x86>
200007f6:	228f      	movs	r2, #143	; 0x8f
200007f8:	0092      	lsls	r2, r2, #2
200007fa:	5ca1      	ldrb	r1, [r4, r2]
200007fc:	001e      	movs	r6, r3
200007fe:	2900      	cmp	r1, #0
20000800:	d100      	bne.n	20000804 <dcd_rp2040_irq+0x30c>
20000802:	e6bc      	b.n	2000057e <dcd_rp2040_irq+0x86>
20000804:	2300      	movs	r3, #0
20000806:	54a3      	strb	r3, [r4, r2]
20000808:	2388      	movs	r3, #136	; 0x88
2000080a:	009b      	lsls	r3, r3, #2
2000080c:	18e0      	adds	r0, r4, r3
2000080e:	f000 f9b1 	bl	20000b74 <hw_endpoint_start_next_buffer>
20000812:	e6b4      	b.n	2000057e <dcd_rp2040_irq+0x86>
20000814:	33f9      	adds	r3, #249	; 0xf9
20000816:	33ff      	adds	r3, #255	; 0xff
20000818:	5ce3      	ldrb	r3, [r4, r3]
2000081a:	2b00      	cmp	r3, #0
2000081c:	d100      	bne.n	20000820 <dcd_rp2040_irq+0x328>
2000081e:	e6a9      	b.n	20000574 <dcd_rp2040_irq+0x7c>
20000820:	22fe      	movs	r2, #254	; 0xfe
20000822:	0052      	lsls	r2, r2, #1
20000824:	5ca1      	ldrb	r1, [r4, r2]
20000826:	001e      	movs	r6, r3
20000828:	2900      	cmp	r1, #0
2000082a:	d100      	bne.n	2000082e <dcd_rp2040_irq+0x336>
2000082c:	e6a2      	b.n	20000574 <dcd_rp2040_irq+0x7c>
2000082e:	0020      	movs	r0, r4
20000830:	2300      	movs	r3, #0
20000832:	30e1      	adds	r0, #225	; 0xe1
20000834:	54a3      	strb	r3, [r4, r2]
20000836:	30ff      	adds	r0, #255	; 0xff
20000838:	f000 f99c 	bl	20000b74 <hw_endpoint_start_next_buffer>
2000083c:	e69a      	b.n	20000574 <dcd_rp2040_irq+0x7c>
2000083e:	46c0      	nop			; (mov r8, r8)
20000840:	50110000 	.word	0x50110000
20000844:	40054000 	.word	0x40054000
20000848:	200021e8 	.word	0x200021e8
2000084c:	200021c8 	.word	0x200021c8
20000850:	0000023b 	.word	0x0000023b
20000854:	0000027b 	.word	0x0000027b
20000858:	000002bb 	.word	0x000002bb
2000085c:	000002fb 	.word	0x000002fb
20000860:	0000033b 	.word	0x0000033b
20000864:	0000037b 	.word	0x0000037b
20000868:	000003bb 	.word	0x000003bb
2000086c:	000003fb 	.word	0x000003fb
20000870:	2000266d 	.word	0x2000266d
20000874:	50113000 	.word	0x50113000
20000878:	00020010 	.word	0x00020010
2000087c:	50100000 	.word	0x50100000
20000880:	000003ba 	.word	0x000003ba
20000884:	000003fa 	.word	0x000003fa
20000888:	0000037a 	.word	0x0000037a
2000088c:	0000033a 	.word	0x0000033a
20000890:	000002fa 	.word	0x000002fa
20000894:	000002ba 	.word	0x000002ba
20000898:	0000027a 	.word	0x0000027a
2000089c:	0000023a 	.word	0x0000023a
200008a0:	33b9      	adds	r3, #185	; 0xb9
200008a2:	33ff      	adds	r3, #255	; 0xff
200008a4:	5ce3      	ldrb	r3, [r4, r3]
200008a6:	2b00      	cmp	r3, #0
200008a8:	d100      	bne.n	200008ac <dcd_rp2040_irq+0x3b4>
200008aa:	e65d      	b.n	20000568 <dcd_rp2040_irq+0x70>
200008ac:	22de      	movs	r2, #222	; 0xde
200008ae:	0052      	lsls	r2, r2, #1
200008b0:	5ca1      	ldrb	r1, [r4, r2]
200008b2:	001e      	movs	r6, r3
200008b4:	2900      	cmp	r1, #0
200008b6:	d100      	bne.n	200008ba <dcd_rp2040_irq+0x3c2>
200008b8:	e656      	b.n	20000568 <dcd_rp2040_irq+0x70>
200008ba:	0020      	movs	r0, r4
200008bc:	2300      	movs	r3, #0
200008be:	30a1      	adds	r0, #161	; 0xa1
200008c0:	54a3      	strb	r3, [r4, r2]
200008c2:	30ff      	adds	r0, #255	; 0xff
200008c4:	f000 f956 	bl	20000b74 <hw_endpoint_start_next_buffer>
200008c8:	e64e      	b.n	20000568 <dcd_rp2040_irq+0x70>
200008ca:	3379      	adds	r3, #121	; 0x79
200008cc:	33ff      	adds	r3, #255	; 0xff
200008ce:	5ce3      	ldrb	r3, [r4, r3]
200008d0:	2b00      	cmp	r3, #0
200008d2:	d100      	bne.n	200008d6 <dcd_rp2040_irq+0x3de>
200008d4:	e642      	b.n	2000055c <dcd_rp2040_irq+0x64>
200008d6:	22be      	movs	r2, #190	; 0xbe
200008d8:	0052      	lsls	r2, r2, #1
200008da:	5ca1      	ldrb	r1, [r4, r2]
200008dc:	001e      	movs	r6, r3
200008de:	2900      	cmp	r1, #0
200008e0:	d100      	bne.n	200008e4 <dcd_rp2040_irq+0x3ec>
200008e2:	e63b      	b.n	2000055c <dcd_rp2040_irq+0x64>
200008e4:	0020      	movs	r0, r4
200008e6:	2300      	movs	r3, #0
200008e8:	3061      	adds	r0, #97	; 0x61
200008ea:	54a3      	strb	r3, [r4, r2]
200008ec:	30ff      	adds	r0, #255	; 0xff
200008ee:	f000 f941 	bl	20000b74 <hw_endpoint_start_next_buffer>
200008f2:	e633      	b.n	2000055c <dcd_rp2040_irq+0x64>
200008f4:	3339      	adds	r3, #57	; 0x39
200008f6:	33ff      	adds	r3, #255	; 0xff
200008f8:	5ce3      	ldrb	r3, [r4, r3]
200008fa:	2b00      	cmp	r3, #0
200008fc:	d100      	bne.n	20000900 <dcd_rp2040_irq+0x408>
200008fe:	e627      	b.n	20000550 <dcd_rp2040_irq+0x58>
20000900:	229e      	movs	r2, #158	; 0x9e
20000902:	0052      	lsls	r2, r2, #1
20000904:	5ca1      	ldrb	r1, [r4, r2]
20000906:	001e      	movs	r6, r3
20000908:	2900      	cmp	r1, #0
2000090a:	d100      	bne.n	2000090e <dcd_rp2040_irq+0x416>
2000090c:	e620      	b.n	20000550 <dcd_rp2040_irq+0x58>
2000090e:	0020      	movs	r0, r4
20000910:	2300      	movs	r3, #0
20000912:	3021      	adds	r0, #33	; 0x21
20000914:	54a3      	strb	r3, [r4, r2]
20000916:	30ff      	adds	r0, #255	; 0xff
20000918:	f000 f92c 	bl	20000b74 <hw_endpoint_start_next_buffer>
2000091c:	e618      	b.n	20000550 <dcd_rp2040_irq+0x58>
2000091e:	33f8      	adds	r3, #248	; 0xf8
20000920:	5ce3      	ldrb	r3, [r4, r3]
20000922:	2b00      	cmp	r3, #0
20000924:	d100      	bne.n	20000928 <dcd_rp2040_irq+0x430>
20000926:	e60d      	b.n	20000544 <dcd_rp2040_irq+0x4c>
20000928:	22fc      	movs	r2, #252	; 0xfc
2000092a:	5ca1      	ldrb	r1, [r4, r2]
2000092c:	001e      	movs	r6, r3
2000092e:	2900      	cmp	r1, #0
20000930:	d100      	bne.n	20000934 <dcd_rp2040_irq+0x43c>
20000932:	e607      	b.n	20000544 <dcd_rp2040_irq+0x4c>
20000934:	2300      	movs	r3, #0
20000936:	0020      	movs	r0, r4
20000938:	54a3      	strb	r3, [r4, r2]
2000093a:	30e0      	adds	r0, #224	; 0xe0
2000093c:	f000 f91a 	bl	20000b74 <hw_endpoint_start_next_buffer>
20000940:	e600      	b.n	20000544 <dcd_rp2040_irq+0x4c>
20000942:	33b8      	adds	r3, #184	; 0xb8
20000944:	5ce3      	ldrb	r3, [r4, r3]
20000946:	2b00      	cmp	r3, #0
20000948:	d100      	bne.n	2000094c <dcd_rp2040_irq+0x454>
2000094a:	e5f6      	b.n	2000053a <dcd_rp2040_irq+0x42>
2000094c:	22bc      	movs	r2, #188	; 0xbc
2000094e:	5ca1      	ldrb	r1, [r4, r2]
20000950:	001e      	movs	r6, r3
20000952:	2900      	cmp	r1, #0
20000954:	d100      	bne.n	20000958 <dcd_rp2040_irq+0x460>
20000956:	e5f0      	b.n	2000053a <dcd_rp2040_irq+0x42>
20000958:	2300      	movs	r3, #0
2000095a:	0020      	movs	r0, r4
2000095c:	54a3      	strb	r3, [r4, r2]
2000095e:	30a0      	adds	r0, #160	; 0xa0
20000960:	f000 f908 	bl	20000b74 <hw_endpoint_start_next_buffer>
20000964:	e5e9      	b.n	2000053a <dcd_rp2040_irq+0x42>
20000966:	3378      	adds	r3, #120	; 0x78
20000968:	5ce3      	ldrb	r3, [r4, r3]
2000096a:	2b00      	cmp	r3, #0
2000096c:	d100      	bne.n	20000970 <dcd_rp2040_irq+0x478>
2000096e:	e5df      	b.n	20000530 <dcd_rp2040_irq+0x38>
20000970:	227c      	movs	r2, #124	; 0x7c
20000972:	5ca1      	ldrb	r1, [r4, r2]
20000974:	001e      	movs	r6, r3
20000976:	2900      	cmp	r1, #0
20000978:	d100      	bne.n	2000097c <dcd_rp2040_irq+0x484>
2000097a:	e5d9      	b.n	20000530 <dcd_rp2040_irq+0x38>
2000097c:	2300      	movs	r3, #0
2000097e:	0020      	movs	r0, r4
20000980:	54a3      	strb	r3, [r4, r2]
20000982:	3060      	adds	r0, #96	; 0x60
20000984:	f000 f8f6 	bl	20000b74 <hw_endpoint_start_next_buffer>
20000988:	e5d2      	b.n	20000530 <dcd_rp2040_irq+0x38>
2000098a:	4b0f      	ldr	r3, [pc, #60]	; (200009c8 <dcd_rp2040_irq+0x4d0>)
2000098c:	5ce3      	ldrb	r3, [r4, r3]
2000098e:	2b00      	cmp	r3, #0
20000990:	d100      	bne.n	20000994 <dcd_rp2040_irq+0x49c>
20000992:	e617      	b.n	200005c4 <dcd_rp2040_irq+0xcc>
20000994:	23ff      	movs	r3, #255	; 0xff
20000996:	009b      	lsls	r3, r3, #2
20000998:	5ce2      	ldrb	r2, [r4, r3]
2000099a:	2a00      	cmp	r2, #0
2000099c:	d100      	bne.n	200009a0 <dcd_rp2040_irq+0x4a8>
2000099e:	e61c      	b.n	200005da <dcd_rp2040_irq+0xe2>
200009a0:	2200      	movs	r2, #0
200009a2:	54e2      	strb	r2, [r4, r3]
200009a4:	3b1c      	subs	r3, #28
200009a6:	18e0      	adds	r0, r4, r3
200009a8:	f000 f8e4 	bl	20000b74 <hw_endpoint_start_next_buffer>
200009ac:	e615      	b.n	200005da <dcd_rp2040_irq+0xe2>
200009ae:	2200      	movs	r2, #0
200009b0:	54e2      	strb	r2, [r4, r3]
200009b2:	23e8      	movs	r3, #232	; 0xe8
200009b4:	009b      	lsls	r3, r3, #2
200009b6:	18e0      	adds	r0, r4, r3
200009b8:	f000 f8dc 	bl	20000b74 <hw_endpoint_start_next_buffer>
200009bc:	e6a7      	b.n	2000070e <dcd_rp2040_irq+0x216>
200009be:	0021      	movs	r1, r4
200009c0:	4802      	ldr	r0, [pc, #8]	; (200009cc <dcd_rp2040_irq+0x4d4>)
200009c2:	4069      	eors	r1, r5
200009c4:	f000 fa70 	bl	20000ea8 <__panic_veneer>
200009c8:	000003fa 	.word	0x000003fa
200009cc:	1000a144 	.word	0x1000a144

200009d0 <e15_is_bulkin_ep>:
200009d0:	4a08      	ldr	r2, [pc, #32]	; (200009f4 <e15_is_bulkin_ep+0x24>)
200009d2:	0003      	movs	r3, r0
200009d4:	6c12      	ldr	r2, [r2, #64]	; 0x40
200009d6:	2000      	movs	r0, #0
200009d8:	0792      	lsls	r2, r2, #30
200009da:	d403      	bmi.n	200009e4 <e15_is_bulkin_ep+0x14>
200009dc:	789a      	ldrb	r2, [r3, #2]
200009de:	09d2      	lsrs	r2, r2, #7
200009e0:	2a01      	cmp	r2, #1
200009e2:	d000      	beq.n	200009e6 <e15_is_bulkin_ep+0x16>
200009e4:	4770      	bx	lr
200009e6:	7ed8      	ldrb	r0, [r3, #27]
200009e8:	3802      	subs	r0, #2
200009ea:	4243      	negs	r3, r0
200009ec:	4158      	adcs	r0, r3
200009ee:	b2c0      	uxtb	r0, r0
200009f0:	e7f8      	b.n	200009e4 <e15_is_bulkin_ep+0x14>
200009f2:	46c0      	nop			; (mov r8, r8)
200009f4:	50110000 	.word	0x50110000

200009f8 <e15_is_critical_frame_period>:
200009f8:	b510      	push	{r4, lr}
200009fa:	f7ff ffe9 	bl	200009d0 <e15_is_bulkin_ep>
200009fe:	2800      	cmp	r0, #0
20000a00:	d00c      	beq.n	20000a1c <e15_is_critical_frame_period+0x24>
20000a02:	4907      	ldr	r1, [pc, #28]	; (20000a20 <e15_is_critical_frame_period+0x28>)
20000a04:	4b07      	ldr	r3, [pc, #28]	; (20000a24 <e15_is_critical_frame_period+0x2c>)
20000a06:	468c      	mov	ip, r1
20000a08:	4a07      	ldr	r2, [pc, #28]	; (20000a28 <e15_is_critical_frame_period+0x30>)
20000a0a:	6a9b      	ldr	r3, [r3, #40]	; 0x28
20000a0c:	6812      	ldr	r2, [r2, #0]
20000a0e:	4463      	add	r3, ip
20000a10:	1a9b      	subs	r3, r3, r2
20000a12:	2000      	movs	r0, #0
20000a14:	22c6      	movs	r2, #198	; 0xc6
20000a16:	429a      	cmp	r2, r3
20000a18:	4140      	adcs	r0, r0
20000a1a:	b2c0      	uxtb	r0, r0
20000a1c:	bd10      	pop	{r4, pc}
20000a1e:	46c0      	nop			; (mov r8, r8)
20000a20:	fffffce0 	.word	0xfffffce0
20000a24:	40054000 	.word	0x40054000
20000a28:	200021c8 	.word	0x200021c8

20000a2c <prepare_ep_buffer>:
20000a2c:	b5f8      	push	{r3, r4, r5, r6, r7, lr}
20000a2e:	8b02      	ldrh	r2, [r0, #24]
20000a30:	8a83      	ldrh	r3, [r0, #20]
20000a32:	0004      	movs	r4, r0
20000a34:	000f      	movs	r7, r1
20000a36:	1c16      	adds	r6, r2, #0
20000a38:	429a      	cmp	r2, r3
20000a3a:	d900      	bls.n	20000a3e <prepare_ep_buffer+0x12>
20000a3c:	1c1e      	adds	r6, r3, #0
20000a3e:	2580      	movs	r5, #128	; 0x80
20000a40:	b2b6      	uxth	r6, r6
20000a42:	1b9b      	subs	r3, r3, r6
20000a44:	78e2      	ldrb	r2, [r4, #3]
20000a46:	b29b      	uxth	r3, r3
20000a48:	00ed      	lsls	r5, r5, #3
20000a4a:	82a3      	strh	r3, [r4, #20]
20000a4c:	4335      	orrs	r5, r6
20000a4e:	2a00      	cmp	r2, #0
20000a50:	d002      	beq.n	20000a58 <prepare_ep_buffer+0x2c>
20000a52:	2590      	movs	r5, #144	; 0x90
20000a54:	01ad      	lsls	r5, r5, #6
20000a56:	4335      	orrs	r5, r6
20000a58:	2101      	movs	r1, #1
20000a5a:	404a      	eors	r2, r1
20000a5c:	70e2      	strb	r2, [r4, #3]
20000a5e:	7862      	ldrb	r2, [r4, #1]
20000a60:	2a00      	cmp	r2, #0
20000a62:	d009      	beq.n	20000a78 <prepare_ep_buffer+0x4c>
20000a64:	2b00      	cmp	r3, #0
20000a66:	d102      	bne.n	20000a6e <prepare_ep_buffer+0x42>
20000a68:	2380      	movs	r3, #128	; 0x80
20000a6a:	01db      	lsls	r3, r3, #7
20000a6c:	431d      	orrs	r5, r3
20000a6e:	2f00      	cmp	r7, #0
20000a70:	d000      	beq.n	20000a74 <prepare_ep_buffer+0x48>
20000a72:	042d      	lsls	r5, r5, #16
20000a74:	0028      	movs	r0, r5
20000a76:	bdf8      	pop	{r3, r4, r5, r6, r7, pc}
20000a78:	68e3      	ldr	r3, [r4, #12]
20000a7a:	01b8      	lsls	r0, r7, #6
20000a7c:	469c      	mov	ip, r3
20000a7e:	0032      	movs	r2, r6
20000a80:	4460      	add	r0, ip
20000a82:	6921      	ldr	r1, [r4, #16]
20000a84:	f000 fa08 	bl	20000e98 <____wrap_memcpy_veneer>
20000a88:	6923      	ldr	r3, [r4, #16]
20000a8a:	469c      	mov	ip, r3
20000a8c:	2380      	movs	r3, #128	; 0x80
20000a8e:	4466      	add	r6, ip
20000a90:	021b      	lsls	r3, r3, #8
20000a92:	431d      	orrs	r5, r3
20000a94:	6126      	str	r6, [r4, #16]
20000a96:	8aa3      	ldrh	r3, [r4, #20]
20000a98:	e7e4      	b.n	20000a64 <prepare_ep_buffer+0x38>
20000a9a:	46c0      	nop			; (mov r8, r8)

20000a9c <sync_ep_buffer>:
20000a9c:	6883      	ldr	r3, [r0, #8]
20000a9e:	b570      	push	{r4, r5, r6, lr}
20000aa0:	0004      	movs	r4, r0
20000aa2:	681d      	ldr	r5, [r3, #0]
20000aa4:	2900      	cmp	r1, #0
20000aa6:	d000      	beq.n	20000aaa <sync_ep_buffer+0xe>
20000aa8:	0c2d      	lsrs	r5, r5, #16
20000aaa:	7863      	ldrb	r3, [r4, #1]
20000aac:	05ad      	lsls	r5, r5, #22
20000aae:	0dad      	lsrs	r5, r5, #22
20000ab0:	2b00      	cmp	r3, #0
20000ab2:	d109      	bne.n	20000ac8 <sync_ep_buffer+0x2c>
20000ab4:	8ae3      	ldrh	r3, [r4, #22]
20000ab6:	18eb      	adds	r3, r5, r3
20000ab8:	82e3      	strh	r3, [r4, #22]
20000aba:	8b23      	ldrh	r3, [r4, #24]
20000abc:	42ab      	cmp	r3, r5
20000abe:	d901      	bls.n	20000ac4 <sync_ep_buffer+0x28>
20000ac0:	2300      	movs	r3, #0
20000ac2:	82a3      	strh	r3, [r4, #20]
20000ac4:	0028      	movs	r0, r5
20000ac6:	bd70      	pop	{r4, r5, r6, pc}
20000ac8:	68e3      	ldr	r3, [r4, #12]
20000aca:	0189      	lsls	r1, r1, #6
20000acc:	469c      	mov	ip, r3
20000ace:	002a      	movs	r2, r5
20000ad0:	6920      	ldr	r0, [r4, #16]
20000ad2:	4461      	add	r1, ip
20000ad4:	f000 f9e0 	bl	20000e98 <____wrap_memcpy_veneer>
20000ad8:	8ae3      	ldrh	r3, [r4, #22]
20000ada:	18eb      	adds	r3, r5, r3
20000adc:	82e3      	strh	r3, [r4, #22]
20000ade:	6923      	ldr	r3, [r4, #16]
20000ae0:	195b      	adds	r3, r3, r5
20000ae2:	6123      	str	r3, [r4, #16]
20000ae4:	e7e9      	b.n	20000aba <sync_ep_buffer+0x1e>
20000ae6:	46c0      	nop			; (mov r8, r8)

20000ae8 <_hw_endpoint_xfer_sync>:
20000ae8:	b510      	push	{r4, lr}
20000aea:	0004      	movs	r4, r0
20000aec:	6883      	ldr	r3, [r0, #8]
20000aee:	2100      	movs	r1, #0
20000af0:	681b      	ldr	r3, [r3, #0]
20000af2:	f7ff ffd3 	bl	20000a9c <sync_ep_buffer>
20000af6:	6863      	ldr	r3, [r4, #4]
20000af8:	681b      	ldr	r3, [r3, #0]
20000afa:	005b      	lsls	r3, r3, #1
20000afc:	d502      	bpl.n	20000b04 <_hw_endpoint_xfer_sync+0x1c>
20000afe:	8b23      	ldrh	r3, [r4, #24]
20000b00:	4283      	cmp	r3, r0
20000b02:	d000      	beq.n	20000b06 <_hw_endpoint_xfer_sync+0x1e>
20000b04:	bd10      	pop	{r4, pc}
20000b06:	2101      	movs	r1, #1
20000b08:	0020      	movs	r0, r4
20000b0a:	f7ff ffc7 	bl	20000a9c <sync_ep_buffer>
20000b0e:	e7f9      	b.n	20000b04 <_hw_endpoint_xfer_sync+0x1c>

20000b10 <hw_endpoint_reset_transfer>:
20000b10:	2300      	movs	r3, #0
20000b12:	7683      	strb	r3, [r0, #26]
20000b14:	6143      	str	r3, [r0, #20]
20000b16:	6103      	str	r3, [r0, #16]
20000b18:	4770      	bx	lr
20000b1a:	46c0      	nop			; (mov r8, r8)

20000b1c <_hw_endpoint_buffer_control_update32>:
20000b1c:	b510      	push	{r4, lr}
20000b1e:	6883      	ldr	r3, [r0, #8]
20000b20:	2900      	cmp	r1, #0
20000b22:	d001      	beq.n	20000b28 <_hw_endpoint_buffer_control_update32+0xc>
20000b24:	681c      	ldr	r4, [r3, #0]
20000b26:	4021      	ands	r1, r4
20000b28:	2a00      	cmp	r2, #0
20000b2a:	d011      	beq.n	20000b50 <_hw_endpoint_buffer_control_update32+0x34>
20000b2c:	2480      	movs	r4, #128	; 0x80
20000b2e:	00e4      	lsls	r4, r4, #3
20000b30:	4311      	orrs	r1, r2
20000b32:	4222      	tst	r2, r4
20000b34:	d00c      	beq.n	20000b50 <_hw_endpoint_buffer_control_update32+0x34>
20000b36:	681a      	ldr	r2, [r3, #0]
20000b38:	4222      	tst	r2, r4
20000b3a:	d10b      	bne.n	20000b54 <_hw_endpoint_buffer_control_update32+0x38>
20000b3c:	4a0a      	ldr	r2, [pc, #40]	; (20000b68 <_hw_endpoint_buffer_control_update32+0x4c>)
20000b3e:	400a      	ands	r2, r1
20000b40:	601a      	str	r2, [r3, #0]
20000b42:	e7ff      	b.n	20000b44 <_hw_endpoint_buffer_control_update32+0x28>
20000b44:	e7ff      	b.n	20000b46 <_hw_endpoint_buffer_control_update32+0x2a>
20000b46:	e7ff      	b.n	20000b48 <_hw_endpoint_buffer_control_update32+0x2c>
20000b48:	e7ff      	b.n	20000b4a <_hw_endpoint_buffer_control_update32+0x2e>
20000b4a:	e7ff      	b.n	20000b4c <_hw_endpoint_buffer_control_update32+0x30>
20000b4c:	e7ff      	b.n	20000b4e <_hw_endpoint_buffer_control_update32+0x32>
20000b4e:	6883      	ldr	r3, [r0, #8]
20000b50:	6019      	str	r1, [r3, #0]
20000b52:	bd10      	pop	{r4, pc}
20000b54:	227f      	movs	r2, #127	; 0x7f
20000b56:	7881      	ldrb	r1, [r0, #2]
20000b58:	4804      	ldr	r0, [pc, #16]	; (20000b6c <_hw_endpoint_buffer_control_update32+0x50>)
20000b5a:	09cb      	lsrs	r3, r1, #7
20000b5c:	4011      	ands	r1, r2
20000b5e:	4a04      	ldr	r2, [pc, #16]	; (20000b70 <_hw_endpoint_buffer_control_update32+0x54>)
20000b60:	009b      	lsls	r3, r3, #2
20000b62:	589a      	ldr	r2, [r3, r2]
20000b64:	f000 f9a0 	bl	20000ea8 <__panic_veneer>
20000b68:	fffffbff 	.word	0xfffffbff
20000b6c:	1000a158 	.word	0x1000a158
20000b70:	20000fc8 	.word	0x20000fc8

20000b74 <hw_endpoint_start_next_buffer>:
20000b74:	6843      	ldr	r3, [r0, #4]
20000b76:	b570      	push	{r4, r5, r6, lr}
20000b78:	2100      	movs	r1, #0
20000b7a:	2580      	movs	r5, #128	; 0x80
20000b7c:	681e      	ldr	r6, [r3, #0]
20000b7e:	0004      	movs	r4, r0
20000b80:	f7ff ff54 	bl	20000a2c <prepare_ep_buffer>
20000b84:	4b13      	ldr	r3, [pc, #76]	; (20000bd4 <hw_endpoint_start_next_buffer+0x60>)
20000b86:	016d      	lsls	r5, r5, #5
20000b88:	6c1b      	ldr	r3, [r3, #64]	; 0x40
20000b8a:	4305      	orrs	r5, r0
20000b8c:	079b      	lsls	r3, r3, #30
20000b8e:	d50f      	bpl.n	20000bb0 <hw_endpoint_start_next_buffer+0x3c>
20000b90:	78a3      	ldrb	r3, [r4, #2]
20000b92:	065b      	lsls	r3, r3, #25
20000b94:	d00f      	beq.n	20000bb6 <hw_endpoint_start_next_buffer+0x42>
20000b96:	4b10      	ldr	r3, [pc, #64]	; (20000bd8 <hw_endpoint_start_next_buffer+0x64>)
20000b98:	401e      	ands	r6, r3
20000b9a:	2380      	movs	r3, #128	; 0x80
20000b9c:	059b      	lsls	r3, r3, #22
20000b9e:	4333      	orrs	r3, r6
20000ba0:	6862      	ldr	r2, [r4, #4]
20000ba2:	2100      	movs	r1, #0
20000ba4:	6013      	str	r3, [r2, #0]
20000ba6:	0020      	movs	r0, r4
20000ba8:	002a      	movs	r2, r5
20000baa:	f7ff ffb7 	bl	20000b1c <_hw_endpoint_buffer_control_update32>
20000bae:	bd70      	pop	{r4, r5, r6, pc}
20000bb0:	78a3      	ldrb	r3, [r4, #2]
20000bb2:	09db      	lsrs	r3, r3, #7
20000bb4:	d0ef      	beq.n	20000b96 <hw_endpoint_start_next_buffer+0x22>
20000bb6:	8aa3      	ldrh	r3, [r4, #20]
20000bb8:	2b00      	cmp	r3, #0
20000bba:	d0ec      	beq.n	20000b96 <hw_endpoint_start_next_buffer+0x22>
20000bbc:	2101      	movs	r1, #1
20000bbe:	0020      	movs	r0, r4
20000bc0:	f7ff ff34 	bl	20000a2c <prepare_ep_buffer>
20000bc4:	23a0      	movs	r3, #160	; 0xa0
20000bc6:	4a05      	ldr	r2, [pc, #20]	; (20000bdc <hw_endpoint_start_next_buffer+0x68>)
20000bc8:	05db      	lsls	r3, r3, #23
20000bca:	4032      	ands	r2, r6
20000bcc:	4305      	orrs	r5, r0
20000bce:	4313      	orrs	r3, r2
20000bd0:	e7e6      	b.n	20000ba0 <hw_endpoint_start_next_buffer+0x2c>
20000bd2:	46c0      	nop			; (mov r8, r8)
20000bd4:	50110000 	.word	0x50110000
20000bd8:	afffffff 	.word	0xafffffff
20000bdc:	dfffffff 	.word	0xdfffffff

20000be0 <hw_endpoint_xfer_continue>:
20000be0:	b570      	push	{r4, r5, r6, lr}
20000be2:	7e85      	ldrb	r5, [r0, #26]
20000be4:	0004      	movs	r4, r0
20000be6:	2d00      	cmp	r5, #0
20000be8:	d013      	beq.n	20000c12 <hw_endpoint_xfer_continue+0x32>
20000bea:	f7ff ff7d 	bl	20000ae8 <_hw_endpoint_xfer_sync>
20000bee:	8aa3      	ldrh	r3, [r4, #20]
20000bf0:	2b00      	cmp	r3, #0
20000bf2:	d101      	bne.n	20000bf8 <hw_endpoint_xfer_continue+0x18>
20000bf4:	0028      	movs	r0, r5
20000bf6:	bd70      	pop	{r4, r5, r6, pc}
20000bf8:	0020      	movs	r0, r4
20000bfa:	f7ff fefd 	bl	200009f8 <e15_is_critical_frame_period>
20000bfe:	1e05      	subs	r5, r0, #0
20000c00:	d003      	beq.n	20000c0a <hw_endpoint_xfer_continue+0x2a>
20000c02:	2301      	movs	r3, #1
20000c04:	2500      	movs	r5, #0
20000c06:	7723      	strb	r3, [r4, #28]
20000c08:	e7f4      	b.n	20000bf4 <hw_endpoint_xfer_continue+0x14>
20000c0a:	0020      	movs	r0, r4
20000c0c:	f7ff ffb2 	bl	20000b74 <hw_endpoint_start_next_buffer>
20000c10:	e7f0      	b.n	20000bf4 <hw_endpoint_xfer_continue+0x14>
20000c12:	227f      	movs	r2, #127	; 0x7f
20000c14:	7881      	ldrb	r1, [r0, #2]
20000c16:	4804      	ldr	r0, [pc, #16]	; (20000c28 <hw_endpoint_xfer_continue+0x48>)
20000c18:	09cb      	lsrs	r3, r1, #7
20000c1a:	4011      	ands	r1, r2
20000c1c:	4a03      	ldr	r2, [pc, #12]	; (20000c2c <hw_endpoint_xfer_continue+0x4c>)
20000c1e:	009b      	lsls	r3, r3, #2
20000c20:	589a      	ldr	r2, [r3, r2]
20000c22:	f000 f941 	bl	20000ea8 <__panic_veneer>
20000c26:	46c0      	nop			; (mov r8, r8)
20000c28:	1000a178 	.word	0x1000a178
20000c2c:	20000fc8 	.word	0x20000fc8

20000c30 <dcd_event_handler>:
20000c30:	b5f0      	push	{r4, r5, r6, r7, lr}
20000c32:	7843      	ldrb	r3, [r0, #1]
20000c34:	0005      	movs	r5, r0
20000c36:	b085      	sub	sp, #20
20000c38:	2b04      	cmp	r3, #4
20000c3a:	d100      	bne.n	20000c3e <dcd_event_handler+0xe>
20000c3c:	e075      	b.n	20000d2a <dcd_event_handler+0xfa>
20000c3e:	d846      	bhi.n	20000cce <dcd_event_handler+0x9e>
20000c40:	2b02      	cmp	r3, #2
20000c42:	d100      	bne.n	20000c46 <dcd_event_handler+0x16>
20000c44:	e083      	b.n	20000d4e <dcd_event_handler+0x11e>
20000c46:	2b03      	cmp	r3, #3
20000c48:	d155      	bne.n	20000cf6 <dcd_event_handler+0xc6>
20000c4a:	4e50      	ldr	r6, [pc, #320]	; (20000d8c <dcd_event_handler+0x15c>)
20000c4c:	4a50      	ldr	r2, [pc, #320]	; (20000d90 <dcd_event_handler+0x160>)
20000c4e:	2400      	movs	r4, #0
20000c50:	7833      	ldrb	r3, [r6, #0]
20000c52:	2a00      	cmp	r2, #0
20000c54:	d100      	bne.n	20000c58 <dcd_event_handler+0x28>
20000c56:	e092      	b.n	20000d7e <dcd_event_handler+0x14e>
20000c58:	4f4e      	ldr	r7, [pc, #312]	; (20000d94 <dcd_event_handler+0x164>)
20000c5a:	e003      	b.n	20000c64 <dcd_event_handler+0x34>
20000c5c:	3401      	adds	r4, #1
20000c5e:	b2e4      	uxtb	r4, r4
20000c60:	429c      	cmp	r4, r3
20000c62:	d814      	bhi.n	20000c8e <dcd_event_handler+0x5e>
20000c64:	42a3      	cmp	r3, r4
20000c66:	d9f9      	bls.n	20000c5c <dcd_event_handler+0x2c>
20000c68:	6839      	ldr	r1, [r7, #0]
20000c6a:	0062      	lsls	r2, r4, #1
20000c6c:	468c      	mov	ip, r1
20000c6e:	1912      	adds	r2, r2, r4
20000c70:	00d2      	lsls	r2, r2, #3
20000c72:	4462      	add	r2, ip
20000c74:	2a00      	cmp	r2, #0
20000c76:	d0f1      	beq.n	20000c5c <dcd_event_handler+0x2c>
20000c78:	6952      	ldr	r2, [r2, #20]
20000c7a:	2a00      	cmp	r2, #0
20000c7c:	d0ee      	beq.n	20000c5c <dcd_event_handler+0x2c>
20000c7e:	7828      	ldrb	r0, [r5, #0]
20000c80:	6869      	ldr	r1, [r5, #4]
20000c82:	4790      	blx	r2
20000c84:	3401      	adds	r4, #1
20000c86:	7833      	ldrb	r3, [r6, #0]
20000c88:	b2e4      	uxtb	r4, r4
20000c8a:	429c      	cmp	r4, r3
20000c8c:	d9ea      	bls.n	20000c64 <dcd_event_handler+0x34>
20000c8e:	4b42      	ldr	r3, [pc, #264]	; (20000d98 <dcd_event_handler+0x168>)
20000c90:	781a      	ldrb	r2, [r3, #0]
20000c92:	0752      	lsls	r2, r2, #29
20000c94:	d547      	bpl.n	20000d26 <dcd_event_handler+0xf6>
20000c96:	2104      	movs	r1, #4
20000c98:	781a      	ldrb	r2, [r3, #0]
20000c9a:	a801      	add	r0, sp, #4
20000c9c:	438a      	bics	r2, r1
20000c9e:	701a      	strb	r2, [r3, #0]
20000ca0:	2100      	movs	r1, #0
20000ca2:	220c      	movs	r2, #12
20000ca4:	f000 f910 	bl	20000ec8 <____wrap_memset_veneer>
20000ca8:	466a      	mov	r2, sp
20000caa:	782b      	ldrb	r3, [r5, #0]
20000cac:	7113      	strb	r3, [r2, #4]
20000cae:	2305      	movs	r3, #5
20000cb0:	7153      	strb	r3, [r2, #5]
20000cb2:	4b3a      	ldr	r3, [pc, #232]	; (20000d9c <dcd_event_handler+0x16c>)
20000cb4:	681c      	ldr	r4, [r3, #0]
20000cb6:	6962      	ldr	r2, [r4, #20]
20000cb8:	f3ef 8110 	mrs	r1, PRIMASK
20000cbc:	b672      	cpsid	i
20000cbe:	6813      	ldr	r3, [r2, #0]
20000cc0:	2b00      	cmp	r3, #0
20000cc2:	d0fc      	beq.n	20000cbe <dcd_event_handler+0x8e>
20000cc4:	f3bf 8f5f 	dmb	sy
20000cc8:	61a1      	str	r1, [r4, #24]
20000cca:	a901      	add	r1, sp, #4
20000ccc:	e020      	b.n	20000d10 <dcd_event_handler+0xe0>
20000cce:	2b05      	cmp	r3, #5
20000cd0:	d111      	bne.n	20000cf6 <dcd_event_handler+0xc6>
20000cd2:	4b31      	ldr	r3, [pc, #196]	; (20000d98 <dcd_event_handler+0x168>)
20000cd4:	781a      	ldrb	r2, [r3, #0]
20000cd6:	07d2      	lsls	r2, r2, #31
20000cd8:	d525      	bpl.n	20000d26 <dcd_event_handler+0xf6>
20000cda:	2104      	movs	r1, #4
20000cdc:	781a      	ldrb	r2, [r3, #0]
20000cde:	438a      	bics	r2, r1
20000ce0:	701a      	strb	r2, [r3, #0]
20000ce2:	4b2e      	ldr	r3, [pc, #184]	; (20000d9c <dcd_event_handler+0x16c>)
20000ce4:	681c      	ldr	r4, [r3, #0]
20000ce6:	6962      	ldr	r2, [r4, #20]
20000ce8:	f3ef 8110 	mrs	r1, PRIMASK
20000cec:	b672      	cpsid	i
20000cee:	6813      	ldr	r3, [r2, #0]
20000cf0:	2b00      	cmp	r3, #0
20000cf2:	d109      	bne.n	20000d08 <dcd_event_handler+0xd8>
20000cf4:	e7fb      	b.n	20000cee <dcd_event_handler+0xbe>
20000cf6:	4b29      	ldr	r3, [pc, #164]	; (20000d9c <dcd_event_handler+0x16c>)
20000cf8:	681c      	ldr	r4, [r3, #0]
20000cfa:	6962      	ldr	r2, [r4, #20]
20000cfc:	f3ef 8110 	mrs	r1, PRIMASK
20000d00:	b672      	cpsid	i
20000d02:	6813      	ldr	r3, [r2, #0]
20000d04:	2b00      	cmp	r3, #0
20000d06:	d0fc      	beq.n	20000d02 <dcd_event_handler+0xd2>
20000d08:	f3bf 8f5f 	dmb	sy
20000d0c:	61a1      	str	r1, [r4, #24]
20000d0e:	0029      	movs	r1, r5
20000d10:	0020      	movs	r0, r4
20000d12:	f000 f8d1 	bl	20000eb8 <__tu_fifo_write_veneer>
20000d16:	6962      	ldr	r2, [r4, #20]
20000d18:	69a3      	ldr	r3, [r4, #24]
20000d1a:	f3bf 8f5f 	dmb	sy
20000d1e:	2100      	movs	r1, #0
20000d20:	6011      	str	r1, [r2, #0]
20000d22:	f383 8810 	msr	PRIMASK, r3
20000d26:	b005      	add	sp, #20
20000d28:	bdf0      	pop	{r4, r5, r6, r7, pc}
20000d2a:	4b1b      	ldr	r3, [pc, #108]	; (20000d98 <dcd_event_handler+0x168>)
20000d2c:	781a      	ldrb	r2, [r3, #0]
20000d2e:	07d2      	lsls	r2, r2, #31
20000d30:	d5f9      	bpl.n	20000d26 <dcd_event_handler+0xf6>
20000d32:	2104      	movs	r1, #4
20000d34:	781a      	ldrb	r2, [r3, #0]
20000d36:	430a      	orrs	r2, r1
20000d38:	701a      	strb	r2, [r3, #0]
20000d3a:	4b18      	ldr	r3, [pc, #96]	; (20000d9c <dcd_event_handler+0x16c>)
20000d3c:	681c      	ldr	r4, [r3, #0]
20000d3e:	6962      	ldr	r2, [r4, #20]
20000d40:	f3ef 8110 	mrs	r1, PRIMASK
20000d44:	b672      	cpsid	i
20000d46:	6813      	ldr	r3, [r2, #0]
20000d48:	2b00      	cmp	r3, #0
20000d4a:	d1dd      	bne.n	20000d08 <dcd_event_handler+0xd8>
20000d4c:	e7fb      	b.n	20000d46 <dcd_event_handler+0x116>
20000d4e:	2001      	movs	r0, #1
20000d50:	4a11      	ldr	r2, [pc, #68]	; (20000d98 <dcd_event_handler+0x168>)
20000d52:	7811      	ldrb	r1, [r2, #0]
20000d54:	4381      	bics	r1, r0
20000d56:	7011      	strb	r1, [r2, #0]
20000d58:	7811      	ldrb	r1, [r2, #0]
20000d5a:	4399      	bics	r1, r3
20000d5c:	2300      	movs	r3, #0
20000d5e:	7011      	strb	r1, [r2, #0]
20000d60:	2104      	movs	r1, #4
20000d62:	7053      	strb	r3, [r2, #1]
20000d64:	7813      	ldrb	r3, [r2, #0]
20000d66:	438b      	bics	r3, r1
20000d68:	7013      	strb	r3, [r2, #0]
20000d6a:	4b0c      	ldr	r3, [pc, #48]	; (20000d9c <dcd_event_handler+0x16c>)
20000d6c:	681c      	ldr	r4, [r3, #0]
20000d6e:	6962      	ldr	r2, [r4, #20]
20000d70:	f3ef 8110 	mrs	r1, PRIMASK
20000d74:	b672      	cpsid	i
20000d76:	6813      	ldr	r3, [r2, #0]
20000d78:	2b00      	cmp	r3, #0
20000d7a:	d1c5      	bne.n	20000d08 <dcd_event_handler+0xd8>
20000d7c:	e7fb      	b.n	20000d76 <dcd_event_handler+0x146>
20000d7e:	2200      	movs	r2, #0
20000d80:	3201      	adds	r2, #1
20000d82:	b2d2      	uxtb	r2, r2
20000d84:	429a      	cmp	r2, r3
20000d86:	d9fb      	bls.n	20000d80 <dcd_event_handler+0x150>
20000d88:	e781      	b.n	20000c8e <dcd_event_handler+0x5e>
20000d8a:	46c0      	nop			; (mov r8, r8)
20000d8c:	2000266c 	.word	0x2000266c
20000d90:	100066c1 	.word	0x100066c1
20000d94:	20001bac 	.word	0x20001bac
20000d98:	20001ed4 	.word	0x20001ed4
20000d9c:	20001f2c 	.word	0x20001f2c

20000da0 <spi_write_read_blocking>:
20000da0:	b5f0      	push	{r4, r5, r6, r7, lr}
20000da2:	464f      	mov	r7, r9
20000da4:	4646      	mov	r6, r8
20000da6:	46d6      	mov	lr, sl
20000da8:	4689      	mov	r9, r1
20000daa:	b5c0      	push	{r6, r7, lr}
20000dac:	0006      	movs	r6, r0
20000dae:	1e18      	subs	r0, r3, #0
20000db0:	d01b      	beq.n	20000dea <spi_write_read_blocking+0x4a>
20000db2:	001d      	movs	r5, r3
20000db4:	001c      	movs	r4, r3
20000db6:	2302      	movs	r3, #2
20000db8:	4698      	mov	r8, r3
20000dba:	3302      	adds	r3, #2
20000dbc:	469c      	mov	ip, r3
20000dbe:	2d00      	cmp	r5, #0
20000dc0:	d018      	beq.n	20000df4 <spi_write_read_blocking+0x54>
20000dc2:	002b      	movs	r3, r5
20000dc4:	3308      	adds	r3, #8
20000dc6:	4641      	mov	r1, r8
20000dc8:	68f7      	ldr	r7, [r6, #12]
20000dca:	4239      	tst	r1, r7
20000dcc:	d01f      	beq.n	20000e0e <spi_write_read_blocking+0x6e>
20000dce:	42a3      	cmp	r3, r4
20000dd0:	d91d      	bls.n	20000e0e <spi_write_read_blocking+0x6e>
20000dd2:	2101      	movs	r1, #1
20000dd4:	464b      	mov	r3, r9
20000dd6:	468a      	mov	sl, r1
20000dd8:	781b      	ldrb	r3, [r3, #0]
20000dda:	3d01      	subs	r5, #1
20000ddc:	60b3      	str	r3, [r6, #8]
20000dde:	44d1      	add	r9, sl
20000de0:	002b      	movs	r3, r5
20000de2:	2c00      	cmp	r4, #0
20000de4:	d108      	bne.n	20000df8 <spi_write_read_blocking+0x58>
20000de6:	2b00      	cmp	r3, #0
20000de8:	d1e9      	bne.n	20000dbe <spi_write_read_blocking+0x1e>
20000dea:	bce0      	pop	{r5, r6, r7}
20000dec:	46ba      	mov	sl, r7
20000dee:	46b1      	mov	r9, r6
20000df0:	46a8      	mov	r8, r5
20000df2:	bdf0      	pop	{r4, r5, r6, r7, pc}
20000df4:	2c00      	cmp	r4, #0
20000df6:	d0f8      	beq.n	20000dea <spi_write_read_blocking+0x4a>
20000df8:	4663      	mov	r3, ip
20000dfa:	68f7      	ldr	r7, [r6, #12]
20000dfc:	423b      	tst	r3, r7
20000dfe:	d0de      	beq.n	20000dbe <spi_write_read_blocking+0x1e>
20000e00:	68b3      	ldr	r3, [r6, #8]
20000e02:	3c01      	subs	r4, #1
20000e04:	7013      	strb	r3, [r2, #0]
20000e06:	0023      	movs	r3, r4
20000e08:	3201      	adds	r2, #1
20000e0a:	432b      	orrs	r3, r5
20000e0c:	e7eb      	b.n	20000de6 <spi_write_read_blocking+0x46>
20000e0e:	2c00      	cmp	r4, #0
20000e10:	d1f2      	bne.n	20000df8 <spi_write_read_blocking+0x58>
20000e12:	e7d8      	b.n	20000dc6 <spi_write_read_blocking+0x26>

20000e14 <spi_write_blocking>:
20000e14:	b530      	push	{r4, r5, lr}
20000e16:	0004      	movs	r4, r0
20000e18:	1e10      	subs	r0, r2, #0
20000e1a:	d00a      	beq.n	20000e32 <spi_write_blocking+0x1e>
20000e1c:	000a      	movs	r2, r1
20000e1e:	180d      	adds	r5, r1, r0
20000e20:	2102      	movs	r1, #2
20000e22:	68e3      	ldr	r3, [r4, #12]
20000e24:	4219      	tst	r1, r3
20000e26:	d0fc      	beq.n	20000e22 <spi_write_blocking+0xe>
20000e28:	7813      	ldrb	r3, [r2, #0]
20000e2a:	3201      	adds	r2, #1
20000e2c:	60a3      	str	r3, [r4, #8]
20000e2e:	4295      	cmp	r5, r2
20000e30:	d1f7      	bne.n	20000e22 <spi_write_blocking+0xe>
20000e32:	68e3      	ldr	r3, [r4, #12]
20000e34:	075b      	lsls	r3, r3, #29
20000e36:	d504      	bpl.n	20000e42 <spi_write_blocking+0x2e>
20000e38:	2104      	movs	r1, #4
20000e3a:	68a3      	ldr	r3, [r4, #8]
20000e3c:	68e3      	ldr	r3, [r4, #12]
20000e3e:	4219      	tst	r1, r3
20000e40:	d1fb      	bne.n	20000e3a <spi_write_blocking+0x26>
20000e42:	2110      	movs	r1, #16
20000e44:	68e3      	ldr	r3, [r4, #12]
20000e46:	4219      	tst	r1, r3
20000e48:	d1fc      	bne.n	20000e44 <spi_write_blocking+0x30>
20000e4a:	68e3      	ldr	r3, [r4, #12]
20000e4c:	075b      	lsls	r3, r3, #29
20000e4e:	d504      	bpl.n	20000e5a <spi_write_blocking+0x46>
20000e50:	2104      	movs	r1, #4
20000e52:	68a3      	ldr	r3, [r4, #8]
20000e54:	68e3      	ldr	r3, [r4, #12]
20000e56:	4219      	tst	r1, r3
20000e58:	d1fb      	bne.n	20000e52 <spi_write_blocking+0x3e>
20000e5a:	2301      	movs	r3, #1
20000e5c:	6223      	str	r3, [r4, #32]
20000e5e:	bd30      	pop	{r4, r5, pc}

20000e60 <__aeabi_idiv0>:
20000e60:	4770      	bx	lr
20000e62:	46c0      	nop			; (mov r8, r8)
20000e64:	0000      	movs	r0, r0
	...

20000e68 <__time_us_64_veneer>:
20000e68:	b401      	push	{r0}
20000e6a:	4802      	ldr	r0, [pc, #8]	; (20000e74 <__time_us_64_veneer+0xc>)
20000e6c:	4684      	mov	ip, r0
20000e6e:	bc01      	pop	{r0}
20000e70:	4760      	bx	ip
20000e72:	bf00      	nop
20000e74:	10002495 	.word	0x10002495

20000e78 <__best_effort_wfe_or_timeout_veneer>:
20000e78:	b401      	push	{r0}
20000e7a:	4802      	ldr	r0, [pc, #8]	; (20000e84 <__best_effort_wfe_or_timeout_veneer+0xc>)
20000e7c:	4684      	mov	ip, r0
20000e7e:	bc01      	pop	{r0}
20000e80:	4760      	bx	ip
20000e82:	bf00      	nop
20000e84:	100022ed 	.word	0x100022ed

20000e88 <____wrap___aeabi_lmul_veneer>:
20000e88:	b401      	push	{r0}
20000e8a:	4802      	ldr	r0, [pc, #8]	; (20000e94 <____wrap___aeabi_lmul_veneer+0xc>)
20000e8c:	4684      	mov	ip, r0
20000e8e:	bc01      	pop	{r0}
20000e90:	4760      	bx	ip
20000e92:	bf00      	nop
20000e94:	100060f1 	.word	0x100060f1

20000e98 <____wrap_memcpy_veneer>:
20000e98:	b401      	push	{r0}
20000e9a:	4802      	ldr	r0, [pc, #8]	; (20000ea4 <____wrap_memcpy_veneer+0xc>)
20000e9c:	4684      	mov	ip, r0
20000e9e:	bc01      	pop	{r0}
20000ea0:	4760      	bx	ip
20000ea2:	bf00      	nop
20000ea4:	100061f5 	.word	0x100061f5

20000ea8 <__panic_veneer>:
20000ea8:	b401      	push	{r0}
20000eaa:	4802      	ldr	r0, [pc, #8]	; (20000eb4 <__panic_veneer+0xc>)
20000eac:	4684      	mov	ip, r0
20000eae:	bc01      	pop	{r0}
20000eb0:	4760      	bx	ip
20000eb2:	bf00      	nop
20000eb4:	10003099 	.word	0x10003099

20000eb8 <__tu_fifo_write_veneer>:
20000eb8:	b401      	push	{r0}
20000eba:	4802      	ldr	r0, [pc, #8]	; (20000ec4 <__tu_fifo_write_veneer+0xc>)
20000ebc:	4684      	mov	ip, r0
20000ebe:	bc01      	pop	{r0}
20000ec0:	4760      	bx	ip
20000ec2:	bf00      	nop
20000ec4:	10008679 	.word	0x10008679

20000ec8 <____wrap_memset_veneer>:
20000ec8:	b401      	push	{r0}
20000eca:	4802      	ldr	r0, [pc, #8]	; (20000ed4 <____wrap_memset_veneer+0xc>)
20000ecc:	4684      	mov	ip, r0
20000ece:	bc01      	pop	{r0}
20000ed0:	4760      	bx	ip
20000ed2:	bf00      	nop
20000ed4:	100061e9 	.word	0x100061e9

20000ed8 <packet_hdr_1352>:
20000ed8:	aaaaaaaa de510b93 00000000              ......Q.....

20000ee4 <packet_hdr_2500>:
20000ee4:	aaaaaaaa 91d391d3 00000000              ............

20000ef0 <seed>:
20000ef0:	0000abcd                                ....

20000ef4 <cc2500_receiver>:
20000ef4:	05080602 7c0e0a0b 0b10080f 0312f111     .......|........
20000f04:	ff142313 18187615 1c1a1d19 001cc71b     .#...v..........
20000f14:	b621b01d 11260025                       ..!.%.&.

20000f1c <striped_spin_lock_num>:
20000f1c:	00000010                                ....

20000f20 <irq_handler_chain_slots>:
20000f20:	00000000 	.word	0x00000000
20000f24:	00010000 	.word	0x00010000
	...
20000f30:	00020000 	.word	0x00020000
	...
20000f3c:	00030000 	.word	0x00030000
	...
20000f48:	00ff0000 	.word	0x00ff0000
20000f4c:	00000000 	.word	0x00000000

20000f50 <irq_handler_chain_first_slot>:
20000f50:	b501      	push	{r0, lr}
20000f52:	6848      	ldr	r0, [r1, #4]
20000f54:	3101      	adds	r1, #1
20000f56:	468e      	mov	lr, r1
20000f58:	4700      	bx	r0

20000f5a <irq_handler_chain_remove_tail>:
20000f5a:	4670      	mov	r0, lr
20000f5c:	3809      	subs	r0, #9
20000f5e:	4901      	ldr	r1, [pc, #4]	; (20000f64 <irq_handler_chain_remove_tail+0xa>)
20000f60:	4788      	blx	r1
20000f62:	bd01      	pop	{r0, pc}
20000f64:	10001b45 	.word	0x10001b45

20000f68 <default_alarm_pool>:
20000f68:	20000f80 00000000 20001850 2000215c     ... ....P.. \!. 
	...

20000f80 <default_alarm_pool_heap>:
20000f80:	2000216c 00000000 00000000 00000010     l!. ............

20000f90 <aeabi_bits_funcs>:
20000f90:	00003350 	.word	0x00003350
20000f94:	0000334c 	.word	0x0000334c
20000f98:	00003354 	.word	0x00003354
20000f9c:	00003352 	.word	0x00003352

20000fa0 <aeabi_bits_funcs_end>:
20000fa0:	0000534d 	.word	0x0000534d
20000fa4:	0000434d 	.word	0x0000434d
20000fa8:	00003453 	.word	0x00003453
20000fac:	00003443 	.word	0x00003443

20000fb0 <stdio_usb>:
20000fb0:	10006809 00000000 10006779 10006701     .h......yg...g..
20000fc0:	00000000 00000100                       ........

20000fc8 <ep_dir_string>:
20000fc8:	1000a1a4 1000a1a8                       ........

20000fd0 <_usbd_qdef>:
20000fd0:	20001f30 000c0010 00000000 00000000     0.. ............
	...

20000fec <_usbd_rhport>:
20000fec:	000000ff                                ....

20000ff0 <_impure_ptr>:
20000ff0:	20000ff8 00000000                       ... ....

20000ff8 <impure_data>:
20000ff8:	00000000 200012e4 2000134c 200013b4     ....... L.. ... 
	...
200010a0:	00000001 00000000 abcd330e e66d1234     .........3..4.m.
200010b0:	0005deec 0000000b 00000000 00000000     ................
	...

20001420 <__malloc_av_>:
	...
20001428:	20001420 20001420 20001428 20001428      ..  .. (.. (.. 
20001438:	20001430 20001430 20001438 20001438     0.. 0.. 8.. 8.. 
20001448:	20001440 20001440 20001448 20001448     @.. @.. H.. H.. 
20001458:	20001450 20001450 20001458 20001458     P.. P.. X.. X.. 
20001468:	20001460 20001460 20001468 20001468     `.. `.. h.. h.. 
20001478:	20001470 20001470 20001478 20001478     p.. p.. x.. x.. 
20001488:	20001480 20001480 20001488 20001488     ... ... ... ... 
20001498:	20001490 20001490 20001498 20001498     ... ... ... ... 
200014a8:	200014a0 200014a0 200014a8 200014a8     ... ... ... ... 
200014b8:	200014b0 200014b0 200014b8 200014b8     ... ... ... ... 
200014c8:	200014c0 200014c0 200014c8 200014c8     ... ... ... ... 
200014d8:	200014d0 200014d0 200014d8 200014d8     ... ... ... ... 
200014e8:	200014e0 200014e0 200014e8 200014e8     ... ... ... ... 
200014f8:	200014f0 200014f0 200014f8 200014f8     ... ... ... ... 
20001508:	20001500 20001500 20001508 20001508     ... ... ... ... 
20001518:	20001510 20001510 20001518 20001518     ... ... ... ... 
20001528:	20001520 20001520 20001528 20001528      ..  .. (.. (.. 
20001538:	20001530 20001530 20001538 20001538     0.. 0.. 8.. 8.. 
20001548:	20001540 20001540 20001548 20001548     @.. @.. H.. H.. 
20001558:	20001550 20001550 20001558 20001558     P.. P.. X.. X.. 
20001568:	20001560 20001560 20001568 20001568     `.. `.. h.. h.. 
20001578:	20001570 20001570 20001578 20001578     p.. p.. x.. x.. 
20001588:	20001580 20001580 20001588 20001588     ... ... ... ... 
20001598:	20001590 20001590 20001598 20001598     ... ... ... ... 
200015a8:	200015a0 200015a0 200015a8 200015a8     ... ... ... ... 
200015b8:	200015b0 200015b0 200015b8 200015b8     ... ... ... ... 
200015c8:	200015c0 200015c0 200015c8 200015c8     ... ... ... ... 
200015d8:	200015d0 200015d0 200015d8 200015d8     ... ... ... ... 
200015e8:	200015e0 200015e0 200015e8 200015e8     ... ... ... ... 
200015f8:	200015f0 200015f0 200015f8 200015f8     ... ... ... ... 
20001608:	20001600 20001600 20001608 20001608     ... ... ... ... 
20001618:	20001610 20001610 20001618 20001618     ... ... ... ... 
20001628:	20001620 20001620 20001628 20001628      ..  .. (.. (.. 
20001638:	20001630 20001630 20001638 20001638     0.. 0.. 8.. 8.. 
20001648:	20001640 20001640 20001648 20001648     @.. @.. H.. H.. 
20001658:	20001650 20001650 20001658 20001658     P.. P.. X.. X.. 
20001668:	20001660 20001660 20001668 20001668     `.. `.. h.. h.. 
20001678:	20001670 20001670 20001678 20001678     p.. p.. x.. x.. 
20001688:	20001680 20001680 20001688 20001688     ... ... ... ... 
20001698:	20001690 20001690 20001698 20001698     ... ... ... ... 
200016a8:	200016a0 200016a0 200016a8 200016a8     ... ... ... ... 
200016b8:	200016b0 200016b0 200016b8 200016b8     ... ... ... ... 
200016c8:	200016c0 200016c0 200016c8 200016c8     ... ... ... ... 
200016d8:	200016d0 200016d0 200016d8 200016d8     ... ... ... ... 
200016e8:	200016e0 200016e0 200016e8 200016e8     ... ... ... ... 
200016f8:	200016f0 200016f0 200016f8 200016f8     ... ... ... ... 
20001708:	20001700 20001700 20001708 20001708     ... ... ... ... 
20001718:	20001710 20001710 20001718 20001718     ... ... ... ... 
20001728:	20001720 20001720 20001728 20001728      ..  .. (.. (.. 
20001738:	20001730 20001730 20001738 20001738     0.. 0.. 8.. 8.. 
20001748:	20001740 20001740 20001748 20001748     @.. @.. H.. H.. 
20001758:	20001750 20001750 20001758 20001758     P.. P.. X.. X.. 
20001768:	20001760 20001760 20001768 20001768     `.. `.. h.. h.. 
20001778:	20001770 20001770 20001778 20001778     p.. p.. x.. x.. 
20001788:	20001780 20001780 20001788 20001788     ... ... ... ... 
20001798:	20001790 20001790 20001798 20001798     ... ... ... ... 
200017a8:	200017a0 200017a0 200017a8 200017a8     ... ... ... ... 
200017b8:	200017b0 200017b0 200017b8 200017b8     ... ... ... ... 
200017c8:	200017c0 200017c0 200017c8 200017c8     ... ... ... ... 
200017d8:	200017d0 200017d0 200017d8 200017d8     ... ... ... ... 
200017e8:	200017e0 200017e0 200017e8 200017e8     ... ... ... ... 
200017f8:	200017f0 200017f0 200017f8 200017f8     ... ... ... ... 
20001808:	20001800 20001800 20001808 20001808     ... ... ... ... 
20001818:	20001810 20001810 20001818 20001818     ... ... ... ... 

20001828 <__malloc_sbrk_base>:
20001828:	ffffffff                                ....

2000182c <__malloc_trim_threshold>:
2000182c:	00020000                                ....

20001830 <print_mutex>:
	...

20001838 <__mutex_array_end>:
20001838:	100061d9 	.word	0x100061d9
2000183c:	10004699 	.word	0x10004699
20001840:	10004e45 	.word	0x10004e45
20001844:	10006125 	.word	0x10006125

20001848 <__frame_dummy_init_array_entry>:
20001848:	100002e5 10006b3d                       ....=k..
